"method","mis_type","rho","n","convergence_rate","MSPE_mean","MSPE_MCSE","beta_MSE_mean","beta_MSE_MCSE","beta_SSE_mean","beta_SSE_MCSE","intercept_MSE_mean","intercept_MSE_MCSE","Var_a_hat_mean","Var_a_hat_MCSE","Var_b_hat_mean","Var_b_hat_MCSE","Var_e_hat_mean","Var_e_hat_MCSE","Var_a_MSE_mean","Var_a_MSE_MCSE","Var_b_MSE_mean","Var_b_MSE_MCSE","Var_e_MSE_mean","Var_e_MSE_MCSE","G_MSE_mean","G_MSE_MCSE","selected_K_mean","selected_K_MCSE","runtime_mean","runtime_MCSE","iterations_mean","iterations_MCSE","group_ARI_mean","group_ARI_MCSE","case","R_setting","Var_a_setting","file"
"BLM","contam",0.25,50,1,9.22732142908481,0.0371791946806173,0.00363895529252462,0.000112382587480125,0.181947764626231,0.00561912937400624,0.0680151280194785,0.0154620048734139,0.291939521994822,0.0218335259040863,NA,NA,9.13940070754238,0.0199676232618888,0.0666476023245591,0.00725996528042504,NA,NA,0.0389691502210248,0.00699665165533158,NA,NA,6,0,0.0813599999997814,0.00598267976270432,5.66,0.150129196061939,0.404854712628518,0.00702113499945771,1,10,0.5,"RI_case1_R10_vara0.5_contam_rho25.rds"
"CIRG","contam",0.25,50,1,10.582214533923,0.0720897408897661,0.00743031333806049,0.000243431725043304,0.371515666903024,0.0121715862521652,0.061015593771628,0.0178302726549531,6.77741841673747,0.0998870241649444,NA,NA,2.70580102008863,0.0738334585610164,39.8948754410246,1.25391558910953,NA,NA,39.8840583992683,0.911638384165438,NA,NA,3.62,0.193549023479314,168.3766,30.5387991611474,3.6,0.0699854212223765,3.54577141555138e-05,0.000103187728963162,1,10,0.5,"RI_case1_R10_vara0.5_contam_rho25.rds"
"CPF","contam",0.25,50,1,9.22527517164524,0.0372078918453405,0.00363897524175826,0.000112262789098509,0.181948762087913,0.00561313945492544,0.0553192147433948,0.0146228141864781,0.239737701337031,0.0146134349293844,NA,NA,9.14245745083171,0.0199695695329692,0.0782005356466648,0.00682482839276234,NA,NA,0.0398345269567408,0.00708349241107987,NA,NA,9.38,0.117421271931626,0.313719999999815,0.0171012122735489,6.5,0.174379365939053,0.553461824817184,0.00560762568695635,1,10,0.5,"RI_case1_R10_vara0.5_contam_rho25.rds"
"KM","contam",0.25,50,1,9.46283674933653,0.0483838713015387,0.00376345863838153,0.000116668520230546,0.188172931919076,0.00583342601152731,0.0552286063605299,0.0111446525904752,0.00015055407464465,8.62695904635519e-07,NA,NA,9.37500969300112,0.0314717714063799,0.249849468628353,8.62438142055219e-07,NA,NA,0.189165417222108,0.0277251957319644,NA,NA,2,0,223.46804,5.65968489394446,20.52,0.941228029800235,7.58728112981664e-05,6.20599855098823e-05,1,10,0.5,"RI_case1_R10_vara0.5_contam_rho25.rds"
"LM","contam",0.25,50,1,9.4628369869807,0.0483828565700568,0.00376390178732825,0.00011665113905886,0.188195089366412,0.005832556952943,0.0552279930549428,0.0111446428431341,0,0,NA,NA,9.37489588937019,0.0314706925479972,0.25,0,NA,NA,0.189076747849741,0.027717231575688,NA,NA,1,0,0.0151599999999407,0.00310856092435614,1,0,NA,NA,1,10,0.5,"RI_case1_R10_vara0.5_contam_rho25.rds"
"OBS","contam",0.25,50,1,9.22521672489091,0.0372019550855437,0.00363902787530373,0.000112268697602823,0.181951393765186,0.00561343488014113,0.0546819821536386,0.0138304006314652,0.232104173147588,0.014402257567511,NA,NA,9.14315176657925,0.0199614066214226,0.0819320001739433,0.0070142742703023,NA,NA,0.0400168582357419,0.00712535611839001,NA,NA,10,0,0.0610800000000462,0.00231161044668264,6.7,0.196396101212393,0.574747545000269,0.00158701924397907,1,10,0.5,"RI_case1_R10_vara0.5_contam_rho25.rds"
"ORACLE","contam",0.25,50,1,9.03875028399534,0.0320347348471533,0.0036053705818953,0.000105638792918846,0.180268529094765,0.00528193964594232,0.0553107778295266,0.0140387861047788,0.418423238076274,0.0257445243767212,NA,NA,8.95048289670477,0.01650647624081,0.0391310143197562,0.00587303238067315,NA,NA,0.0158026676552836,0.00248381244719325,NA,NA,10,0,0.050399999999885,0.00150942616479813,5.56,0.143313556616965,1,0,1,10,0.5,"RI_case1_R10_vara0.5_contam_rho25.rds"
"BLM","contam",0.25,50,1,9.89272572421461,0.0711506998563096,0.00386219053673303,0.000122568375602611,0.193109526836652,0.00612841878013055,0.300824558434169,0.0683623262522969,1.27054060147622,0.0943772282099387,NA,NA,9.80935128796018,0.0595950032350204,1.39578671238152,0.141486295215939,NA,NA,0.829076163441326,0.112021911746797,NA,NA,6,0,0.0543199999996432,0.000666051416767814,4.52,0.0868496237346895,0.398232206163362,0.00751204730728756,1,10,2.25,"RI_case1_R10_vara2.25_contam_rho25.rds"
"CIRG","contam",0.25,50,1,12.2765389936062,0.170371614049307,0.0088125918154006,0.000292248068878533,0.44062959077003,0.0146124034439267,0.228652343687161,0.0419405044776488,7.67618906069642,0.144988925054758,NA,NA,3.24480417604362,0.0910073358919995,30.4735953534597,1.70201002947329,NA,NA,33.5281133962068,1.04098916223253,NA,NA,3.64,0.256761622156125,208.331740000001,49.9165816270551,3.66,0.0676726816132972,9.03621969813429e-05,9.14267244675921e-05,1,10,2.25,"RI_case1_R10_vara2.25_contam_rho25.rds"
"CPF","contam",0.25,50,1,9.88688641395194,0.0706523900845106,0.00385921931842413,0.000122773337974594,0.192960965921207,0.0061386668987297,0.233437625789052,0.0618334102925571,1.06881029697887,0.063455690408639,NA,NA,9.80883098164772,0.0593764414256449,1.59251372213977,0.138986834163508,NA,NA,0.826960084895491,0.111729422057787,NA,NA,9.32,0.0966373401445015,0.281840000000229,0.0102202424189088,4.4,0.0989743318610787,0.558312195235243,0.00419486183279292,1,10,2.25,"RI_case1_R10_vara2.25_contam_rho25.rds"
"KM","contam",0.25,50,1,10.9852939059542,0.142068141618071,0.00435403600957071,0.000140397247340914,0.217701800478536,0.00701986236704572,0.238669092431662,0.0488352824344661,0.000164248316817863,1.42004669427041e-06,NA,NA,10.8778522992104,0.128483292640526,5.06176090965064,6.38972968253604e-06,NA,NA,4.33521912554951,0.560354431307197,NA,NA,2,0,199.80254,4.3924129180463,22.58,1.14823378121641,7.58728112981664e-05,6.20599855098823e-05,1,10,2.25,"RI_case1_R10_vara2.25_contam_rho25.rds"
"LM","contam",0.25,50,1,10.985290480817,0.142068382732352,0.00435444008451548,0.000140404771650553,0.217722004225774,0.00702023858252764,0.238668741919835,0.0488352946490764,0,0,NA,NA,10.8777348118281,0.128482816598211,5.0625,0,NA,NA,4.33477189744062,0.560321617807944,NA,NA,1,0,0.00818000000006578,0.000220740867513025,1,0,NA,NA,1,10,2.25,"RI_case1_R10_vara2.25_contam_rho25.rds"
"OBS","contam",0.25,50,1,9.88687578380326,0.0706693239272016,0.00385894452000408,0.000122699471465876,0.192947226000204,0.0061349735732938,0.223357601632241,0.058123032681798,1.05678857674243,0.0627692958947905,NA,NA,9.80964383937491,0.0593497010705531,1.61681274144162,0.138477579692798,NA,NA,0.828120110478784,0.111764406841552,NA,NA,10,0,0.0396399999996356,0.00123081522677617,4.62,0.0851888658050033,0.574747545000269,0.00158701924397907,1,10,2.25,"RI_case1_R10_vara2.25_contam_rho25.rds"
"ORACLE","contam",0.25,50,1,9.03874649446523,0.0320993264512902,0.00360485557804293,0.000105477497147952,0.180242778902147,0.00527387485739762,0.229749288175901,0.0603688300067024,1.88901011888107,0.111173835960635,NA,NA,8.95053121094576,0.0164994264938378,0.735935162578163,0.107435224945677,NA,NA,0.015786483747145,0.00248188277474162,NA,NA,10,0,0.03566000000028,0.000464766783740259,4.26,0.0626620348556037,1,0,1,10,2.25,"RI_case1_R10_vara2.25_contam_rho25.rds"
"BLM","contam",0.25,50,1,9.25371931211082,0.0333118739103075,0.00376403536769132,0.000111709931140502,0.188201768384566,0.0055854965570251,0.0475747262965809,0.00962295962291967,0.403253892087465,0.0242552006105764,NA,NA,9.14577692421825,0.0186102617373499,0.0381872324725298,0.00835572787146593,NA,NA,0.0382216618892335,0.00622990335303203,NA,NA,7,0,0.0622600000002421,0.00171614423051895,5.94,0.14116136373755,0.258998968733212,0.00522807744428637,1,20,0.5,"RI_case1_R20_vara0.5_contam_rho25.rds"
"CIRG","contam",0.25,50,1,10.6300880896416,0.0689060782181361,0.0079148234460417,0.000264491736188749,0.395741172302085,0.0132245868094374,0.0346636800553768,0.00620519405308898,6.83049719655896,0.101720238327029,NA,NA,2.72234591823289,0.0731964180975674,40.5821980930209,1.30223185092401,NA,NA,39.6714688358206,0.897708060924996,NA,NA,3.68,0.208864764371395,132.082800000001,28.7674098451986,3.74,0.0626620348556037,-2.10750939444491e-05,7.84075457828557e-05,1,20,0.5,"RI_case1_R20_vara0.5_contam_rho25.rds"
"CPF","contam",0.25,50,1,9.251451201657,0.0332256113994771,0.00376578248748691,0.000112279095657262,0.188289124374346,0.00561395478286311,0.0318195042952972,0.00682901888481168,0.297264092430148,0.0159023930867994,NA,NA,9.15222647461927,0.0186078081634788,0.0534932674066389,0.00559953474456605,NA,NA,0.0401391752828038,0.0064614529105409,NA,NA,14.04,0.193696585790609,0.356519999999873,0.00514573252939898,6.84,0.146691401748496,0.45485643641646,0.00853210805386904,1,20,0.5,"RI_case1_R20_vara0.5_contam_rho25.rds"
"KM","contam",0.25,50,1,9.49822572190326,0.0406029183679135,0.00388467772111235,0.000123573243529762,0.194233886055618,0.00617866217648812,0.0359688758584006,0.00653288472354953,0.000152505575272259,2.4888478924572e-06,NA,NA,9.42511418401367,0.0270835750471169,0.249847517986202,2.48794774371537e-06,NA,NA,0.216664551278917,0.0237053657271337,NA,NA,2,0,188.47338,3.55881452824403,24.08,2.08372507881477,2.69560668569231e-05,4.64910761132212e-05,1,20,0.5,"RI_case1_R20_vara0.5_contam_rho25.rds"
"LM","contam",0.25,50,1,9.49824157151595,0.0406050380430249,0.003884313782098,0.000123516425577288,0.1942156891049,0.00617582127886439,0.0359650568760803,0.00653219358675416,0,0,NA,NA,9.42501663815819,0.0270808042185332,0.25,0,NA,NA,0.216574270610294,0.0236973931550386,NA,NA,1,0,0.0101799999996729,0.00154673850407995,1,0,NA,NA,1,20,0.5,"RI_case1_R20_vara0.5_contam_rho25.rds"
"OBS","contam",0.25,50,1,9.25115730562215,0.0332874191138664,0.00376641586409279,0.000112623832486243,0.188320793204639,0.00563119162431216,0.0287300145996581,0.00611852963565331,0.266041717510736,0.0144292495107776,NA,NA,9.15847547604344,0.0186273131986291,0.0649384367760955,0.00562834038632314,NA,NA,0.0421163395601863,0.00667124390528606,NA,NA,20,0,0.0578199999997742,0.00117653590458123,8.06,0.186065601773314,0.569457397804223,0.000945251283675142,1,20,0.5,"RI_case1_R20_vara0.5_contam_rho25.rds"
"ORACLE","contam",0.25,50,1,9.04883707513623,0.0317946104467421,0.00367427818892724,0.000110710491230187,0.183713909446362,0.00553552456150935,0.029704354365771,0.0066327995645353,0.478527268518432,0.0251481924831894,NA,NA,8.9474359515574,0.0164296867470104,0.0314502258706851,0.00800383910930065,NA,NA,0.015989774912316,0.00248297075829081,NA,NA,20,0,0.048179999999993,0.000951342767413551,6.56,0.154285714285714,1,0,1,20,0.5,"RI_case1_R20_vara0.5_contam_rho25.rds"
"BLM","contam",0.25,50,1,9.98895583724067,0.0552918036727018,0.00408275838967933,0.000125997600805538,0.204137919483966,0.0062998800402769,0.198257670270209,0.0444099607560377,1.7228949220201,0.0989614826187599,NA,NA,9.87409721264327,0.0474564891170054,0.757715140295248,0.132295048594055,NA,NA,0.874399736757046,0.0923228535637234,NA,NA,7,0,0.0737400000002526,0.00365522382702996,4.52,0.0914285714285714,0.273225676477573,0.00407235474816909,1,20,2.25,"RI_case1_R20_vara2.25_contam_rho25.rds"
"CIRG","contam",0.25,50,1,12.4819046268938,0.134754194555798,0.00910987976122519,0.000260008034958407,0.455493988061259,0.0130004017479204,0.157579787671896,0.032001810459656,8.16221244965613,0.141691355811625,NA,NA,3.12047674923932,0.0895294001112687,35.938001625144,1.71195770741381,NA,NA,34.9615538169653,1.01562272084802,NA,NA,3.7,0.221773924232286,207.252579999999,42.840012613044,3.76,0.0610118757258932,8.13818034128722e-06,6.63509761550231e-05,1,20,2.25,"RI_case1_R20_vara2.25_contam_rho25.rds"
"CPF","contam",0.25,50,1,9.97535517694623,0.0546477564511553,0.00407716816675274,0.000125861509725674,0.203858408337637,0.00629307548628372,0.133062903037638,0.0289754481128003,1.3225363979827,0.0671738253710916,NA,NA,9.875940844888,0.0470740739353008,1.08129255100122,0.10131909757187,NA,NA,0.875854817149539,0.0914515349291491,NA,NA,14.84,0.21065495532762,0.583480000001728,0.030347339459066,4.76,0.0883407133356589,0.479300666649296,0.00657162936343683,1,20,2.25,"RI_case1_R20_vara2.25_contam_rho25.rds"
"KM","contam",0.25,50,1,11.1456137770717,0.108652703638004,0.00459565149836935,0.000165135345082635,0.229782574918467,0.00825676725413177,0.155059346000243,0.0283398677177723,0.000166082929970183,1.50785844793781e-06,NA,NA,11.0695679133571,0.100158694192876,5.06175265451008,6.78484296396566e-06,NA,NA,4.7746677850958,0.456431435365464,NA,NA,2,0,245.225980000001,5.14787617182084,23.64,1.221160371557,2.69560668569231e-05,4.64910761132212e-05,1,20,2.25,"RI_case1_R20_vara2.25_contam_rho25.rds"
"LM","contam",0.25,50,1,11.145631444129,0.1086542890349,0.00459546410370588,0.000165191567038636,0.229773205185294,0.0082595783519318,0.15505336055925,0.0283387464421686,0,0,NA,NA,11.0694563107114,0.100157125872073,5.0625,0,NA,NA,4.77419046522794,0.456398640733712,NA,NA,1,0,0.0177799999990384,0.00468843910318804,1,0,NA,NA,1,20,2.25,"RI_case1_R20_vara2.25_contam_rho25.rds"
"OBS","contam",0.25,50,1,9.97436349495871,0.0546637114870415,0.00407258794162853,0.000125959537834124,0.203629397081427,0.00629797689170622,0.117486973624741,0.0250643043265439,1.19333225493697,0.0573959409322845,NA,NA,9.87977090971722,0.0470876344138797,1.2779671311962,0.100346525667797,NA,NA,0.882641874004736,0.0919764621185837,NA,NA,20,0,0.0577399999991758,0.00415974979629125,5.04,0.0697517463756212,0.569457397804223,0.000945251283675142,1,20,2.25,"RI_case1_R20_vara2.25_contam_rho25.rds"
"ORACLE","contam",0.25,50,1,9.0501502920946,0.0318525031035055,0.00367524667715458,0.000110629462616414,0.183762333857729,0.0055314731308207,0.119493626719702,0.0260548933546992,2.13691160165057,0.103579395744409,NA,NA,8.94746455153627,0.0164314629105393,0.538494855757304,0.145249404070779,NA,NA,0.0159896290409266,0.0024885535473907,NA,NA,20,0,0.0523800000005576,0.00184277740691589,5.02,0.0450849538230271,1,0,1,20,2.25,"RI_case1_R20_vara2.25_contam_rho25.rds"
"BLM","contam",0.25,50,1,9.29148938799929,0.0326929976627875,0.00363256391658468,0.000101360667214024,0.181628195829234,0.00506803336070122,0.0228896325273345,0.00416415859700356,0.526190566848954,0.0182534095661752,NA,NA,9.11250010504988,0.0190627466267046,0.0170121068706059,0.00364859043465833,NA,NA,0.0304623007749762,0.00577770958440351,NA,NA,9.98,0.02,0.0943000000008033,0.00283624500247557,6.84,0.234494680327808,0.178972470518683,0.0029638325499513,1,50,0.5,"RI_case1_R50_vara0.5_contam_rho25.rds"
"CIRG","contam",0.25,50,1,10.5872525178116,0.0537518120961161,0.0074288167069354,0.000218110614058648,0.37144083534677,0.0109055307029324,0.0213053208783446,0.00405558737884996,6.85562277609472,0.101887918012745,NA,NA,2.7184503445348,0.076319287657845,40.9026171160255,1.31467833470305,NA,NA,39.7432731238364,0.935317571904064,NA,NA,3.54,0.183414329665189,181.02952,31.3239720137559,3.58,0.0705083581671604,-3.46292719105661e-05,4.34592514288851e-05,1,50,0.5,"RI_case1_R50_vara0.5_contam_rho25.rds"
"CPF","contam",0.25,50,1,9.38493946018561,0.0329950496621914,0.00364337729438826,0.000103582727537669,0.182168864719413,0.00517913637688345,0.105576118005078,0.0230799507235645,0.601765974618336,0.0428908555292936,NA,NA,9.26715168653256,0.0209794763869889,0.100497962503722,0.0329871969727155,NA,NA,0.0929368066613319,0.0125097392572254,NA,NA,5.54,0.315853233806657,1.01673999999999,0.0161452289026731,6,0.121218305346265,0.0205461678677618,0.00254873170961423,1,50,0.5,"RI_case1_R50_vara0.5_contam_rho25.rds"
"KM","contam",0.25,50,1,9.50852258428351,0.0346554504038224,0.00367134703708209,0.000106580696591564,0.183567351854104,0.00532903482957821,0.0151994610187322,0.00295426633359171,0.000281154125958175,0.000131205793932917,NA,NA,9.42520905090023,0.0242559987793933,0.249719768454742,0.000130305819796093,NA,NA,0.209632057329982,0.0234776394069715,NA,NA,2,0,241.40092,5.57072854311662,22.64,1.30078783035199,-2.79458370165056e-05,2.5161393946191e-05,1,50,0.5,"RI_case1_R50_vara0.5_contam_rho25.rds"
"LM","contam",0.25,50,1,9.50849889581125,0.0346565974576858,0.00367178001975909,0.00010671767026785,0.183589000987954,0.00533588351339252,0.0151918788734834,0.00295489914072098,0,0,NA,NA,9.42518013757352,0.0242483261144839,0.25,0,NA,NA,0.209589234035397,0.0234661325219431,NA,NA,1,0,0.010559999999241,0.0003581813470559,1,0,NA,NA,1,50,0.5,"RI_case1_R50_vara0.5_contam_rho25.rds"
"OBS","contam",0.25,50,1,9.28248717865661,0.0325991367387524,0.00362034196489148,0.000101585961045853,0.181017098244574,0.00507929805229267,0.0129618556494836,0.00292131547435715,0.270528252844387,0.0102257472364369,NA,NA,9.15791691319119,0.0191524956557845,0.057781012163281,0.00445452996383652,NA,NA,0.0429118378742301,0.00727874990958579,NA,NA,50,0,0.11706000000122,0.00286233955950347,12.42,0.298417595366778,0.565009465732287,0.000990438950699169,1,50,0.5,"RI_case1_R50_vara0.5_contam_rho25.rds"
"ORACLE","contam",0.25,50,1,9.07470243051699,0.0317995411869531,0.00354658063511809,0.000103267581557598,0.177329031755905,0.00516337907787992,0.0109584076667445,0.00245768979370591,0.481036104591849,0.015838135223938,NA,NA,8.95176205299598,0.0167758426244297,0.0126511091702668,0.0026801916041534,NA,NA,0.0161169154233843,0.00260793294837267,NA,NA,50,0,0.09033999999956,0.00307917428631349,9.16,0.188138030093192,1,0,1,50,0.5,"RI_case1_R50_vara0.5_contam_rho25.rds"
"BLM","contam",0.25,50,1,10.0485923203665,0.0442228724703064,0.00391453960090292,0.000102695400966949,0.195726980045146,0.00513477004834744,0.127178602877611,0.017317554072126,2.07331396040733,0.0674915632488909,NA,NA,9.8465875670412,0.0377065689354297,0.254418400966115,0.0423353746715805,NA,NA,0.786377990371979,0.0705539255425337,NA,NA,10,0,0.0784000000008382,0.00438382928320018,5.04,0.110509026318936,0.177928757394788,0.00297990599546882,1,50,2.25,"RI_case1_R50_vara2.25_contam_rho25.rds"
"CIRG","contam",0.25,50,1,12.4252443084051,0.0963375505086763,0.00864289279813852,0.000257946829426153,0.432144639906926,0.0128973414713076,0.0705732610881412,0.0123358487761422,7.98279603366309,0.118666764358106,NA,NA,3.2695195003615,0.0940972761667923,33.5549586107812,1.4054845023604,NA,NA,33.2722673284555,1.05727687172451,NA,NA,3.36,0.184634221958897,159.96586,33.054538720887,3.66,0.0676726816132972,-2.65575754373852e-06,3.47086122003509e-05,1,50,2.25,"RI_case1_R50_vara2.25_contam_rho25.rds"
"CPF","contam",0.25,50,1,10.4833922320733,0.0568270616549973,0.00403122385250561,0.000111704525705257,0.20156119262528,0.00558522628526283,0.320332679222296,0.0824863495408554,2.59177043897495,0.154234407475136,NA,NA,10.343728179365,0.0491224717788733,1.28243140296824,0.462200008403455,NA,NA,1.92384326446931,0.144186140197005,NA,NA,6.92,0.299441657293118,1.27338000000018,0.0873164495336892,4.98,0.0605417717154774,0.0266771147741336,0.00311070150797903,1,50,2.25,"RI_case1_R50_vara2.25_contam_rho25.rds"
"KM","contam",0.25,50,1,11.1834379655086,0.0768419664788077,0.00426784746107831,0.000122399172235747,0.213392373053916,0.00611995861178737,0.0673561854743455,0.0134370049380658,0.000339580034320339,0.000174215670236982,NA,NA,11.0845217376704,0.0729258573138029,5.06097349236405,0.000782395456792866,NA,NA,4.60582172740319,0.32141571939536,NA,NA,2,0,210.586340000001,6.80698426501567,23.58,1.19389262156893,-2.79458370165056e-05,2.5161393946191e-05,1,50,2.25,"RI_case1_R50_vara2.25_contam_rho25.rds"
"LM","contam",0.25,50,1,11.183455371768,0.0768482099565784,0.00426913145924615,0.000122606869269394,0.213456572962308,0.00613034346346973,0.0673396769452519,0.0134390984710281,0,0,NA,NA,11.0845026896031,0.0729288967748531,5.0625,0,NA,NA,4.6057640382176,0.321407838002242,NA,NA,1,0,0.0183799999990151,0.00513816373156443,1,0,NA,NA,1,50,2.25,"RI_case1_R50_vara2.25_contam_rho25.rds"
"OBS","contam",0.25,50,1,10.0330576498669,0.0438949782771448,0.00390110418006557,0.000102194788231663,0.195055209003278,0.00510973941158315,0.0489650984468204,0.0112511177440606,1.21297759201756,0.03634781776402,NA,NA,9.88758381979921,0.037775808159354,1.14015250361181,0.0727808163249683,NA,NA,0.857728609591873,0.0737050371464934,NA,NA,50,0,0.0606199999983073,0.00261610241338555,6.4,0.0903507902905251,0.565009465732287,0.000990438950699169,1,50,2.25,"RI_case1_R50_vara2.25_contam_rho25.rds"
"ORACLE","contam",0.25,50,1,9.08065674887569,0.0318610986550322,0.0035541527237349,0.000103383519663254,0.177707636186745,0.00516917598316269,0.0425007822683212,0.00987709847727575,2.15710723501389,0.0656944513810632,NA,NA,8.95159856383086,0.0167547879860803,0.220101351957449,0.0478205638030641,NA,NA,0.0160981221257015,0.00260866217173327,NA,NA,50,0,0.0586999999999534,0.00238537208831503,6.16,0.0523722936566382,1,0,1,50,2.25,"RI_case1_R50_vara2.25_contam_rho25.rds"
"BLM","contam",0.25,50,1,9.2313377726354,0.0377889031694281,0.0020512775643046,6.40525693609999e-05,0.10256387821523,0.00320262846805,0.0683637524081461,0.0156141885852904,0.295201597355998,0.0215738905293562,NA,NA,9.13840929421486,0.0200135190449571,0.0647485906015945,0.00720309408022178,NA,NA,0.0387836390086354,0.00701892007219028,NA,NA,6,0,0.0799400000001037,0.00190218134718064,5.66,0.141738477197857,0.399137388511064,0.00744584182323276,2,10,0.5,"RI_case2_R10_vara0.5_contam_rho25.rds"
"CIRG","contam",0.25,50,1,9.47473257736431,0.0485951978702494,0.00220455948182538,6.11238237220928e-05,0.110227974091269,0.00305619118610464,0.0552459577644602,0.0112035327670468,0.0354177998987868,0.00606679168609566,NA,NA,9.34993984960321,0.032329331646801,0.217640112757645,0.00526090442587868,NA,NA,0.173671996892033,0.0266092315286531,NA,NA,5.36,0.751466593280318,245.35752,45.485681150026,16.58,1.58644513402302,0.000125719503355587,8.8884182048962e-05,2,10,0.5,"RI_case2_R10_vara0.5_contam_rho25.rds"
"CPF","contam",0.25,50,1,9.22949328932704,0.03774583496881,0.00205252040752577,6.41314477433757e-05,0.102626020376289,0.00320657238716879,0.0585251876274092,0.015127917153306,0.24030327645125,0.0151177665811722,NA,NA,9.14128976578292,0.0199593686882937,0.0786411846756932,0.0070762928655115,NA,NA,0.0394832414383204,0.00708912094171035,NA,NA,9.42,0.0861417910381791,0.309160000000196,0.00892208267075051,6.52,0.176681426671318,0.553823776604325,0.00486435420599181,2,10,0.5,"RI_case2_R10_vara0.5_contam_rho25.rds"
"KM","contam",0.25,50,1,9.46663568447478,0.0486532404584046,0.00211945113172092,6.38405415040913e-05,0.105972556586046,0.00319202707520456,0.0554635213000915,0.0111559117541374,0.000456905943893375,0.000201853901102573,NA,NA,9.37353476653886,0.0315513990584348,0.24954529932402,0.000200330133226077,NA,NA,0.188307270157929,0.0276347534020682,NA,NA,2,0,340.35974,10.9233680919995,19.54,0.871409835864168,-3.44449317043508e-05,5.77531790482073e-05,2,10,0.5,"RI_case2_R10_vara0.5_contam_rho25.rds"
"LM","contam",0.25,50,1,9.46672734761315,0.0486533689122624,0.00211660459973424,6.37663798675515e-05,0.105830229986712,0.00318831899337757,0.0554591630968498,0.0111582239573232,0,0,NA,NA,9.37358545103925,0.0315492040659383,0.25,0,NA,NA,0.188338350810716,0.0276321549259738,NA,NA,1,0,0.00981999999996575,0.000398661024232589,1,0,NA,NA,2,10,0.5,"RI_case2_R10_vara0.5_contam_rho25.rds"
"OBS","contam",0.25,50,1,9.22943331011517,0.0377359486431459,0.00205256570314856,6.41624998443371e-05,0.102628285157428,0.00320812499221686,0.0546300733434507,0.0137061634287227,0.232096650503792,0.0143076978684886,NA,NA,9.14196291580042,0.0199771212754005,0.0818030053677891,0.00699249600146879,NA,NA,0.039708652810708,0.0071284306640352,NA,NA,10,0,0.0641200000001197,0.00174277283167721,6.7,0.196396101212393,0.574747545000269,0.00158701924397907,2,10,0.5,"RI_case2_R10_vara0.5_contam_rho25.rds"
"ORACLE","contam",0.25,50,1,9.04252606733501,0.0325964865006661,0.00200631023853318,6.45599517903149e-05,0.100315511926659,0.00322799758951574,0.0549736661134772,0.013870460263636,0.418116535417117,0.0257969714927893,NA,NA,8.95010502408972,0.0163928037372763,0.0393136049438857,0.00588816252895609,NA,NA,0.0156569853251614,0.00252926125640833,NA,NA,10,0,0.0539200000001088,0.00133579908057203,5.58,0.145938203304253,1,0,2,10,0.5,"RI_case2_R10_vara0.5_contam_rho25.rds"
"BLM","contam",0.25,50,1,9.89611111139192,0.0712579322757163,0.00219874253525116,6.42611856340109e-05,0.109937126762558,0.00321305928170054,0.297810184565862,0.0685406954449721,1.26786737726435,0.0946353160465735,NA,NA,9.80744610177456,0.0595600570835708,1.40342079776012,0.142455797074829,NA,NA,0.825791826861048,0.111021811509475,NA,NA,6,0,0.0631599999999162,0.001858979311827,4.54,0.091294544620974,0.400042200757435,0.0074475955778389,2,10,2.25,"RI_case2_R10_vara2.25_contam_rho25.rds"
"CIRG","contam",0.25,50,1,10.999423253013,0.142687548753026,0.00253885638553366,6.75427551929793e-05,0.126942819276683,0.00337713775964896,0.23927777801234,0.0488043041743819,0.0359484827847496,0.00660470441613585,NA,NA,10.8497259876137,0.128659311308986,4.90416160478395,0.028748284068738,NA,NA,4.23259393019228,0.553041680735369,NA,NA,5.18,0.721500703607503,181.87338,34.5154518633516,19.6,3.43808204719802,-5.4245486370439e-05,5.94799753477534e-05,2,10,2.25,"RI_case2_R10_vara2.25_contam_rho25.rds"
"CPF","contam",0.25,50,1,9.89077297737984,0.0707917921270002,0.00220192582104162,6.4440971732508e-05,0.110096291052081,0.0032220485866254,0.223631324566458,0.0580168396574242,1.07459748193524,0.06378883049968,NA,NA,9.80682051207845,0.0593212308833246,1.58095280940231,0.138266960831959,NA,NA,0.82339075195265,0.110683878335981,NA,NA,9.42,0.0993447922897926,0.308319999999876,0.0124948132913026,4.54,0.0956609659587612,0.563122089297481,0.00320232301900539,2,10,2.25,"RI_case2_R10_vara2.25_contam_rho25.rds"
"KM","contam",0.25,50,1,10.9888127116183,0.142214191667908,0.00247443843081697,6.84936519342851e-05,0.123721921540848,0.00342468259671425,0.239117074469001,0.0488146252991979,0.000576540161072332,0.000279544476143645,NA,NA,10.87506385825,0.128476631261983,5.05990973078432,0.00125499645516491,NA,NA,4.3246704667564,0.557594084621972,NA,NA,2,0,301.7878,10.406939374577,20.58,0.499869370691086,-3.44449317043508e-05,5.77531790482073e-05,2,10,2.25,"RI_case2_R10_vara2.25_contam_rho25.rds"
"LM","contam",0.25,50,1,10.9889488324494,0.142201914902467,0.00247081634332591,6.84633550368941e-05,0.123540817166295,0.00342316775184471,0.239111223970874,0.048819817699017,0,0,NA,NA,10.8751523033461,0.128460203709947,5.0625,0,NA,NA,4.32479533366711,0.557516654540122,NA,NA,1,0,0.00954000000012457,0.000249423825836857,1,0,NA,NA,2,10,2.25,"RI_case2_R10_vara2.25_contam_rho25.rds"
"OBS","contam",0.25,50,1,9.89102031290091,0.0708137060311298,0.00220213822032087,6.44319055147728e-05,0.110106911016044,0.00322159527573864,0.223259125696143,0.0578737951164902,1.05676777294435,0.0627302760508546,NA,NA,9.8075241741827,0.0593157912665493,1.6166224368216,0.13847543905386,NA,NA,0.824495083474723,0.110764098879849,NA,NA,10,0,0.0420800000001327,0.00102014004647815,4.58,0.0951475760305526,0.574747545000269,0.00158701924397907,2,10,2.25,"RI_case2_R10_vara2.25_contam_rho25.rds"
"ORACLE","contam",0.25,50,1,9.0425240885082,0.0326598039417984,0.00200570591283846,6.44856683779501e-05,0.100285295641923,0.00322428341889751,0.228957412853233,0.0599808547302257,1.88861275901038,0.111318415244608,NA,NA,8.95015142986771,0.016386867356671,0.737798427006063,0.10766392366629,NA,NA,0.0156428216107256,0.00252723277005477,NA,NA,10,0,0.0389399999998568,0.000840024295182148,4.24,0.0610118757258932,1,0,2,10,2.25,"RI_case2_R10_vara2.25_contam_rho25.rds"
"BLM","contam",0.25,50,1,9.25891092808706,0.0330861858669286,0.00199579589719781,6.52465082474812e-05,0.0997897948598905,0.00326232541237406,0.0474464578329903,0.00947727067162968,0.408335405370762,0.0239597535322514,NA,NA,9.1481048915796,0.0181108428038709,0.036531817585528,0.00660406054670716,NA,NA,0.0380071876360635,0.00617950629359826,NA,NA,7,0,0.0764000000007218,0.00433071611179025,5.86,0.142885711429143,0.262893231356436,0.0050727712065679,2,20,0.5,"RI_case2_R20_vara0.5_contam_rho25.rds"
"CIRG","contam",0.25,50,1,9.51460035799916,0.0402933578714779,0.00213725307791302,6.62594253116629e-05,0.106862653895651,0.00331297126558314,0.0362743338970763,0.0066506590291744,0.0328331860530456,0.00570783679695671,NA,NA,9.40651370717627,0.027303511384853,0.219841222697482,0.00496457839481134,NA,NA,0.201781999085394,0.0231961239544067,NA,NA,4.54,0.523886574419638,148.2981,29.919367661525,18.22,2.3306809025235,-2.07591755080937e-05,6.98026094057716e-05,2,20,0.5,"RI_case2_R20_vara0.5_contam_rho25.rds"
"CPF","contam",0.25,50,1,9.25671198701342,0.0330714072527208,0.00199519863603079,6.52180541806103e-05,0.0997599318015394,0.00326090270903051,0.031952653677703,0.00613916789493494,0.299345775883111,0.0156739494626454,NA,NA,9.15475684414443,0.0181447050214771,0.0523000795520715,0.00529304866641362,NA,NA,0.0400819665050471,0.00641569219782636,NA,NA,14.06,0.202857142857143,0.437999999999738,0.0115151718907167,6.88,0.155550372443614,0.448148504906819,0.0071345881383764,2,20,0.5,"RI_case2_R20_vara0.5_contam_rho25.rds"
"KM","contam",0.25,50,1,9.50465642313264,0.0406909772996644,0.00204248876674148,6.61761172971081e-05,0.102124438337074,0.0033088058648554,0.0361308526875688,0.00657991834271547,0.000170851080818707,8.80855617637915e-06,NA,NA,9.4280858056564,0.0266388163161362,0.249829181911216,8.80226889285257e-06,NA,NA,0.218029157206009,0.0236927718859666,NA,NA,2,0,275.22692,8.82787136853843,20,1.4456126446484,4.67707630030526e-05,4.5512115417271e-05,2,20,0.5,"RI_case2_R20_vara0.5_contam_rho25.rds"
"LM","contam",0.25,50,1,9.50462303742796,0.040689516678842,0.00204245767652794,6.61695655106931e-05,0.102122883826397,0.00330847827553465,0.0361317853370203,0.00658006676933392,0,0,NA,NA,9.42797900488598,0.0266373501823828,0.25,0,NA,NA,0.217933901435399,0.0236854811060044,NA,NA,1,0,0.0123399999993853,0.00222904939922489,1,0,NA,NA,2,20,0.5,"RI_case2_R20_vara0.5_contam_rho25.rds"
"OBS","contam",0.25,50,1,9.25622024173018,0.0331304337267284,0.00199493913814636,6.52284872740005e-05,0.0997469569073182,0.00326142436370003,0.0287238286067594,0.00609075818436546,0.26714830269841,0.0144980855881196,NA,NA,9.1609159048393,0.0181071460559492,0.0645194427365331,0.00566243534531614,NA,NA,0.0419594966065345,0.00660794760984336,NA,NA,20,0,0.0649200000005658,0.00157112724388108,7.98,0.1795459124956,0.569457397804223,0.000945251283675142,2,20,0.5,"RI_case2_R20_vara0.5_contam_rho25.rds"
"ORACLE","contam",0.25,50,1,9.05596925936307,0.0316050774922108,0.00195792125113398,6.33538858930457e-05,0.0978960625566989,0.00316769429465228,0.0295298147628305,0.00658564292500096,0.479157893903647,0.0251507712251733,NA,NA,8.94964854007819,0.0161736874917979,0.0314298967543608,0.00789455231715807,NA,NA,0.0153530897032924,0.00240468883360168,NA,NA,20,0,0.0533200000005309,0.00128617134720625,6.52,0.146357125427037,1,0,2,20,0.5,"RI_case2_R20_vara0.5_contam_rho25.rds"
"BLM","contam",0.25,50,1,9.98814242745899,0.0554309186414253,0.00214126599226508,7.11809251604615e-05,0.107063299613254,0.00355904625802308,0.185799498496553,0.043874198140747,1.73021011997207,0.0911992261700515,NA,NA,9.87712097692716,0.0471068661982469,0.677729163226246,0.0974568403407257,NA,NA,0.878074993473613,0.0922668276957614,NA,NA,7,0,0.0711600000000908,0.00389969752877896,4.62,0.0802546966010751,0.274521446264052,0.0041508075424192,2,20,2.25,"RI_case2_R20_vara2.25_contam_rho25.rds"
"CIRG","contam",0.25,50,1,11.1610917770491,0.107852138049715,0.00248637826624123,8.10660013071412e-05,0.124318913312061,0.00405330006535706,0.155165960113083,0.0284133832827198,0.0329330895147101,0.00528134726921706,NA,NA,11.0515850217443,0.100486888432109,4.91675242438871,0.023189870980712,NA,NA,4.70378422403695,0.458562259189421,NA,NA,4.82,0.556732449573548,159.05168,23.289581540995,18.74,1.85732087058928,-9.15321740977142e-05,6.93403214313555e-05,2,20,2.25,"RI_case2_R20_vara2.25_contam_rho25.rds"
"CPF","contam",0.25,50,1,9.97770967733556,0.0547233889693734,0.00214330090992172,7.11907530635019e-05,0.107165045496086,0.0035595376531751,0.136554341211945,0.0266720753625795,1.3156655490761,0.0669758676205859,NA,NA,9.87901328082539,0.0467737719139391,1.09278344151625,0.102645602363121,NA,NA,0.87986584908122,0.09161920404072,NA,NA,14.78,0.196479214250905,0.498960000000952,0.0111710617403334,4.8,0.0755928946018454,0.48010995120316,0.00555821596693602,2,20,2.25,"RI_case2_R20_vara2.25_contam_rho25.rds"
"KM","contam",0.25,50,1,11.1515266333004,0.107928887051435,0.00240030737992526,8.20765173913337e-05,0.120015368996263,0.00410382586956669,0.155458629428752,0.0284351014742661,0.000182410943856242,5.55063152713212e-06,NA,NA,11.0732513410814,0.100091344261672,5.06167918553607,2.49749683290425e-05,NA,NA,4.78926670590516,0.458251147246359,NA,NA,2,0,291.35466,9.47239307791536,20.88,0.822460221729009,4.67707630030526e-05,4.5512115417271e-05,2,20,2.25,"RI_case2_R20_vara2.25_contam_rho25.rds"
"LM","contam",0.25,50,1,11.1514916816005,0.10793037338688,0.00240030425953843,8.20705435919999e-05,0.120015212976922,0.00410352717959999,0.155461730274714,0.0284357298359673,0,0,NA,NA,11.0731319974555,0.10008931879415,5.0625,0,NA,NA,4.78875199397121,0.458215264212461,NA,NA,1,0,0.0100999999998021,0.000382526509484427,1,0,NA,NA,2,20,2.25,"RI_case2_R20_vara2.25_contam_rho25.rds"
"OBS","contam",0.25,50,1,9.9768443912245,0.0546769969299674,0.00214300489028409,7.12158544164713e-05,0.107150244514204,0.00356079272082356,0.117421686766825,0.0249976485323687,1.19569179388951,0.0575679793598758,NA,NA,9.88269568546183,0.0467677413088332,1.27395533360329,0.100918584474098,NA,NA,0.886325532862293,0.0920419881797205,NA,NA,20,0,0.0467399999985355,0.000657645770392069,5.12,0.0678533833545024,0.569457397804223,0.000945251283675142,2,20,2.25,"RI_case2_R20_vara2.25_contam_rho25.rds"
"ORACLE","contam",0.25,50,1,9.05731000249497,0.0316768842086939,0.00195889700215831,6.33415623618635e-05,0.0979448501079156,0.00316707811809317,0.119134409241304,0.0259461169098421,2.13847812603161,0.103675558762515,NA,NA,8.94968221771021,0.0161764554748528,0.539119581124682,0.144618225533631,NA,NA,0.0153540870893278,0.00241161721775458,NA,NA,20,0,0.0451199999992969,0.000619176543387298,4.98,0.053375833406484,1,0,2,20,2.25,"RI_case2_R20_vara2.25_contam_rho25.rds"
"BLM","contam",0.25,50,1,9.28196930343799,0.0329106646935825,0.00199462324460369,6.23909616698535e-05,0.0997311622301845,0.00311954808349268,0.0220514167241993,0.00475191199389568,0.523997003631331,0.0190477099672599,NA,NA,9.1132029474568,0.0188207348071413,0.0183538036781279,0.00392018196899869,NA,NA,0.0301716901882632,0.0057742861059796,NA,NA,9.98,0.02,0.0863799999997718,0.00175543238469799,6.72,0.215785229582848,0.177167103232089,0.00289569480716887,2,50,0.5,"RI_case2_R50_vara0.5_contam_rho25.rds"
"CIRG","contam",0.25,50,1,9.51052202900703,0.034997902403912,0.00210337989025164,6.53639853470132e-05,0.105168994512582,0.00326819926735066,0.0154325754822117,0.00298189017598208,0.0282909769334483,0.00550485278359323,NA,NA,9.4062057904011,0.0242245199037341,0.223994269246683,0.00483597604907308,NA,NA,0.193757685019134,0.0219961961177681,NA,NA,5.08,0.704411753427885,157.74086,17.965365990717,19.2,2.08395228900691,-4.8023326961557e-05,4.24685811657024e-05,2,50,0.5,"RI_case2_R50_vara0.5_contam_rho25.rds"
"CPF","contam",0.25,50,1,9.38063989648145,0.0331533994069844,0.00202690810565962,6.53923155232504e-05,0.101345405282981,0.00326961577616252,0.112674896615228,0.0254466141924135,0.598335283153413,0.0428474782527732,NA,NA,9.26519863059547,0.0206582369761302,0.0996292411513337,0.0342038541770608,NA,NA,0.0912416886628482,0.012352626470468,NA,NA,5.66,0.318939569479223,0.97762000000017,0.0130532313616437,6.08,0.124014482366918,0.0206826410309802,0.00242579319935722,2,50,0.5,"RI_case2_R50_vara0.5_contam_rho25.rds"
"KM","contam",0.25,50,1,9.50374811821913,0.0346823686151528,0.00204329881227012,6.4048930143278e-05,0.102164940613506,0.0032024465071639,0.0155669127722841,0.0030212243330436,0.000368277322467148,0.000142955213696313,NA,NA,9.42524339309803,0.0240634960385652,0.249632859679182,0.000142057052169636,NA,NA,0.209205483611833,0.0232939303084277,NA,NA,2,0,312.18,9.48824489548715,21.36,1.52870760408114,-1.78764528578213e-05,2.89540911028497e-05,2,50,0.5,"RI_case2_R50_vara0.5_contam_rho25.rds"
"LM","contam",0.25,50,1,9.50395324998139,0.0346722152211903,0.00204272587403582,6.41674307424139e-05,0.102136293701791,0.0032083715371207,0.0155589124730764,0.00302142163974878,0,0,NA,NA,9.42526449851215,0.0240572076346969,0.25,0,NA,NA,0.209208606414559,0.0232831422367194,NA,NA,1,0,0.00986000000033528,0.000269557460282623,1,0,NA,NA,2,50,0.5,"RI_case2_R50_vara0.5_contam_rho25.rds"
"OBS","contam",0.25,50,1,9.27434273160494,0.0328645786895207,0.00199323380486708,6.26220528506092e-05,0.0996616902433541,0.00313110264253046,0.0132857901066449,0.00298895584042637,0.269839535245433,0.0102463321284846,NA,NA,9.15861112016578,0.0189270207780359,0.0581182183183118,0.00447926580809923,NA,NA,0.0427108611013206,0.00729389460745462,NA,NA,50,0,0.108500000000931,0.00248854518609046,12.42,0.306514307020347,0.565009465732287,0.000990438950699169,2,50,0.5,"RI_case2_R50_vara0.5_contam_rho25.rds"
"ORACLE","contam",0.25,50,1,9.0669508978136,0.0319616777007903,0.00197943583232855,6.32179032950751e-05,0.0989717916164274,0.00316089516475375,0.0111641308955362,0.00249952942904308,0.480405693947398,0.0158983283425359,NA,NA,8.95222405791247,0.0166350034591754,0.01276902218995,0.00268651385468446,NA,NA,0.0158419843066028,0.00259449427214031,NA,NA,50,0,0.0820000000004075,0.0016534441482242,9.14,0.187377170652224,1,0,2,50,0.5,"RI_case2_R50_vara0.5_contam_rho25.rds"
"BLM","contam",0.25,50,1,10.0404301940249,0.0444026232647535,0.00212046851522162,6.35634358209463e-05,0.106023425761081,0.00317817179104731,0.121179531222255,0.0174566373261239,2.01250216590401,0.0709931055281515,NA,NA,9.84719485297638,0.0376217353135275,0.303366251794319,0.0486355229953639,NA,NA,0.787093472341731,0.0701354843274692,NA,NA,9.98,0.02,0.0754000000027008,0.00191300596874517,5,0.110656667034498,0.17987727847918,0.00314655928525455,2,50,2.25,"RI_case2_R50_vara2.25_contam_rho25.rds"
"CIRG","contam",0.25,50,1,11.1893578584907,0.0772065477135914,0.00247070607719431,7.19821147869571e-05,0.123535303859715,0.00359910573934785,0.0686082935312354,0.0136919965793457,0.0282002937064441,0.00560936083087848,NA,NA,11.0671916302447,0.071904729712763,4.93793571640375,0.0245861456523216,NA,NA,4.52662545375183,0.311523628657528,NA,NA,3.86,0.448134455042143,146.54246,17.3396150433504,19.66,1.98393754016232,-6.73793918533146e-05,2.84730410193586e-05,2,50,2.25,"RI_case2_R50_vara2.25_contam_rho25.rds"
"CPF","contam",0.25,50,1,10.4797566513226,0.0567958195816252,0.0022410233883715,6.72789248733423e-05,0.112051169418575,0.00336394624366711,0.297068252878671,0.0807392385010524,2.60213802479662,0.156942170196557,NA,NA,10.3392811312986,0.0493815311099383,1.33091258302192,0.474481326405119,NA,NA,1.91316219377591,0.144568915614345,NA,NA,6.96,0.310312548168811,1.18838000000193,0.0136210188717686,4.96,0.0568564249775211,0.0273794792733664,0.00320985189101728,2,50,2.25,"RI_case2_R50_vara2.25_contam_rho25.rds"
"KM","contam",0.25,50,1,11.1843870031891,0.077049667345659,0.00238250504585738,7.00270502932103e-05,0.119125252292869,0.00350135251466052,0.0681134733166272,0.0135650307586373,0.00043767365344513,0.000250865397349644,NA,NA,11.0840898681238,0.0728433269129882,5.06053374385666,0.0011256570093361,NA,NA,4.60343194192818,0.319759284036987,NA,NA,2,0,317.469680000001,9.49896252493688,21.62,0.931047248850367,-1.78764528578213e-05,2.89540911028497e-05,2,50,2.25,"RI_case2_R50_vara2.25_contam_rho25.rds"
"LM","contam",0.25,50,1,11.1844012601012,0.0770546671382938,0.00238232212213051,7.00274920069482e-05,0.119116106106525,0.00350137460034741,0.0681122179809742,0.0135647661167556,0,0,NA,NA,11.0841035924843,0.0728257498552646,5.0625,0,NA,NA,4.60336368646287,0.319685858064554,NA,NA,1,0,0.00983999999909429,0.000260861993217724,1,0,NA,NA,2,50,2.25,"RI_case2_R50_vara2.25_contam_rho25.rds"
"OBS","contam",0.25,50,1,10.0251023917069,0.0443794636810493,0.00211796151746649,6.38105804023059e-05,0.105898075873325,0.0031905290201153,0.0496290413872757,0.0113839157402579,1.21114680084573,0.036660042485453,NA,NA,9.88856772265488,0.0376185782411748,1.1450699464298,0.0734397567850563,NA,NA,0.858895311759557,0.0731894027367733,NA,NA,50,0,0.0619200000012643,0.000778192568346428,6.4,0.0903507902905251,0.565009465732287,0.000990438950699169,2,50,2.25,"RI_case2_R50_vara2.25_contam_rho25.rds"
"ORACLE","contam",0.25,50,1,9.07295258796994,0.0320723774614948,0.0019831558988114,6.30017723128157e-05,0.0991577949405699,0.00315008861564079,0.0429452284931376,0.00999857431458223,2.1559598940432,0.0660531257278283,NA,NA,8.95207358554917,0.0166143781439172,0.222631297030765,0.0481912740635224,NA,NA,0.0158227816964575,0.00259487403574248,NA,NA,50,0,0.0594400000027963,0.000481629885524509,6.16,0.0523722936566382,1,0,2,50,2.25,"RI_case2_R50_vara2.25_contam_rho25.rds"
"BLM","contam",0.25,50,1,9.20830363100737,0.0373690210323278,0.00406567640911708,0.000147926626105333,0.203283820455854,0.00739633130526663,0.141272174348838,0.0276058671627869,0.278028939260169,0.019274955169737,NA,NA,9.12247020798439,0.019826431175285,0.0674758227489389,0.00685344196303924,NA,NA,0.0342602331280071,0.00661114921360502,NA,NA,5.98,0.02,0.0870999999999128,0.00340614690446136,6.12,0.172945668004818,0.394869283660901,0.00676776259720946,3,10,0.5,"RI_case3_R10_vara0.5_contam_rho25.rds"
"CIRG","contam",0.25,50,1,10.6909519105892,0.133768287599061,0.00878769724369579,0.00105358360801915,0.439384862184789,0.0526791804009576,0.499505568315859,0.19893194109823,4.95035948404104,0.393318480581586,NA,NA,4.63255789797627,0.380092972109151,27.3859714683774,2.4106522506895,NA,NA,26.1536132194211,2.30130083095183,NA,NA,5.74,0.464063683173782,205.80736,41.2981842652672,5.76,0.680671936922836,0.128317434345574,0.00544954279907694,3,10,0.5,"RI_case3_R10_vara0.5_contam_rho25.rds"
"CPF","contam",0.25,50,1,9.2078856012291,0.0373675038462315,0.00402745530889552,0.00014284534532625,0.201372765444776,0.0071422672663125,0.122891440200508,0.0224641816127664,0.2312727897857,0.0148984556224279,NA,NA,9.12479560578572,0.0198334014295811,0.0830905485262998,0.00720202502801418,NA,NA,0.0348487700245043,0.00670228598513256,NA,NA,9.14,0.127807252836257,0.34412000000011,0.0138459053108768,6.74,0.20164628558393,0.543270850554468,0.00603988634338267,3,10,0.5,"RI_case3_R10_vara0.5_contam_rho25.rds"
"KM","contam",0.25,50,1,9.4133006016959,0.0470434342991297,0.00433831698559265,0.000189226592837539,0.216915849279633,0.00946132964187695,0.127223552807778,0.0226653724581015,0.0180504844902659,0.00548166853636903,NA,NA,9.3229096572627,0.0300524503540226,0.233747721307256,0.00460951395345463,NA,NA,0.148524985595281,0.0243109774931869,NA,NA,2,0,280.71756,5.68565646540307,27.3,3.45362867436674,0.164496064048899,0.00589016602059893,3,10,0.5,"RI_case3_R10_vara0.5_contam_rho25.rds"
"LM","contam",0.25,50,1,9.41796196928855,0.0471829842887909,0.00437336157476222,0.000168779193503187,0.218668078738111,0.00843895967515936,0.160604645461343,0.0288739045433014,0,0,NA,NA,9.32868650380682,0.0304536737941128,0.25,0,NA,NA,0.153478703915103,0.024970466667963,NA,NA,1,0,0.0117000000002536,0.000560793897870387,1,0,NA,NA,3,10,0.5,"RI_case3_R10_vara0.5_contam_rho25.rds"
"OBS","contam",0.25,50,1,9.20799522004238,0.037357263023213,0.00402826218414773,0.000143171988255164,0.201413109207387,0.0071585994127582,0.120952366069497,0.0231233786786171,0.218881691927737,0.0138397597992056,NA,NA,9.12579336344898,0.0198160225623484,0.0884129117470973,0.00716279239249141,NA,NA,0.0350650330471894,0.0067320948821875,NA,NA,10,0,0.0679399999997044,0.00206237627952826,6.92,0.207688935375843,0.574747545000269,0.00158701924397907,3,10,0.5,"RI_case3_R10_vara0.5_contam_rho25.rds"
"ORACLE","contam",0.25,50,1,9.03849495125629,0.032060952240366,0.00359804236334938,0.000106372807688115,0.179902118167469,0.00531864038440577,0.0615734089457042,0.012946992107612,0.415456656450491,0.0256550521936478,NA,NA,8.95056715101131,0.0165067165784645,0.0393984803884111,0.00584826688191907,NA,NA,0.0157947194770244,0.00248249744957539,NA,NA,10,0,0.0574000000000755,0.001433989724725,5.8,0.121218305346265,1,0,3,10,0.5,"RI_case3_R10_vara0.5_contam_rho25.rds"
"BLM","contam",0.25,50,1,9.81894704655647,0.0685862923168007,0.00587067168701053,0.000384081165334096,0.293533584350527,0.0192040582667048,0.61387626534722,0.11332840865084,1.19973608228203,0.079207010128429,NA,NA,9.73754211304611,0.0567197551986503,1.41046806908106,0.140780458693389,NA,NA,0.701607769376472,0.0996275766739423,NA,NA,6,0,0.0588999999997759,0.00159699973805347,4.5,0.095831484749991,0.400948906846352,0.00598460019029439,3,10,2.25,"RI_case3_R10_vara2.25_contam_rho25.rds"
"CIRG","contam",0.25,50,1,11.9300201926267,0.193177102967543,0.012445885057434,0.00115958610018672,0.6222942528717,0.0579793050093361,1.12644718768614,0.182247154206664,4.76180052554734,0.466943534142062,NA,NA,6.2211983110076,0.495519297552638,16.9929188199168,1.88813868726296,NA,NA,19.753168164853,2.10641563286347,NA,NA,5.32,0.492755683138517,190.86636,38.488920036437,5.84,0.76203808357347,0.138370635613092,0.00616098116918439,3,10,2.25,"RI_case3_R10_vara2.25_contam_rho25.rds"
"CPF","contam",0.25,50,1,9.81590590464746,0.0682516637849693,0.00561920329001736,0.000341937538773319,0.280960164500868,0.0170968769386659,0.489257385796923,0.0958684241885754,1.03818161358405,0.066488480460207,NA,NA,9.73671587674153,0.0565677489412708,1.68511898531721,0.146954461023575,NA,NA,0.699545883836898,0.0994033682959315,NA,NA,9.44,0.114855721384239,0.301919999999809,0.0116888518316563,4.7,0.107854777646725,0.553903778007164,0.00596602958905924,3,10,2.25,"RI_case3_R10_vara2.25_contam_rho25.rds"
"KM","contam",0.25,50,1,10.7558981161224,0.1333415069988,0.00702117661457979,0.000630722847769597,0.35105883072899,0.0315361423884799,0.541873275069167,0.101852247649165,0.0996774011023944,0.0236580412306721,NA,NA,10.6472003161738,0.119397595731434,4.65131272215849,0.0909847870372142,NA,NA,3.41180238905895,0.475343508120481,NA,NA,2,0,244.06278,4.35283232205307,21.66,3.05335011729338,0.164496064048899,0.00589016602059893,3,10,2.25,"RI_case3_R10_vara2.25_contam_rho25.rds"
"LM","contam",0.25,50,1,10.7862982549257,0.134608189046547,0.00719200136864603,0.00050467668939142,0.359600068432301,0.025233834469571,0.686599706103413,0.127433471847076,0,0,NA,NA,10.6772895574447,0.121818847978113,5.0625,0,NA,NA,3.54045201392595,0.494708679124888,NA,NA,1,0,0.011880000000674,0.00185772298636835,1,0,NA,NA,3,10,2.25,"RI_case3_R10_vara2.25_contam_rho25.rds"
"OBS","contam",0.25,50,1,9.81586147660382,0.0682491005215701,0.00561863016604719,0.000341889165114484,0.280931508302359,0.0170944582557242,0.478198846447765,0.0955636586545699,1.00488358776238,0.0602115871673983,NA,NA,9.73740877194616,0.0565878283357736,1.72796120625513,0.140196193107775,NA,NA,0.70067863041534,0.0995695671915173,NA,NA,10,0,0.0416799999997602,0.000693079493037437,4.78,0.0960017006652082,0.574747545000269,0.00158701924397907,3,10,2.25,"RI_case3_R10_vara2.25_contam_rho25.rds"
"ORACLE","contam",0.25,50,1,9.03869734536467,0.032102686625346,0.00360375272572776,0.000105808490152084,0.180187636286388,0.00529042450760418,0.228401905263471,0.0565444799680163,1.88430383863085,0.111300691915343,NA,NA,8.9505500236668,0.016499472370303,0.740738039461,0.107575911288879,NA,NA,0.0157846969957752,0.00248165250725799,NA,NA,10,0,0.0425400000002992,0.00157381896111894,4.74,0.0745599334325708,1,0,3,10,2.25,"RI_case3_R10_vara2.25_contam_rho25.rds"
"BLM","contam",0.25,50,1,9.24048942805381,0.0325232681412219,0.00382797988892616,0.000114904122336227,0.191398994446308,0.00574520611681134,0.0404223332733699,0.00658093559416467,0.397661497982123,0.0236476386704874,NA,NA,9.13388855073731,0.0181694885713842,0.0378744989150696,0.00688230872598558,NA,NA,0.034102529450875,0.00579140023583942,NA,NA,7,0,0.0631600000000617,0.00114476982811469,6.04,0.142742811391963,0.264054751327871,0.00450243056936043,3,20,0.5,"RI_case3_R20_vara0.5_contam_rho25.rds"
"CIRG","contam",0.25,50,1,10.6121415514746,0.159628347046135,0.0065240833472393,0.000332311614064368,0.326204167361965,0.0166155807032184,0.0418255907362643,0.0101952444926336,3.63729678099785,0.397875122309037,NA,NA,5.96828542738047,0.38173451874604,17.5995571267286,2.20630473145811,NA,NA,16.3316341471449,2.06620543679191,NA,NA,6.48,0.632610400141625,145.2451,25.0177834627935,6.9,0.906777204146191,0.154061170825128,0.00601574479613753,3,20,0.5,"RI_case3_R20_vara0.5_contam_rho25.rds"
"CPF","contam",0.25,50,1,9.23996570800959,0.0324692354336417,0.00381636683883504,0.000114238853942002,0.190818341941752,0.00571194269710011,0.0307640327561084,0.00502757229026199,0.301192791949753,0.0165188220553941,NA,NA,9.14004560533799,0.0182106871945314,0.0528950085955252,0.00570180381109177,NA,NA,0.0358625988512394,0.00603171953610388,NA,NA,13.96,0.230279333481256,0.364700000000739,0.00635450988814854,7.02,0.144250349272735,0.451612481025299,0.00775828058222482,3,20,0.5,"RI_case3_R20_vara0.5_contam_rho25.rds"
"KM","contam",0.25,50,1,9.45430658126445,0.0385303679901523,0.00408606384641059,0.000135676525287473,0.204303192320529,0.00678382626437364,0.034660445895401,0.00621991813373154,0.0451759573283232,0.00959251910171624,NA,NA,9.38104683575367,0.0252684275127651,0.21137371450533,0.00758919281157672,NA,NA,0.176482869057312,0.0198515744748162,NA,NA,2,0,290.38938,6.30706206444879,18.5,1.64136578271056,0.112901521714825,0.00262149310818875,3,20,0.5,"RI_case3_R20_vara0.5_contam_rho25.rds"
"LM","contam",0.25,50,1,9.46655489941832,0.0385573988540382,0.00396195716533235,0.000125796111030791,0.198097858266618,0.00628980555153956,0.0355418555628843,0.00634312622855714,0,0,NA,NA,9.39364726540236,0.0258914019053993,0.25,0,NA,NA,0.187806039497479,0.020927054135472,NA,NA,1,0,0.0102199999998265,0.00140095885530352,1,0,NA,NA,3,20,0.5,"RI_case3_R20_vara0.5_contam_rho25.rds"
"OBS","contam",0.25,50,1,9.23994842285212,0.0325151251483187,0.00381545994924227,0.000114275326563101,0.190772997462113,0.00571376632815504,0.0285869137273608,0.0057712547832512,0.256660032848946,0.0140131550981894,NA,NA,9.14648835195186,0.0181873724439428,0.0688363968875657,0.00579974274071976,NA,NA,0.0376670825618914,0.00622600275816806,NA,NA,20,0,0.0619000000004598,0.0016373821815002,8.3,0.206526175640014,0.569457397804223,0.000945251283675142,3,20,0.5,"RI_case3_R20_vara0.5_contam_rho25.rds"
"ORACLE","contam",0.25,50,1,9.04862929806359,0.0316935552227563,0.00363923796922398,0.000109900351315008,0.181961898461199,0.00549501756575038,0.0296739396664999,0.0065640633562152,0.47191933901916,0.0249755495844208,NA,NA,8.94795213436742,0.0164180021586397,0.0313536492962702,0.00710756190118957,NA,NA,0.0159169692660811,0.00246838383384723,NA,NA,20,0,0.0505800000000454,0.000993895654142114,6.74,0.145152980524349,1,0,3,20,0.5,"RI_case3_R20_vara0.5_contam_rho25.rds"
"BLM","contam",0.25,50,1,9.93047859121962,0.0520485024464042,0.00452963996811785,0.000155303270729417,0.226481998405892,0.00776516353647084,0.184545463599794,0.0312716122132944,1.65888056175654,0.0889947182300973,NA,NA,9.82149422816319,0.04470707893566,0.737505124039131,0.108651118043461,NA,NA,0.772790189346435,0.0809802059642785,NA,NA,6.98,0.02,0.051459999998915,0.000616249353139198,4.6,0.0903507902905251,0.267789309583059,0.00444181122201323,3,20,2.25,"RI_case3_R20_vara2.25_contam_rho25.rds"
"CIRG","contam",0.25,50,1,12.1529418401148,0.209843306734735,0.00780676380736231,0.0004218620013533,0.390338190368116,0.021093100067665,0.170613395989697,0.0325811762494459,4.26061748568952,0.481474298180581,NA,NA,6.91879159148138,0.450791923919839,15.4016401643761,1.72840265416647,NA,NA,14.2888830145847,1.63018942239896,NA,NA,6.86,0.70451025108053,133.94616,15.6136320195764,5.9,0.474018857801059,0.153267706198208,0.00540240729057624,3,20,2.25,"RI_case3_R20_vara2.25_contam_rho25.rds"
"CPF","contam",0.25,50,1,9.92494765882045,0.0521854094120478,0.00450331243431964,0.000155044805280419,0.225165621715982,0.00775224026402094,0.13863007325924,0.0265204715679757,1.29551552179096,0.0701465427026398,NA,NA,9.82225652356155,0.0443151090041137,1.15214695434551,0.107537867833954,NA,NA,0.772333405955795,0.080055681829511,NA,NA,14.84,0.221976281137772,0.397799999999988,0.00755772344503357,4.82,0.084225159845621,0.473195957395143,0.0084694111543133,3,20,2.25,"RI_case3_R20_vara2.25_contam_rho25.rds"
"KM","contam",0.25,50,1,10.9417973291796,0.0982904432248544,0.00575471219401081,0.000301851950999191,0.287735609700541,0.0150925975499596,0.14918511390861,0.0267479559958319,0.219742936945605,0.0390363029101258,NA,NA,10.8721306479981,0.0909595619262291,4.19661155638192,0.139761572436106,NA,NA,3.91028161655841,0.375710781411312,NA,NA,2,0,280.428340000001,6.18971639043069,13.18,1.39406614196144,0.112901521714825,0.00262149310818875,3,20,2.25,"RI_case3_R20_vara2.25_contam_rho25.rds"
"LM","contam",0.25,50,1,11.0048832485736,0.100649058350134,0.0051275159005585,0.000199607101639712,0.256375795027925,0.00998035508198561,0.152702444026934,0.0273938545944404,0,0,NA,NA,10.9304657959008,0.0937992596791543,5.0625,0,NA,NA,4.15781494384462,0.394916407148933,NA,NA,1,0,0.00974000000336673,0.00141848151065176,1,0,NA,NA,3,20,2.25,"RI_case3_R20_vara2.25_contam_rho25.rds"
"OBS","contam",0.25,50,1,9.9210430306808,0.0518430266527682,0.00450771716269927,0.000155749006512374,0.225385858134963,0.00778745032561871,0.116756011159096,0.0237076525678496,1.15734729783207,0.0556904521307376,NA,NA,9.82564308079186,0.0442557460800437,1.34585982402266,0.102169388638454,NA,NA,0.777656478853434,0.0803430895525444,NA,NA,20,0,0.0379399999999441,0.00059891739083234,5.04,0.0901699076460543,0.569457397804223,0.000945251283675142,3,20,2.25,"RI_case3_R20_vara2.25_contam_rho25.rds"
"ORACLE","contam",0.25,50,1,9.05016286564151,0.0318102449209346,0.00365949426965959,0.000110046228483273,0.182974713482979,0.00550231142416365,0.119635590733577,0.0260438512637515,2.13428657197285,0.103890415950303,NA,NA,8.94761952441206,0.0164290903241249,0.542257305215815,0.138901543796067,NA,NA,0.0159695496578532,0.00248366677339751,NA,NA,20,0,0.0413399999990361,0.00143729053507376,5.26,0.0848046975980333,1,0,3,20,2.25,"RI_case3_R20_vara2.25_contam_rho25.rds"
"BLM","contam",0.25,50,1,9.28578263110354,0.032661461842983,0.0035845749197122,9.95594343208319e-05,0.17922874598561,0.0049779717160416,0.0388896316584623,0.00885798627691998,0.519908936628431,0.0178350842561689,NA,NA,9.10709180638903,0.0191739576123236,0.0159827870484825,0.00418050940472819,NA,NA,0.0294830468711047,0.00561426122349719,NA,NA,9.98,0.02,0.0861000000001513,0.00348293214505579,6.86,0.226796681399613,0.176119055892112,0.00293904280081283,3,50,0.5,"RI_case3_R50_vara0.5_contam_rho25.rds"
"CIRG","contam",0.25,50,1,9.90485212214805,0.136162646035453,0.00424262657750195,0.000183391206256003,0.212131328875097,0.00916956031280015,0.0948975949096041,0.0226676478335402,1.0607075148261,0.283450116822378,NA,NA,8.485186151283,0.266035479833244,4.25124738478683,1.26815829431215,NA,NA,3.73300224880592,1.15772428360186,NA,NA,5.52,0.746277838505806,190.869220000001,37.6159255403747,19.16,2.71899741426422,0.110936369736076,0.00901695053974434,3,50,0.5,"RI_case3_R50_vara0.5_contam_rho25.rds"
"CPF","contam",0.25,50,1,9.38394800428541,0.0322932272403546,0.00360646210467766,0.000102497608816204,0.180323105233883,0.00512488044081022,0.119678660162636,0.0265520163399575,0.595457090571681,0.0403094615684408,NA,NA,9.26113823752888,0.0202149563870832,0.0887298380453526,0.0271302956094862,NA,NA,0.088216757724542,0.0118125834876391,NA,NA,5.36,0.286797944944677,0.998059999999823,0.0459921502620805,5.84,0.119043809462855,0.0185148860892986,0.0022331193741661,3,50,0.5,"RI_case3_R50_vara0.5_contam_rho25.rds"
"KM","contam",0.25,50,1,9.48125469998678,0.0338249181230435,0.00364639310581926,0.000104952147362786,0.182319655290963,0.00524760736813932,0.0812707586307069,0.0195229598734975,0.0566738615214924,0.0178369248438447,NA,NA,9.39682158772977,0.0234487980518743,0.212127703564628,0.00907853738353431,NA,NA,0.184409832862176,0.0211456335897666,NA,NA,3.86,0.0495695759225642,415.259399999999,11.7939520561539,17.66,1.41092240779439,0.131499638528004,0.00201332725657874,3,50,0.5,"RI_case3_R50_vara0.5_contam_rho25.rds"
"LM","contam",0.25,50,1,9.49683597033624,0.0343810157945507,0.00362792536494091,0.000104961623278986,0.181396268247046,0.00524808116394931,0.0287358307804262,0.00602107483853679,0,0,NA,NA,9.41415347531707,0.0241532085708737,0.25,0,NA,NA,0.200108597846347,0.0227932052955832,NA,NA,1,0,0.0126399999990826,0.00197117182586226,1,0,NA,NA,3,50,0.5,"RI_case3_R50_vara0.5_contam_rho25.rds"
"OBS","contam",0.25,50,1,9.27843976814111,0.0323411372606573,0.0035781607035501,9.97968944165159e-05,0.178908035177505,0.00498984472082579,0.0280446354758868,0.00617717857982844,0.2683089406611,0.0104004432295933,NA,NA,9.15198115714319,0.0193172321599592,0.0589810387268095,0.00443737480028505,NA,NA,0.0413828895843505,0.00711773720194422,NA,NA,50,0,0.0977400000012131,0.00324494080328197,12.54,0.304000537056454,0.565009465732287,0.000990438950699169,3,50,0.5,"RI_case3_R50_vara0.5_contam_rho25.rds"
"ORACLE","contam",0.25,50,1,9.07469057217116,0.0316629863876355,0.00350088736080898,0.000100900853824003,0.175044368040449,0.00504504269120012,0.0225390539736828,0.00569826012694277,0.471067293431043,0.015465770843361,NA,NA,8.95249491188004,0.0167511575284463,0.0125574148305939,0.00235158159298798,NA,NA,0.016006196045883,0.00259026132666821,NA,NA,50,0,0.0741600000011385,0.00252422709918927,9.26,0.18694100346235,1,0,3,50,0.5,"RI_case3_R50_vara0.5_contam_rho25.rds"
"BLM","contam",0.25,50,1,10.0249722587117,0.0430088763310134,0.00388562627881902,0.000100980115208425,0.194281313940951,0.00504900576042124,0.171883853449288,0.0389418199279776,1.95393380671442,0.0677310678133764,NA,NA,9.82168494316861,0.0376342832570911,0.312442570616485,0.0513335120007682,NA,NA,0.744566770367469,0.0689993427313917,NA,NA,9.98,0.02,0.0643999999997322,0.00207413616176988,5.1,0.118666055184544,0.181116230583945,0.00254220400601934,3,50,2.25,"RI_case3_R50_vara2.25_contam_rho25.rds"
"CIRG","contam",0.25,50,1,11.3902127773258,0.139962626881107,0.00500918650709566,0.000240606766445434,0.250459325354783,0.0120303383222717,0.434796549906303,0.0814290886027208,1.48285716828381,0.341834906970634,NA,NA,9.92506283874826,0.296161204058347,6.31421220181101,1.1306655247643,NA,NA,5.15360273630819,0.660191355022105,NA,NA,5.2,0.645865974597561,133.055159999998,21.5597350114601,10.4,0.942857142857143,0.113533702606628,0.0095415437088369,3,50,2.25,"RI_case3_R50_vara2.25_contam_rho25.rds"
"CPF","contam",0.25,50,1,10.4454123029546,0.0529295113399608,0.00404269592295965,0.000113636730012051,0.202134796147982,0.00568183650060255,0.343233040631567,0.0789242738598138,2.47763860422634,0.112924775380514,NA,NA,10.2959393097405,0.0463591376364481,0.676667573976356,0.177390700450547,NA,NA,1.78476800700797,0.13164817784185,NA,NA,7.02,0.314921434970822,0.960539999999455,0.0203620537440675,4.9,0.0654653670707977,0.0276003650601804,0.00339591300793414,3,50,2.25,"RI_case3_R50_vara2.25_contam_rho25.rds"
"KM","contam",0.25,50,1,11.0327786976608,0.0737977469066855,0.00444005293362138,0.000135106306810347,0.222002646681069,0.00675531534051733,0.593399121269472,0.0951331242162944,0.475742258573302,0.082010363050353,NA,NA,10.9375688413866,0.0694720886290835,3.47754981574745,0.21268253023501,NA,NA,3.99066519893811,0.285629114578607,NA,NA,3.86,0.0495695759225642,410.154819999999,11.8335419884155,13.38,1.44586391094722,0.131499638528004,0.00201332725657874,3,50,2.25,"RI_case3_R50_vara2.25_contam_rho25.rds"
"LM","contam",0.25,50,1,11.1298600682382,0.0759194080579412,0.00423385171619508,0.000122691499274926,0.211692585809754,0.0061345749637463,0.124516776827389,0.0252477061008163,0,0,NA,NA,11.0332254836019,0.0721113485702062,5.0625,0,NA,NA,4.38880815020616,0.311251061009884,NA,NA,1,0,0.00804000000207452,0.000224899070007689,1,0,NA,NA,3,50,2.25,"RI_case3_R50_vara2.25_contam_rho25.rds"
"OBS","contam",0.25,50,1,10.01336980619,0.043106086786082,0.00388331721021164,0.000101037205190681,0.194165860510582,0.00505186025953407,0.114095423940509,0.0228532177068071,1.2008907156009,0.0371398179755006,NA,NA,9.86230726914697,0.0376768592660427,1.16821922849581,0.0736682326021587,NA,NA,0.813131566907213,0.0720200949351365,NA,NA,50,0,0.0512399999998161,0.00103984300214063,6.44,0.0910707282886242,0.565009465732287,0.000990438950699169,3,50,2.25,"RI_case3_R50_vara2.25_contam_rho25.rds"
"ORACLE","contam",0.25,50,1,9.08069746884585,0.0317378882096297,0.00352495382864053,0.000100921235826724,0.176247691432026,0.00504606179133619,0.0737912068152082,0.0187635691451199,2.11976370114076,0.064364586654664,NA,NA,8.95223837493816,0.0167265550537169,0.219958694286614,0.0423003866043288,NA,NA,0.0159902773828337,0.00259400815631874,NA,NA,50,0,0.0497799999982817,0.000867692224292606,6.28,0.0641426980589818,1,0,3,50,2.25,"RI_case3_R50_vara2.25_contam_rho25.rds"
"BLM","contam",0.25,50,1,9.21117630944433,0.0381911642366098,0.00207749971597255,6.35306146142066e-05,0.103874985798628,0.00317653073071033,0.182631796263493,0.0345907263025027,0.274613505683273,0.0197645387378025,NA,NA,9.11806286112272,0.0199034257721881,0.0699402844047707,0.00712328660555125,NA,NA,0.0333500106924639,0.00670347721266497,NA,NA,5.98,0.02,0.0939199999998618,0.00333501399809386,6.06,0.177073719226813,0.395787750616958,0.00676952719352998,4,10,0.5,"RI_case4_R10_vara0.5_contam_rho25.rds"
"CIRG","contam",0.25,50,1,9.39808726866787,0.0473085194864204,0.00217527143850412,6.21737412841485e-05,0.108763571925206,0.00310868706420742,0.19181984223822,0.0340563434806016,0.0765113305305047,0.0125144101108029,NA,NA,9.27388459387062,0.0298488669991611,0.18701656572969,0.00882941723163946,NA,NA,0.118669558955222,0.0227013427761687,NA,NA,4.62,0.506198315577875,181.81272,24.265017362888,16.12,2.12634399275146,0.210791002056585,0.00902909275448584,4,10,0.5,"RI_case4_R10_vara0.5_contam_rho25.rds"
"CPF","contam",0.25,50,1,9.21030279150401,0.038141126198938,0.00207623193329262,6.37295029303483e-05,0.103811596664631,0.00318647514651742,0.162361471549439,0.0295791084701047,0.226820939347452,0.0145847417751172,NA,NA,9.12060746290572,0.019893602070936,0.085049819118704,0.00717801272212243,NA,NA,0.0339381748730354,0.00679467662974683,NA,NA,9.18,0.084225159845621,0.34272000000002,0.0123979603325689,6.86,0.200020407122139,0.553016419967091,0.00414717106181701,4,10,0.5,"RI_case4_R10_vara0.5_contam_rho25.rds"
"KM","contam",0.25,50,1,9.4005021426355,0.0473324845768779,0.0021585486948494,6.23111193859799e-05,0.10792743474247,0.003115555969299,0.226440643877001,0.0421756112828146,0.0433416820215177,0.0111337323273291,NA,NA,9.30850162427598,0.0293158844916767,0.214610859160231,0.00784598151457844,NA,NA,0.137284885273854,0.0233278110060831,NA,NA,2.18,0.0548839220351387,413.07432,13.6691997153571,24.84,2.97998219416677,0.21672475367857,0.00965028294506887,4,10,0.5,"RI_case4_R10_vara0.5_contam_rho25.rds"
"LM","contam",0.25,50,1,9.41847935902181,0.0477611145621359,0.00214084944385293,6.41035634418515e-05,0.107042472192647,0.00320517817209258,0.193277709948167,0.0337696282879196,0,0,NA,NA,9.32326143559473,0.0304984317253785,0.25,0,NA,NA,0.150075518290438,0.0249948358951738,NA,NA,1,0,0.0118599999998253,0.00110102364240118,1,0,NA,NA,4,10,0.5,"RI_case4_R10_vara0.5_contam_rho25.rds"
"OBS","contam",0.25,50,1,9.21049079720135,0.0381231279405589,0.00207586493630885,6.37065277116676e-05,0.103793246815443,0.00318532638558338,0.158247936785346,0.0285116069528984,0.219858227868285,0.0137721413183741,NA,NA,9.12155228457513,0.0198874611574276,0.087773334441268,0.00711190585917416,NA,NA,0.0341550023385559,0.00682332053739526,NA,NA,10,0,0.0836400000000188,0.00322031307896082,7,0.221313334068995,0.574747545000269,0.00158701924397907,4,10,0.5,"RI_case4_R10_vara0.5_contam_rho25.rds"
"ORACLE","contam",0.25,50,1,9.04248708896538,0.03262488212732,0.00200327509996365,6.44694734049889e-05,0.100163754998182,0.00322347367024944,0.0763460264232148,0.0157898616764213,0.416311326489678,0.0263349462034519,NA,NA,8.95027081374988,0.0163906824032355,0.0409867342593138,0.00593763080412184,NA,NA,0.0156370609776422,0.00252435080020882,NA,NA,10,0,0.0706400000000233,0.00242819492878712,5.82,0.155681516866575,1,0,4,10,0.5,"RI_case4_R10_vara0.5_contam_rho25.rds"
"BLM","contam",0.25,50,1,9.81446732870201,0.0693670179643375,0.00235864313917672,6.56936749904137e-05,0.117932156958836,0.00328468374952069,0.815487235222617,0.15913598134176,1.22348707334446,0.0794052140567135,NA,NA,9.72064528238794,0.0563160335810953,1.36268300154114,0.146275599285651,NA,NA,0.674732909305039,0.0974966709624525,NA,NA,5.98,0.02,0.0588399999997637,0.0024870866490203,4.52,0.0914285714285714,0.399355530045405,0.00698786841760433,4,10,2.25,"RI_case4_R10_vara2.25_contam_rho25.rds"
"CIRG","contam",0.25,50,1,10.6122217224877,0.127461077307548,0.00265210999447905,7.83169860318312e-05,0.132605499723953,0.00391584930159156,0.742993798627954,0.127354934959726,0.392427616568896,0.0599503665948136,NA,NA,10.4100198255132,0.108705944256623,3.62668343597369,0.178209993360316,NA,NA,2.56718804185978,0.39962089953755,NA,NA,4.98,0.618417994827552,171.396460000001,28.2896938759122,12.5,2.75076983658712,0.206104628635024,0.0074160814928163,4,10,2.25,"RI_case4_R10_vara2.25_contam_rho25.rds"
"CPF","contam",0.25,50,1,9.80845029091981,0.0691116293742506,0.0023451624706622,6.56910100219874e-05,0.11725812353311,0.00328455050109937,0.667069049048877,0.122741928387506,1.06228155711674,0.0698620238777863,NA,NA,9.71886248215492,0.0561694481490691,1.64982951619976,0.144735091427477,NA,NA,0.671358606613116,0.0972989230955751,NA,NA,9.18,0.120169947684646,0.273060000000551,0.0154345070591675,4.74,0.0939387555587063,0.545322352355962,0.00614639626886415,4,10,2.25,"RI_case4_R10_vara2.25_contam_rho25.rds"
"KM","contam",0.25,50,1,10.6835833474493,0.129584683035658,0.00271633547413628,8.83262078107538e-05,0.135816773706814,0.00441631039053769,0.96001790357574,0.169000971283034,0.240723384040661,0.0523141856809843,NA,NA,10.5745859723448,0.114718788434228,4.17129444659078,0.166761128539209,NA,NA,3.12418060487601,0.441715419107766,NA,NA,2.18,0.0548839220351387,316.44,11.671795016489,16.02,2.37718578257947,0.21672475367857,0.00965028294506887,4,10,2.25,"RI_case4_R10_vara2.25_contam_rho25.rds"
"LM","contam",0.25,50,1,10.7706287811694,0.135302850329338,0.00263650748620263,7.4764078609604e-05,0.131825374310131,0.0037382039304802,0.827281973867597,0.150745505408568,0,0,NA,NA,10.6528883172187,0.12163686826225,5.0625,0,NA,NA,3.45702064750994,0.489602146244602,NA,NA,1,0,0.00770000000033178,0.000246195542007852,1,0,NA,NA,4,10,2.25,"RI_case4_R10_vara2.25_contam_rho25.rds"
"OBS","contam",0.25,50,1,9.80837259770322,0.0691351662694124,0.00234515528821092,6.57023275757883e-05,0.117257764410546,0.00328511637878941,0.638834555725647,0.12035565439115,1.00926664837722,0.0602178089039388,NA,NA,9.71986936244293,0.0561858163335196,1.71710229077946,0.139962870288565,NA,NA,0.67289735088013,0.0974862181448248,NA,NA,10,0,0.0429799999998795,0.00141752586993308,4.68,0.0966373401445015,0.574747545000269,0.00158701924397907,4,10,2.25,"RI_case4_R10_vara2.25_contam_rho25.rds"
"ORACLE","contam",0.25,50,1,9.04259483453897,0.0326635744765491,0.00200491513441983,6.4424382933074e-05,0.100245756720992,0.0032212191466537,0.244405598328733,0.0583937611913279,1.88685251472022,0.112238701388562,NA,NA,8.95018814687979,0.0163865048522134,0.749154874445179,0.107822052102128,NA,NA,0.015638580233579,0.00252641449435749,NA,NA,10,0,0.0435800000001473,0.00114716687397434,4.78,0.0771428571428571,1,0,4,10,2.25,"RI_case4_R10_vara2.25_contam_rho25.rds"
"BLM","contam",0.25,50,1,9.24603836602757,0.0326462466815464,0.00200042750873039,6.58576474271112e-05,0.10002137543652,0.00329288237135556,0.0437738978097137,0.00680217708121659,0.396040173226713,0.0241986548637392,NA,NA,9.13578223451643,0.0178050091863568,0.039500815546236,0.00687189121229155,NA,NA,0.0339707144644622,0.00576208386287695,NA,NA,7,0,0.0787600000014936,0.00132312555136034,5.98,0.135496065158621,0.266281107234491,0.00493889875128387,4,20,0.5,"RI_case4_R20_vara0.5_contam_rho25.rds"
"CIRG","contam",0.25,50,1,9.42168085708853,0.0377602599282798,0.00205454046801163,6.83392432137932e-05,0.102727023400582,0.00341696216068966,0.0349695797440674,0.00618984435456837,0.125859942682457,0.0194797145911668,NA,NA,9.32433917185981,0.0239690052316197,0.158574287236687,0.011115316874124,NA,NA,0.133347045780583,0.0171248230073621,NA,NA,5,0.576406885766629,208.15184,47.9328367687101,10.32,0.818879273950759,0.211519433238694,0.0113872120714296,4,20,0.5,"RI_case4_R20_vara0.5_contam_rho25.rds"
"CPF","contam",0.25,50,1,9.24508821071174,0.0327037967125609,0.00199607102164399,6.56741159744459e-05,0.0998035510821995,0.00328370579872229,0.0313456872748609,0.00578406033777701,0.295651263664817,0.0162136747098159,NA,NA,9.14190616448472,0.0178192542069292,0.0546396851739766,0.00542531866469708,NA,NA,0.0356961247228317,0.00600495472396919,NA,NA,13.8,0.20995626366713,0.394740000001038,0.00751324327370441,6.84,0.135103890486136,0.460115408292462,0.00641817726552834,4,20,0.5,"RI_case4_R20_vara0.5_contam_rho25.rds"
"KM","contam",0.25,50,1,9.42738375323887,0.037724095652893,0.00206154970898056,6.70918060867347e-05,0.103077485449028,0.00335459030433674,0.0337934331998505,0.0062652418563127,0.0708942774449884,0.0117855684441768,NA,NA,9.35145251777138,0.0245378871576124,0.190937802683525,0.0082663154688412,NA,NA,0.153022159649672,0.018391398229223,NA,NA,3.6,0.0699854212223765,392.46546,7.99747287075983,14.74,1.52604865249962,0.251844190478164,0.00595527590371306,4,20,0.5,"RI_case4_R20_vara0.5_contam_rho25.rds"
"LM","contam",0.25,50,1,9.47300884394132,0.0389917623799292,0.00204302827237373,6.6964919097823e-05,0.102151413618686,0.00334824595489115,0.0357566784698169,0.00637711316231443,0,0,NA,NA,9.39624908087884,0.0255123381559332,0.25,0,NA,NA,0.18890642460828,0.0208312309919739,NA,NA,1,0,0.00858000000036554,0.000373718217546268,1,0,NA,NA,4,20,0.5,"RI_case4_R20_vara0.5_contam_rho25.rds"
"OBS","contam",0.25,50,1,9.24503651118609,0.0327027532698448,0.00199489588720137,6.55638731924159e-05,0.0997447943600687,0.00327819365962079,0.0286016682135243,0.00572882381512507,0.258146145203842,0.0140790526466989,NA,NA,9.14825722011596,0.017805110784236,0.0682060535277587,0.00586943388124587,NA,NA,0.0375142798484181,0.00618558602727111,NA,NA,20,0,0.0828000000001339,0.00179113463099566,8.34,0.190830622622818,0.569457397804223,0.000945251283675142,4,20,0.5,"RI_case4_R20_vara0.5_contam_rho25.rds"
"ORACLE","contam",0.25,50,1,9.0560682543356,0.0315479971664635,0.00195219762355922,6.34150551118595e-05,0.097609881177961,0.00317075275559298,0.0297983641480973,0.00647230718709656,0.467895678078938,0.0242918491559146,NA,NA,8.95042795794418,0.0161886474540291,0.0299452903212829,0.00668209368879899,NA,NA,0.0152989303667358,0.00239072092430347,NA,NA,20,0,0.0688400000007823,0.00152030072222745,6.86,0.148488988116415,1,0,4,20,0.5,"RI_case4_R20_vara0.5_contam_rho25.rds"
"BLM","contam",0.25,50,1,9.92920099857309,0.0522186111461932,0.00216891559927858,7.27164729054944e-05,0.108445779963929,0.00363582364527472,0.169017621615329,0.0289320331786117,1.66765441238466,0.0887994399032954,NA,NA,9.82097355759243,0.044437976011463,0.725508069244862,0.11184372156101,NA,NA,0.770759534153749,0.0807406721235704,NA,NA,6.96,0.0279941684889506,0.0717399999991176,0.00360564296972691,4.62,0.0802546966010751,0.267915133983572,0.00483398169859248,4,20,2.25,"RI_case4_R20_vara2.25_contam_rho25.rds"
"CIRG","contam",0.25,50,1,10.7502219458394,0.0955108690681718,0.00245341300143705,8.50955896558924e-05,0.122670650071853,0.00425477948279462,0.148780070946561,0.0267134321831067,0.55349843057524,0.0686127688193104,NA,NA,10.6391407934515,0.087486699403088,3.10879546526823,0.191269857041387,NA,NA,3.06182474680661,0.340353573547779,NA,NA,5.02,0.501011222327364,188.309139999999,46.3058842938905,8.36,0.521191727031935,0.217096750113894,0.0116176557876149,4,20,2.25,"RI_case4_R20_vara2.25_contam_rho25.rds"
"CPF","contam",0.25,50,1,9.92388496138554,0.0526557900729623,0.00216172708343506,7.22016475913503e-05,0.108086354171753,0.00361008237956751,0.138400067278639,0.0285133381171853,1.31936895812751,0.0691235392920315,NA,NA,9.82088787838472,0.0439981364570217,1.10019925662526,0.102160426975329,NA,NA,0.768712873451819,0.0797873821335991,NA,NA,14.72,0.255614505672515,0.4582600000003,0.00976331367300645,4.88,0.0887095696929144,0.470033318664347,0.00761412015496861,4,20,2.25,"RI_case4_R20_vara2.25_contam_rho25.rds"
"KM","contam",0.25,50,1,10.7952634680089,0.0937736613383878,0.00247328910504787,8.28412185837293e-05,0.123664455252393,0.00414206092918647,0.139623071082721,0.0272297063333399,0.403989020375335,0.0540048828676027,NA,NA,10.7295701155259,0.0891496226465923,3.55066637819845,0.174714821799873,NA,NA,3.38084789020378,0.350091144521537,NA,NA,3.6,0.0699854212223765,399.719139999999,9.37636658443587,11.12,1.58941395951271,0.251844190478164,0.00595527590371306,4,20,2.25,"RI_case4_R20_vara2.25_contam_rho25.rds"
"LM","contam",0.25,50,1,11.0078492460018,0.100178200728487,0.00241272216232579,8.1831835788655e-05,0.12063610811629,0.00409159178943275,0.153373504402536,0.0274750551532019,0,0,NA,NA,10.9314271021933,0.0935636862809989,5.0625,0,NA,NA,4.15936465722084,0.393999003979013,NA,NA,1,0,0.00882000000070548,0.000243595516410826,1,0,NA,NA,4,20,2.25,"RI_case4_R20_vara2.25_contam_rho25.rds"
"OBS","contam",0.25,50,1,9.92089429106227,0.0523814905068679,0.00216344659498623,7.22930470990248e-05,0.108172329749312,0.00361465235495124,0.116843972751864,0.0236155149443534,1.16221621988589,0.0558045160426893,NA,NA,9.82508768550489,0.0438835724512827,1.33586660880652,0.102672726151457,NA,NA,0.775132317395084,0.0799433088275998,NA,NA,20,0,0.0542000000001281,0.00101579364760779,5.1,0.0914732033918978,0.569457397804223,0.000945251283675142,4,20,2.25,"RI_case4_R20_vara2.25_contam_rho25.rds"
"ORACLE","contam",0.25,50,1,9.0572491862005,0.0316365022972853,0.00195482117022413,6.33438759070411e-05,0.0977410585112067,0.00316719379535206,0.120190029711362,0.0258756795552257,2.13532381226919,0.10225265196185,NA,NA,8.94997753769104,0.016180890788975,0.525475264860799,0.135784800006492,NA,NA,0.0153314868449638,0.00240516457635714,NA,NA,20,0,0.0560000000000582,0.00118562822404225,5.4,0.103015750727543,1,0,4,20,2.25,"RI_case4_R20_vara2.25_contam_rho25.rds"
"BLM","contam",0.25,50,1,9.27534445532008,0.0326632005196644,0.00198604207894324,6.2298572758775e-05,0.0993021039471622,0.00311492863793875,0.0356374489293271,0.00822580751192899,0.521374831335089,0.0193570880700815,NA,NA,9.10815362967321,0.0190567948202515,0.0188170294836953,0.00489906092706424,NA,NA,0.0294921176237271,0.0056738857134504,NA,NA,9.94,0.0339266916772512,0.110960000003106,0.00744097645558784,6.82,0.228017185174043,0.174568397720318,0.00281451868862462,4,50,0.5,"RI_case4_R50_vara0.5_contam_rho25.rds"
"CIRG","contam",0.25,50,1,9.45880911185757,0.033147757535395,0.00203310902698837,6.60605377795468e-05,0.101655451349418,0.00330302688897734,0.0844309397836093,0.0220499937029689,0.106445676136717,0.0187947803129786,NA,NA,9.37206734052741,0.0221221788928185,0.172193950415129,0.0103898771952786,NA,NA,0.162414255036469,0.0181386470238986,NA,NA,4.88,0.503570921985561,186.752720000001,20.9898515749199,13.74,0.983459117978319,0.139667043601235,0.0118791020696955,4,50,0.5,"RI_case4_R50_vara0.5_contam_rho25.rds"
"CPF","contam",0.25,50,1,9.37379659736872,0.0326629844586555,0.00202282824682987,6.51160623295665e-05,0.101141412341493,0.00325580311647833,0.0967983631087956,0.0198025958928002,0.625084712931697,0.0408625108502881,NA,NA,9.25984061439466,0.0204726359067573,0.0974636802657107,0.0310214620368279,NA,NA,0.0880544571165572,0.0121472450642072,NA,NA,5.56,0.285942765787356,1.07940000000264,0.0769067869412698,6.1,0.111574995370095,0.0185619867253366,0.00202868927317415,4,50,0.5,"RI_case4_R50_vara0.5_contam_rho25.rds"
"KM","contam",0.25,50,1,9.45066214009256,0.0327937097010082,0.00203282595284465,6.48914366717947e-05,0.101641297642233,0.00324457183358973,0.0897670151946817,0.0451866332881963,0.0860938605460402,0.0264960163573301,NA,NA,9.36879922868353,0.022594605784212,0.205718197535268,0.00976150560005465,NA,NA,0.161028165394217,0.0183619187660885,NA,NA,6.2,0.0755928946018454,604.080979999999,22.9206912634387,11.7,1.00458134238567,0.223064338111545,0.00313980957589617,4,50,0.5,"RI_case4_R50_vara0.5_contam_rho25.rds"
"LM","contam",0.25,50,1,9.48978488829736,0.0343110336591379,0.0020362247209485,6.41463321021273e-05,0.101811236047425,0.00320731660510637,0.0293137640021562,0.0060923168380303,0,0,NA,NA,9.41470264942878,0.0241250806708956,0.25,0,NA,NA,0.200497243794738,0.0227515982933972,NA,NA,1,0,0.0131200000000536,0.00190201611646238,1,0,NA,NA,4,50,0.5,"RI_case4_R50_vara0.5_contam_rho25.rds"
"OBS","contam",0.25,50,1,9.26826946254884,0.0324004363260246,0.0019854042416851,6.2851630563522e-05,0.0992702120842552,0.0031425815281761,0.0282757762352561,0.00611129359089042,0.267487062095642,0.0103736023867801,NA,NA,9.15313795324664,0.019207359719387,0.0593352359903873,0.00445450916729012,NA,NA,0.041528443426676,0.00718954215110193,NA,NA,50,0,0.133520000000135,0.0043823616779391,12.54,0.301303291501085,0.565009465732287,0.000990438950699169,4,50,0.5,"RI_case4_R50_vara0.5_contam_rho25.rds"
"ORACLE","contam",0.25,50,1,9.06553747464964,0.0317528535134588,0.00197136535396728,6.37552905882919e-05,0.0985682676983638,0.00318776452941459,0.0231269211728835,0.00609308112752807,0.470481860132346,0.015573374712108,NA,NA,8.95334621671376,0.0166685269790413,0.0127552905775089,0.00235978227165711,NA,NA,0.0157907252858198,0.00257978443676477,NA,NA,50,0,0.103500000001222,0.00480435601681943,9.2,0.18516401995451,1,0,4,50,0.5,"RI_case4_R50_vara0.5_contam_rho25.rds"
"BLM","contam",0.25,50,1,9.22723620177499,0.0354320257195638,0.000946623793609719,2.24134802801652e-05,0.047331189680486,0.00112067401400826,0.0675899308548011,0.0145467891429303,0.293978326044292,0.0217173833454111,NA,NA,9.1416777143978,0.019242102778644,0.0655555223687177,0.00709942336378552,NA,NA,0.0382152422048342,0.00662311654738055,NA,NA,6,0,0.0806599999997775,0.00424606516525067,5.7,0.149147235841579,0.403660007735576,0.00716592192838367,5,10,0.5,"RI_case5_R10_vara0.5_contam_rho25.rds"
"CIRG","contam",0.25,50,1,9.51707721826789,0.0474529706659837,0.00228823925415968,0.000146394090015318,0.114411962707984,0.00731970450076591,0.0579530242843496,0.0112736509042806,0.216795687687694,0.0225293657927707,NA,NA,9.25013642634538,0.0348691662648427,0.105075726340485,0.012410670626246,NA,NA,0.122145310829095,0.0193906946305762,NA,NA,5.1,0.44008348002141,273.8286,50.8492582041212,13.44,2.86187607940623,-3.32250273687297e-05,0.000110353694204084,5,10,0.5,"RI_case5_R10_vara0.5_contam_rho25.rds"
"CPF","contam",0.25,50,1,9.225436730153,0.0354207494083874,0.000946536162305814,2.24841025806933e-05,0.0473268081152907,0.00112420512903466,0.0548489467158909,0.0136486102825424,0.239473782377768,0.0152923352477071,NA,NA,9.14456211301556,0.0192271415043279,0.0793328304176315,0.00704378536769695,NA,NA,0.0390126700704692,0.00672990296881083,NA,NA,9.34,0.0930656998565847,0.32105999999982,0.0218331410699476,6.52,0.171999050780485,0.552885190239966,0.00508733834201224,5,10,0.5,"RI_case5_R10_vara0.5_contam_rho25.rds"
"KM","contam",0.25,50,1,9.46086795865302,0.0468834668133855,0.000972479260220608,2.42971962800756e-05,0.0486239630110304,0.00121485981400378,0.0556821140830242,0.0111669776295282,0.00060139458787302,0.000254132334312961,NA,NA,9.37764780384031,0.030698825800209,0.249402131666501,0.000251859381355869,NA,NA,0.188796341115474,0.0265324053985338,NA,NA,2,0,702.12646,38.2090108446409,22.7,1.98386347456529,-3.45254366912629e-05,7.51674923284951e-05,5,10,0.5,"RI_case5_R10_vara0.5_contam_rho25.rds"
"LM","contam",0.25,50,1,9.46135452319287,0.0469292308594707,0.000969031362658462,2.40671392829016e-05,0.0484515681329231,0.00120335696414508,0.055658403507503,0.0111661850326018,0,0,NA,NA,9.37779331140638,0.0307174590697282,0.25,0,NA,NA,0.18896233843672,0.0265569716828426,NA,NA,1,0,0.0123400000001888,0.0012805005399667,1,0,NA,NA,5,10,0.5,"RI_case5_R10_vara0.5_contam_rho25.rds"
"OBS","contam",0.25,50,1,9.22547225072141,0.0353938708080149,0.000946543781293351,2.24982439672161e-05,0.0473271890646676,0.0011249121983608,0.0545258281633604,0.0137108494498808,0.233201581619463,0.0144162580384119,NA,NA,9.145342826169,0.0192210544261372,0.0813649923460295,0.00699639335484025,NA,NA,0.0392275348481658,0.0067442772093524,NA,NA,10,0,0.072439999999747,0.0042904887691176,6.7,0.196396101212393,0.574747545000269,0.00158701924397907,5,10,0.5,"RI_case5_R10_vara0.5_contam_rho25.rds"
"ORACLE","contam",0.25,50,1,9.03899640723303,0.0300649162529877,0.000927425088175463,2.16804255073207e-05,0.0463712544087731,0.00108402127536604,0.055194780045189,0.0139582032116282,0.419477457734902,0.025769422640274,NA,NA,8.95327873909273,0.0162812598312334,0.0390229738302746,0.00589385555661349,NA,NA,0.0151717678836794,0.00234224515185127,NA,NA,10,0,0.0610000000002944,0.00304255531698998,5.58,0.145938203304253,1,0,5,10,0.5,"RI_case5_R10_vara0.5_contam_rho25.rds"
"BLM","contam",0.25,50,1,9.89463465131746,0.070041631877465,0.00101399753593316,2.5659764000734e-05,0.0506998767966578,0.0012829882000367,0.290314615889027,0.0634548494572839,1.25277009236451,0.0921376713058447,NA,NA,9.81133883865471,0.0586678318477507,1.41044566189223,0.144591077979689,NA,NA,0.826924521301661,0.109204586637731,NA,NA,6,0,0.060659999998752,0.00255352657306694,4.5,0.0914732033918978,0.400434959256162,0.00696031986018955,5,10,2.25,"RI_case5_R10_vara2.25_contam_rho25.rds"
"CIRG","contam",0.25,50,1,11.0467834914683,0.141378462472143,0.00276995502272165,0.000340003148268955,0.138497751136083,0.0170001574134477,0.245893432837534,0.0491486886654811,0.266591001264635,0.0397832198274942,NA,NA,10.7293145733536,0.129926380446011,4.01146378067672,0.132357577046762,NA,NA,3.81769124606754,0.497489429389073,NA,NA,5.18,0.57618732781509,229.7995,43.5549152990187,11.06,1.59806260253867,-5.48648247374912e-05,8.98249176698073e-05,5,10,2.25,"RI_case5_R10_vara2.25_contam_rho25.rds"
"CPF","contam",0.25,50,1,9.88637280695249,0.0695270330352736,0.00101228352295299,2.55096762284355e-05,0.0506141761476497,0.00127548381142178,0.226581199397394,0.0580511857854705,1.07376418801201,0.0637580376721145,NA,NA,9.81067454370794,0.0584967550185794,1.58271996642519,0.139762311539601,NA,NA,0.824864862853552,0.109020695567678,NA,NA,9.34,0.101458748026084,0.266799999999639,0.0137790731598565,4.5,0.1,0.557858058922829,0.00426110665418428,5,10,2.25,"RI_case5_R10_vara2.25_contam_rho25.rds"
"KM","contam",0.25,50,1,10.9805892346338,0.141121627492364,0.00112239969424346,3.29711067403187e-05,0.056119984712173,0.00164855533701594,0.239677915541701,0.048882077938915,0.000862849085996332,0.000326610803880592,NA,NA,10.8807615248368,0.127667724362762,5.05862315067781,0.00146640626024345,NA,NA,4.33591725766084,0.553261150766391,NA,NA,2,0,593.349840000002,24.3680844104954,23.34,1.73948385495027,-3.45254366912629e-05,7.51674923284951e-05,5,10,2.25,"RI_case5_R10_vara2.25_contam_rho25.rds"
"LM","contam",0.25,50,1,10.9811345411418,0.141219566258767,0.0011200483929411,3.2518936872351e-05,0.0560024196470548,0.00162594684361755,0.239606077383625,0.0488791438667012,0,0,NA,NA,10.8810450597358,0.127686708663932,5.0625,0,NA,NA,4.33722139965847,0.553381017828319,NA,NA,1,0,0.008519999999844,0.000269905501288939,1,0,NA,NA,5,10,2.25,"RI_case5_R10_vara2.25_contam_rho25.rds"
"OBS","contam",0.25,50,1,9.88650469201574,0.0695352619556008,0.00101223901871401,2.54990120174776e-05,0.0506119509357004,0.00127495060087388,0.222951997397184,0.0578442897693516,1.05896160531038,0.0628188091988312,NA,NA,9.81147836496298,0.0584738252105378,1.61193639429363,0.138478671063971,NA,NA,0.826037360305872,0.109061939287047,NA,NA,10,0,0.044840000000404,0.00263126569996385,4.58,0.0951475760305526,0.574747545000269,0.00158701924397907,5,10,2.25,"RI_case5_R10_vara2.25_contam_rho25.rds"
"ORACLE","contam",0.25,50,1,9.03904012463103,0.0301315147854498,0.000927514885114458,2.16762924661961e-05,0.0463757442557229,0.00108381462330981,0.229407310178915,0.0601667841190166,1.89180206819126,0.111226930488654,NA,NA,8.95332550280691,0.016274710297374,0.73450583158252,0.107613606467951,NA,NA,0.0151569522561367,0.00234060464415874,NA,NA,10,0,0.0396600000011676,0.00134000000002555,4.24,0.0610118757258932,1,0,5,10,2.25,"RI_case5_R10_vara2.25_contam_rho25.rds"
"BLM","contam",0.25,50,1,9.25289373143821,0.0342893141917105,0.000967394840922646,2.87882958647751e-05,0.0483697420461323,0.00143941479323876,0.0497648757491665,0.00994190734718374,0.409271186918558,0.0245398691830574,NA,NA,9.14801270292061,0.0186817313708009,0.037739771319724,0.00830748583995288,NA,NA,0.0390091074893924,0.00629113597983634,NA,NA,6.98,0.02,0.0705399999988731,0.00243112638723284,6,0.153861851632414,0.258286205436774,0.00512999128074738,5,20,0.5,"RI_case5_R20_vara0.5_contam_rho25.rds"
"CIRG","contam",0.25,50,1,9.56001259530862,0.0409428846411217,0.00229980732416858,0.00018913290864466,0.114990366208429,0.00945664543223302,0.0360284351135564,0.0065156362608443,0.21750276719049,0.0290562347588971,NA,NA,9.29810217382957,0.0348596340867095,0.121173660684873,0.011983814030282,NA,NA,0.148409416386218,0.0217479809431907,NA,NA,4.88,0.513999920590798,226.106579999999,47.9559503386103,10.34,1.60295899854625,-0.000100747510322847,5.7452381167523e-05,5,20,0.5,"RI_case5_R20_vara0.5_contam_rho25.rds"
"CPF","contam",0.25,50,1,9.25099033144076,0.0342399971760413,0.000967635867084416,2.89466187129895e-05,0.0483817933542208,0.00144733093564947,0.0363745343374401,0.00917214652016856,0.29994879857431,0.0168399563634721,NA,NA,9.15420965155513,0.0186774110130821,0.0539161055777208,0.00595766065171545,NA,NA,0.0408740550581827,0.00652629978830813,NA,NA,13.98,0.214742370561298,0.362159999998403,0.0142098373512091,7.04,0.164030858221798,0.438036292386305,0.00871791182051723,5,20,0.5,"RI_case5_R20_vara0.5_contam_rho25.rds"
"KM","contam",0.25,50,1,9.49719197233595,0.0416077254691407,0.000991414191640508,2.87146677128829e-05,0.0495707095820254,0.00143573338564414,0.0358909688261658,0.0065056383864369,0.00033437270703406,0.000165764422945997,NA,NA,9.4277898387231,0.0273441251288362,0.249667085512425,0.000164336641101139,NA,NA,0.219641503888743,0.0245204785261901,NA,NA,2,0,565.932620000001,19.8176078172488,20.36,1.22249660906837,2.62899722809749e-05,3.8297923839928e-05,5,20,0.5,"RI_case5_R20_vara0.5_contam_rho25.rds"
"LM","contam",0.25,50,1,9.49711858598847,0.0416390852876291,0.000990993617935765,2.87650082218229e-05,0.0495496808967883,0.00143825041109114,0.0358874756139547,0.00650544192143068,0,0,NA,NA,9.4277721243834,0.0273331868702326,0.25,0,NA,NA,0.219597042519159,0.0245099539391128,NA,NA,1,0,0.00864000000117812,0.000443326939652175,1,0,NA,NA,5,20,0.5,"RI_case5_R20_vara0.5_contam_rho25.rds"
"OBS","contam",0.25,50,1,9.25042531756507,0.0342755565586165,0.000967430682810537,2.893470454967e-05,0.0483715341405269,0.0014467352274835,0.0286075006322211,0.00612565219098288,0.267184993817787,0.0145944405837315,NA,NA,9.16066117517198,0.0186706917811277,0.0646397142052752,0.00566560715298392,NA,NA,0.0428931550553496,0.00672718215017546,NA,NA,20,0,0.0717800000001444,0.00409233130504029,8.04,0.182857142857143,0.569457397804223,0.000945251283675142,5,20,0.5,"RI_case5_R20_vara0.5_contam_rho25.rds"
"ORACLE","contam",0.25,50,1,9.04945641268914,0.032642070984532,0.000952204357639461,2.73850952501027e-05,0.0476102178819731,0.00136925476250514,0.0295908710430758,0.00667797785227858,0.479395693533798,0.025310156920155,NA,NA,8.9491221254755,0.0163520515061665,0.0318141355677738,0.00788352294278878,NA,NA,0.0156906479506869,0.0026105030571877,NA,NA,20,0,0.0577799999987474,0.00177609753373601,6.56,0.137499536177325,1,0,5,20,0.5,"RI_case5_R20_vara0.5_contam_rho25.rds"
"BLM","contam",0.25,50,1,9.98466650650918,0.0558834965600432,0.0010377801641643,3.21277849097288e-05,0.0518890082082149,0.00160638924548644,0.206137938811234,0.0430823044532672,1.69775709733159,0.0906466643709495,NA,NA,9.87780309697019,0.0478655081425078,0.707596293865035,0.0998566749040242,NA,NA,0.88280251366774,0.0944151737629263,NA,NA,6.98,0.02,0.0587800000008428,0.00232770185352826,4.52,0.0768778516975641,0.272217489607333,0.00401447305625081,5,20,2.25,"RI_case5_R20_vara2.25_contam_rho25.rds"
"CIRG","contam",0.25,50,1,11.2121049300759,0.112323383690961,0.00254409480683174,0.000191587808618174,0.127204740341587,0.00957939043090872,0.150564680977892,0.027649411415824,0.229437009412566,0.0284938686563481,NA,NA,10.9374704390227,0.0978051241708411,4.12245792593089,0.112022120736707,NA,NA,4.22251797547643,0.432135979745513,NA,NA,5.26,0.527458287353568,189.448980000002,31.0060367024797,9.76,0.693738761629877,-1.15014599424669e-05,7.00334551918885e-05,5,20,2.25,"RI_case5_R20_vara2.25_contam_rho25.rds"
"CPF","contam",0.25,50,1,9.9738204362788,0.0557572508877835,0.00103581343953891,3.20377495557507e-05,0.0517906719769454,0.00160188747778753,0.132100195869025,0.026292219239399,1.32419822007051,0.0704544397402667,NA,NA,9.87892055932479,0.0475129254943921,1.10033651159725,0.105763003891885,NA,NA,0.883117775966545,0.0937071041888087,NA,NA,14.92,0.222857142857143,0.403340000000899,0.018844576115895,4.76,0.0883407133356589,0.481928079018232,0.00634765733186674,5,20,2.25,"RI_case5_R20_vara2.25_contam_rho25.rds"
"KM","contam",0.25,50,1,11.1425005947027,0.108855086944151,0.00115452024840439,3.48935181914951e-05,0.0577260124202195,0.00174467590957475,0.154812116539537,0.0283152102464154,0.000401821753398839,0.000218957314395418,NA,NA,11.0739231917739,0.100798563176207,5.0606943127434,0.000982835507983117,NA,NA,4.7990145719587,0.461979748965429,NA,NA,2,0,563.509739999998,24.6572177320469,21.76,1.74181701984228,2.62899722809749e-05,3.8297923839928e-05,5,20,2.25,"RI_case5_R20_vara2.25_contam_rho25.rds"
"LM","contam",0.25,50,1,11.1424020549469,0.108879253235632,0.00115367786865622,3.49529957079315e-05,0.0576838934328111,0.00174764978539657,0.154803726726737,0.0283148229342049,0,0,NA,NA,11.0739158245893,0.100793630773615,5.0625,0,NA,NA,4.79893529170369,0.461945246220754,NA,NA,1,0,0.0086399999979767,0.00031784991984396,1,0,NA,NA,5,20,2.25,"RI_case5_R20_vara2.25_contam_rho25.rds"
"OBS","contam",0.25,50,1,9.97225260625214,0.0556430990495949,0.00103643590026469,3.2122918429566e-05,0.0518217950132347,0.0016061459214783,0.117076813804323,0.0250618989349033,1.19653482991035,0.0578762862034133,NA,NA,9.88273148078374,0.0475118855337143,1.27392242532229,0.100929939006047,NA,NA,0.889826451248125,0.0941121643208455,NA,NA,20,0,0.0444600000011269,0.00139772701801261,5,0.0755928946018454,0.569457397804223,0.000945251283675142,5,20,2.25,"RI_case5_R20_vara2.25_contam_rho25.rds"
"ORACLE","contam",0.25,50,1,9.05081151163021,0.0327044350199183,0.000952604616971911,2.74325232878889e-05,0.0476302308485955,0.00137162616439445,0.119282682251283,0.0261249163309361,2.13900937247645,0.104018064240224,NA,NA,8.94915208204252,0.0163542186441464,0.542487046123956,0.144384282377056,NA,NA,0.0156910736661776,0.00261713677135716,NA,NA,20,0,0.0459799999982351,0.00209712923329412,5,0.0494871659305394,1,0,5,20,2.25,"RI_case5_R20_vara2.25_contam_rho25.rds"
"BLM","contam",0.25,50,1,9.23457785011857,0.0375256718204869,0.00453840447739179,0.00010643767378085,0.22692022386959,0.0053218836890425,0.286344363470155,0.0526570110991177,0.294346842362501,0.0215615915949224,NA,NA,9.13895315684645,0.0199849317282575,0.065073430619479,0.00716313832756602,NA,NA,0.0388784571105658,0.00705220369095562,NA,NA,6,0,0.0744999999998458,0.00218534077107543,5.66,0.141738477197857,0.401167783666277,0.00740381908181646,6,10,0.5,"RI_case6_R10_vara0.5_contam_rho25.rds"
"CIRG","contam",0.25,50,1,10.6248275064264,0.0597523634605567,0.00765731135866108,0.000187417780046334,0.382865567933054,0.0093708890023167,0.673898379501152,0.138117259235381,7.2947817994294,0.17653039361959,NA,NA,2.49490143700455,0.0921031891929376,47.6960457155599,2.47278796509173,NA,NA,42.7319741898015,1.15737380434071,NA,NA,3.32,0.188311509180389,208.39736,41.6271790488658,3.18,0.0548839220351387,-9.78424664629895e-05,0.000184047703774808,6,10,0.5,"RI_case6_R10_vara0.5_contam_rho25.rds"
"CPF","contam",0.25,50,1,9.23249941607377,0.0374737743787021,0.0045417377655371,0.000106540431523943,0.227086888276855,0.00532702157619717,0.286352334054426,0.0544516098335791,0.240564491356678,0.0150947970599936,NA,NA,9.14172215399152,0.0199298652819957,0.0784715751608562,0.00704153021931269,NA,NA,0.0395479459097612,0.00711507092246188,NA,NA,9.32,0.0966373401445015,0.261680000000113,0.00886876840721584,6.46,0.154417932764248,0.554427351483598,0.00448794684149076,6,10,0.5,"RI_case6_R10_vara0.5_contam_rho25.rds"
"KM","contam",0.25,50,1,9.47008395839754,0.0483849961483536,0.00469428244414007,0.000113963379160299,0.234714122207004,0.00569816895801493,0.247025765010074,0.0463222371050636,0.000556800689516946,0.000343820356752991,NA,NA,9.37422930743221,0.0314556300147755,0.249449301746939,0.00033836725718361,NA,NA,0.188530950862885,0.0277047322281019,NA,NA,2,0,631.72248,20.0084602630118,26.66,2.01192566909396,-3.19352513121669e-05,0.000106018599031634,6,10,0.5,"RI_case6_R10_vara0.5_contam_rho25.rds"
"LM","contam",0.25,50,1,9.46979433211142,0.0484369434151174,0.00469032174969622,0.000112721324886764,0.234516087484811,0.00563606624433821,0.23278303150395,0.0445038017425311,0,0,NA,NA,9.37433778540444,0.0314607131211187,0.25,0,NA,NA,0.18862782461588,0.0276966709465514,NA,NA,1,0,0.00998000000014493,0.00100467885008768,1,0,NA,NA,6,10,0.5,"RI_case6_R10_vara0.5_contam_rho25.rds"
"OBS","contam",0.25,50,1,9.23247954072268,0.0374613715168123,0.00454183244488617,0.000106628837779158,0.227091622244308,0.00533144188895789,0.274736998698711,0.0524515181993142,0.232469596179283,0.0143245814310179,NA,NA,9.14251260622272,0.019946128532242,0.0816270049939955,0.00698657550367585,NA,NA,0.0398043970602036,0.00716023121229101,NA,NA,10,0,0.0649999999996094,0.00187093777641665,6.7,0.196396101212393,0.574747545000269,0.00158701924397907,6,10,0.5,"RI_case6_R10_vara0.5_contam_rho25.rds"
"ORACLE","contam",0.25,50,1,9.04589368175435,0.0322197881605103,0.00443562107873631,0.000106643412351601,0.221781053936816,0.00533217061758004,0.284122508434184,0.0549443017869968,0.418375596844343,0.025776411050708,NA,NA,8.95071336284704,0.0164654489899472,0.0392192881566152,0.00586997001593583,NA,NA,0.0157136121134351,0.00246767855588966,NA,NA,10,0,0.0556400000002474,0.00152603527920345,5.58,0.145938203304253,1,0,6,10,0.5,"RI_case6_R10_vara0.5_contam_rho25.rds"
"BLM","contam",0.25,50,1,9.89896768827215,0.071195140420559,0.00488278908156266,0.000111499685752231,0.244139454078133,0.00557498428761157,0.582597721468044,0.11981430149793,1.27005324513351,0.0947683087792433,NA,NA,9.80789918122345,0.0593764541187038,1.4003662274684,0.143093429713517,NA,NA,0.825453688903344,0.110906262954047,NA,NA,6,0,0.0649599999997008,0.00233219875246867,4.52,0.0957888835099441,0.402339321533133,0.00751721951651597,6,10,2.25,"RI_case6_R10_vara2.25_contam_rho25.rds"
"CIRG","contam",0.25,50,1,12.3525451214024,0.156556869590432,0.00886265024627974,0.000224499500333069,0.443132512313987,0.0112249750166534,0.839626982718861,0.176041814684002,8.5355048476804,0.221257339660012,NA,NA,2.74739221462948,0.0995956599787671,41.9063568975317,2.97420096843684,NA,NA,39.5811495965198,1.16856164693656,NA,NA,3.52,0.162229366475182,181.522799999999,26.2196121117653,3.22,0.0591780433634514,-7.75966580744897e-05,0.000149318740146523,6,10,2.25,"RI_case6_R10_vara2.25_contam_rho25.rds"
"CPF","contam",0.25,50,1,9.89361525615079,0.070731720600723,0.00489298688139074,0.000111257680952492,0.244649344069537,0.00556288404762459,0.50103476686142,0.109547703358176,1.0743397344623,0.0638558204213738,NA,NA,9.80728004669291,0.0591408298034854,1.58197778424683,0.138303355933772,NA,NA,0.82308532353091,0.110573528827954,NA,NA,9.44,0.0996319758523583,0.288699999999226,0.0146601013444102,4.52,0.0957888835099441,0.563885409843564,0.00303269169205085,6,10,2.25,"RI_case6_R10_vara2.25_contam_rho25.rds"
"KM","contam",0.25,50,1,10.9920491865325,0.142080661544034,0.00550466635395942,0.000135062823919663,0.275233317697971,0.00675314119598317,0.444186271474813,0.0873874048078874,0.000560426546042372,0.000419796760109596,NA,NA,10.8758651262696,0.128282102969035,5.05998702985739,0.0018801583434404,NA,NA,4.32522857112023,0.557265381712202,NA,NA,2,0,651.58186,26.47185320361,34.18,5.65336742705674,-3.19352513121669e-05,0.000106018599031634,6,10,2.25,"RI_case6_R10_vara2.25_contam_rho25.rds"
"LM","contam",0.25,50,1,10.991671272427,0.142116380943249,0.00550758356564264,0.000134895098076295,0.275379178282132,0.00674475490381477,0.430706725361645,0.0872725727891203,0,0,NA,NA,10.8759488599743,0.128279451001009,5.0625,0,NA,NA,4.32550938514584,0.557210647184513,NA,NA,1,0,0.0115999999991618,0.00155051012014676,1,0,NA,NA,6,10,2.25,"RI_case6_R10_vara2.25_contam_rho25.rds"
"OBS","contam",0.25,50,1,9.89379809864458,0.0707595745049548,0.00489329974324192,0.000111218371315443,0.244664987162096,0.00556091856577215,0.496768868238442,0.108082748327476,1.05764828069443,0.0627489349377838,NA,NA,9.80795895371521,0.0591333797912515,1.61463663548644,0.138400601340439,NA,NA,0.824138744559859,0.110648867181555,NA,NA,10,0,0.0486999999990803,0.00187774289167217,4.56,0.0910707282886242,0.574747545000269,0.00158701924397907,6,10,2.25,"RI_case6_R10_vara2.25_contam_rho25.rds"
"ORACLE","contam",0.25,50,1,9.04590419186736,0.0322775889467999,0.00443473346877086,0.000106434005768376,0.221736673438543,0.0053217002884188,0.500648161449292,0.11457812327336,1.88918625687571,0.111251550793875,NA,NA,8.95075935836625,0.0164593800954948,0.736655027375431,0.10750568780039,NA,NA,0.0156992892517743,0.00246584184915762,NA,NA,10,0,0.0439600000005157,0.00150073723375159,4.22,0.0591780433634514,1,0,6,10,2.25,"RI_case6_R10_vara2.25_contam_rho25.rds"
"BLM","contam",0.25,50,1,9.25692050789075,0.0334385166114018,0.00444591632010502,0.000140882758296622,0.222295816005251,0.00704413791483113,0.207739576911573,0.0449893308346808,0.405521678770741,0.0232037154705855,NA,NA,9.1484166624698,0.0180699948901589,0.0353083613526535,0.00664051237988847,NA,NA,0.0380272167498626,0.00621102216733041,NA,NA,7,0,0.0722999999998137,0.00242609117043404,5.92,0.148020958251298,0.265336689211245,0.00445077285651048,6,20,0.5,"RI_case6_R20_vara0.5_contam_rho25.rds"
"CIRG","contam",0.25,50,1,10.6630659602145,0.0577295126630663,0.00767983650386295,0.000231676821286995,0.383991825193147,0.0115838410643498,0.648232806458275,0.114821188273853,7.51544647343342,0.193325633036853,NA,NA,2.42124909694892,0.0856243607273737,51.0478544406754,2.70803454551852,NA,NA,43.639208470744,1.07601995335945,NA,NA,3.34,0.158075156498549,282.88506,51.3765328237327,3.08,0.0387561713321444,-9.30008527801827e-05,0.000114638101478937,6,20,0.5,"RI_case6_R20_vara0.5_contam_rho25.rds"
"CPF","contam",0.25,50,1,9.25445381043614,0.033442345144503,0.00444227732990046,0.000141173930411149,0.222113866495023,0.00705869652055747,0.198348861303334,0.0408803359525425,0.304365439561011,0.0165542612776502,NA,NA,9.15505528204366,0.0180973543241714,0.0517010159941432,0.00532312081431913,NA,NA,0.0400903379328354,0.00644299639910347,NA,NA,14.16,0.198689584579585,0.355139999999956,0.00935499473692907,6.86,0.151212784255991,0.44715125662477,0.00797939708474551,6,20,0.5,"RI_case6_R20_vara0.5_contam_rho25.rds"
"KM","contam",0.25,50,1,9.50197415226232,0.0409570306387883,0.00457130252335885,0.000135073793942716,0.228565126167942,0.00675368969713581,0.231641554357097,0.0488902997835615,0.000593739986491707,0.000328320003815726,NA,NA,9.42812220319498,0.0266872999455656,0.2494118944479,0.000324381030229742,NA,NA,0.218187007809373,0.023797978311405,NA,NA,2,0,613.364220000002,26.1053634922925,28.56,2.36006917920053,-3.64158279821584e-05,7.60979579584114e-05,6,20,0.5,"RI_case6_R20_vara0.5_contam_rho25.rds"
"LM","contam",0.25,50,1,9.50181493520706,0.0409523026941077,0.00455831057988067,0.000136312388207108,0.227915528994034,0.00681561941035538,0.229437138814967,0.0490312382349988,0,0,NA,NA,9.42824814260138,0.0266569303641751,0.25,0,NA,NA,0.218215476527112,0.0237794795458887,NA,NA,1,0,0.0121799999996438,0.00220735135414034,1,0,NA,NA,6,20,0.5,"RI_case6_R20_vara0.5_contam_rho25.rds"
"OBS","contam",0.25,50,1,9.25415343743742,0.0334468660337951,0.00444261314676974,0.000140901468386898,0.222130657338487,0.00704507341934488,0.205243746285255,0.0438926930462227,0.267141909605976,0.0145369140919163,NA,NA,9.16120663024841,0.0180706438923075,0.0645776619564236,0.00568733380139916,NA,NA,0.0419884379994957,0.0066390830490049,NA,NA,20,0,0.0746799999999348,0.00213645519894701,8.02,0.184036376173576,0.569457397804223,0.000945251283675142,6,20,0.5,"RI_case6_R20_vara0.5_contam_rho25.rds"
"ORACLE","contam",0.25,50,1,9.05334604401513,0.0317278141187536,0.00435450715856908,0.000133411733168836,0.217725357928454,0.00667058665844178,0.208653602448131,0.0430759000311602,0.479192789601438,0.0252019587895864,NA,NA,8.9498800394599,0.0161085545856747,0.0315547376193384,0.0079547636204968,NA,NA,0.015226801455685,0.0023933015964607,NA,NA,20,0,0.0621200000005774,0.00175816230599344,6.52,0.146357125427037,1,0,6,20,0.5,"RI_case6_R20_vara0.5_contam_rho25.rds"
"BLM","contam",0.25,50,1,9.9883387972426,0.0557805134318955,0.00478325935728736,0.000160255421170416,0.239162967864368,0.0080127710585208,0.396352889225766,0.0755402312219166,1.72015631005051,0.0929691043667923,NA,NA,9.87771478479323,0.0470273485017392,0.704253799750704,0.101323465530079,NA,NA,0.878750247292727,0.0923234864606078,NA,NA,6.98,0.02,0.0710599999988335,0.00547755419887289,4.6,0.0808122035641769,0.272077658773694,0.0040685681592079,6,20,2.25,"RI_case6_R20_vara2.25_contam_rho25.rds"
"CIRG","contam",0.25,50,1,12.5444060006269,0.127286594770614,0.00896484627381203,0.000294971391586272,0.448242313690601,0.0147485695793136,0.731947697236725,0.142649440888937,8.69473649922189,0.247389410402991,NA,NA,2.84106083218817,0.0949301595322406,44.5335030430002,3.40676051311884,NA,NA,38.3741066970587,1.11474161234391,NA,NA,3.48,0.190037590266467,228.333019999998,42.4900921942072,3.2,0.0571428571428571,-0.000191846096394402,0.000120880665891193,6,20,2.25,"RI_case6_R20_vara2.25_contam_rho25.rds"
"CPF","contam",0.25,50,1,9.976580072899,0.0553930410288642,0.00477891185997759,0.000160693185043999,0.238945592998879,0.00803465925219997,0.339466353260841,0.0659520888314412,1.31713260142891,0.0686671763441762,NA,NA,9.87941669752975,0.0466882481140073,1.10128545756382,0.10320658698743,NA,NA,0.880183560979934,0.0916506081000482,NA,NA,14.84,0.20674345731572,0.459999999997963,0.0224166119160443,4.74,0.0894883415049476,0.479408744384164,0.00558184609615371,6,20,2.25,"RI_case6_R20_vara2.25_contam_rho25.rds"
"KM","contam",0.25,50,1,11.148893081739,0.10827246983853,0.00538713621710152,0.000168398994463926,0.269356810855076,0.00841994972319629,0.401350579050605,0.0742917704297871,0.000494466103790087,0.000278429613347373,NA,NA,11.073424372186,0.100165914976767,5.0602789456591,0.00124948224130469,NA,NA,4.79071594280824,0.459154360897011,NA,NA,2,0,623.265959999998,28.745461107053,31.54,2.18271689901015,-3.64158279821584e-05,7.60979579584114e-05,6,20,2.25,"RI_case6_R20_vara2.25_contam_rho25.rds"
"LM","contam",0.25,50,1,11.1488380535178,0.108269312112807,0.00537604334241233,0.000169261654417657,0.268802167120616,0.00846308272088283,0.402638323129512,0.0742331968811947,0,0,NA,NA,11.0735104206331,0.100144057499225,5.0625,0,NA,NA,4.7908582448421,0.459070117775927,NA,NA,1,0,0.0128599999990547,0.00347774381459029,1,0,NA,NA,6,20,2.25,"RI_case6_R20_vara2.25_contam_rho25.rds"
"OBS","contam",0.25,50,1,9.97547624379108,0.0552464231337604,0.004777696394362,0.00016073635924279,0.2388848197181,0.00803681796213949,0.305748215639927,0.0603822295299897,1.19576101616891,0.0576108479698182,NA,NA,9.88308594638761,0.0466938161231436,1.27405131541549,0.101073038535242,NA,NA,0.886676099450262,0.0920954830228198,NA,NA,20,0,0.0523800000021583,0.00176077209418095,5.08,0.0747239818892687,0.569457397804223,0.000945251283675142,6,20,2.25,"RI_case6_R20_vara2.25_contam_rho25.rds"
"ORACLE","contam",0.25,50,1,9.05468007880022,0.0318045708203615,0.00435605667785306,0.000133397978709555,0.217802833892653,0.00666989893547772,0.306571762825338,0.0569357592166506,2.1385333183214,0.103767279982463,NA,NA,8.9499134776855,0.0161109169523211,0.540039592477426,0.145096452800314,NA,NA,0.015227180324746,0.0023998967137203,NA,NA,20,0,0.0557400000016787,0.00378113577578141,4.98,0.053375833406484,1,0,6,20,2.25,"RI_case6_R20_vara2.25_contam_rho25.rds"
"BLM","contam",0.25,50,1,9.22588733324525,0.0382400101260698,0.00123224628314718,3.68071637478797e-05,0.061612314157359,0.00184035818739399,0.0642218331623266,0.0148697925005062,0.297132059884739,0.0220495508426187,NA,NA,9.13807833568153,0.0196701914765529,0.0649783530523094,0.00734242945695984,NA,NA,0.0380245319880711,0.00685263805815548,NA,NA,6,0,0.085660000000239,0.00281984367781075,5.74,0.15335699314651,0.393964876804909,0.00715491247294772,7,10,0.5,"RI_case7_R10_vara0.5_contam_rho25.rds"
"CIRG","contam",0.25,50,1,9.61423649294704,0.053114287965308,0.00265532637003492,0.000199228788078145,0.132766318501746,0.00996143940390724,0.068406198148893,0.0154023926729926,0.4196908907993,0.0676261650064037,NA,NA,9.12202001607441,0.0443766091578327,0.230541164500804,0.0521671766900415,NA,NA,0.111383772899805,0.019689450812548,NA,NA,5.56,0.573681273950643,208.32048,29.8765904847262,12.08,1.10244255715966,-3.04560358094345e-06,0.000145512778594412,7,10,0.5,"RI_case7_R10_vara0.5_contam_rho25.rds"
"CPF","contam",0.25,50,1,9.22434979202365,0.0383081869458373,0.00123184924297571,3.67367505596977e-05,0.0615924621487856,0.00183683752798488,0.0569848145596791,0.0143971459742787,0.239934567118533,0.0151513763956954,NA,NA,9.14091176881173,0.0196593841182479,0.0788826755073426,0.00715494754752099,NA,NA,0.0387942044011831,0.00694954612256639,NA,NA,9.42,0.0861417910381791,0.33752000000003,0.0164863886962478,6.52,0.167185586723746,0.557647467370517,0.00428087598594908,7,10,0.5,"RI_case7_R10_vara0.5_contam_rho25.rds"
"KM","contam",0.25,50,1,9.46068910139943,0.0491090822743126,0.00125318509155802,3.61736259885981e-05,0.0626592545779012,0.0018086812994299,0.0554830094403946,0.0111703001528215,0.000147755100651334,4.7612969167459e-07,NA,NA,9.37457034777661,0.0310345211165871,0.249852266742027,4.75987999282139e-07,NA,NA,0.187496878979353,0.0271023873596774,NA,NA,2,0,546.13608,19.8514735291834,16.98,0.02,-6.83327115621782e-05,4.73689911156045e-05,7,10,0.5,"RI_case7_R10_vara0.5_contam_rho25.rds"
"LM","contam",0.25,50,1,9.46068929436731,0.0491090812564218,0.00125318516366891,3.61736386867423e-05,0.0626592581834457,0.00180868193433711,0.0554830249572292,0.011170301974521,0,0,NA,NA,9.37442339311596,0.0310340925708545,0.25,0,NA,NA,0.187385507495591,0.0270932604242185,NA,NA,1,0,0.0106600000000164,0.000571149932047041,1,0,NA,NA,7,10,0.5,"RI_case7_R10_vara0.5_contam_rho25.rds"
"OBS","contam",0.25,50,1,9.22439397321581,0.038289466538995,0.00123184089711081,3.67393760968867e-05,0.0615920448555407,0.00183696880484433,0.0546497679790012,0.0137560715289949,0.2335455839148,0.0143819387026206,NA,NA,9.14160664624892,0.0196496926643358,0.0811331237327555,0.00700943574717289,NA,NA,0.0389718529302059,0.00697460955589289,NA,NA,10,0,0.0745600000002643,0.00250014856695611,6.7,0.196396101212393,0.574747545000269,0.00158701924397907,7,10,0.5,"RI_case7_R10_vara0.5_contam_rho25.rds"
"ORACLE","contam",0.25,50,1,9.03667154847584,0.0330178038215214,0.00120854894080508,3.75242410195935e-05,0.0604274470402541,0.00187621205097967,0.0551380909973979,0.0139507043463028,0.419712308908932,0.0257690093069578,NA,NA,8.94945616452789,0.0167080997164787,0.0389841635331765,0.00592131270534342,NA,NA,0.0162335485148855,0.00259631424384428,NA,NA,10,0,0.0634600000003744,0.00237284123155337,5.56,0.146133849743365,1,0,7,10,0.5,"RI_case7_R10_vara0.5_contam_rho25.rds"
"BLM","contam",0.25,50,1,9.89403407693835,0.0721621461620436,0.00132187779981015,3.88337987281066e-05,0.0660938899905075,0.00194168993640533,0.294247330026463,0.0687254841146856,1.27467810204577,0.0962104923862521,NA,NA,9.8072841866334,0.0588646108546179,1.4048192880441,0.143579265833321,NA,NA,0.82149483613057,0.109311396165256,NA,NA,6,0,0.0506999999994878,0.0012196520079788,4.5,0.0868966075756888,0.397994360772064,0.00756880783343886,7,10,2.25,"RI_case7_R10_vara2.25_contam_rho25.rds"
"CIRG","contam",0.25,50,1,11.1608293607901,0.149254209445235,0.00357885997923319,0.000316992593099067,0.17894299896166,0.0158496296549533,0.244221987903873,0.0493911316312957,0.534575623252959,0.0776145044175067,NA,NA,10.5524743995872,0.125018036113634,3.23785734584076,0.222305567634896,NA,NA,3.17602271970531,0.482230245463142,NA,NA,5.56,0.620835513396163,186.71604,41.3954270328671,10.48,0.708110449127299,-0.000103694594112692,0.000127730158434281,7,10,2.25,"RI_case7_R10_vara2.25_contam_rho25.rds"
"CPF","contam",0.25,50,1,9.88695029720165,0.0717275593173738,0.00132052777288267,3.88626293714651e-05,0.0660263886441337,0.00194313146857326,0.223189081235476,0.0611917167502703,1.06618254126645,0.0647761556801849,NA,NA,9.80668864621864,0.0586017722818563,1.60702534249284,0.140705338315996,NA,NA,0.819020789952206,0.108901485244228,NA,NA,9.38,0.098519655140381,0.222420000000275,0.00810905716856674,4.56,0.0910707282886242,0.561052779447045,0.00347543569041541,7,10,2.25,"RI_case7_R10_vara2.25_contam_rho25.rds"
"KM","contam",0.25,50,1,10.9818854544003,0.142359901976446,0.0014414527748497,4.08973821808116e-05,0.0720726387424847,0.00204486910904058,0.23913332752214,0.0488602674281651,0.000160782935890639,1.03071404814526e-06,NA,NA,10.8778580338735,0.127911220858608,5.0617765026917,4.63788026057666e-06,NA,NA,4.32805353603857,0.554760005991168,NA,NA,2,0,378.738059999999,15.0783212454148,18.08,0.110064915910047,-6.83327115621782e-05,4.73689911156045e-05,7,10,2.25,"RI_case7_R10_vara2.25_contam_rho25.rds"
"LM","contam",0.25,50,1,10.9818856139904,0.142359871782264,0.00144145290158495,4.08973905794965e-05,0.0720726450792476,0.00204486952897482,0.239133355101309,0.0488602706761576,0,0,NA,NA,10.8776981216511,0.127910268528904,5.0625,0,NA,NA,4.32744103901388,0.554715643486082,NA,NA,1,0,0.0102200000004086,0.00168989554089694,1,0,NA,NA,7,10,2.25,"RI_case7_R10_vara2.25_contam_rho25.rds"
"OBS","contam",0.25,50,1,9.88698852093803,0.0717429760784418,0.00132051699205232,3.88558701248658e-05,0.0660258496026162,0.00194279350624329,0.223341941696708,0.0579776248729768,1.06002924307501,0.0628034829366665,NA,NA,9.80743125765952,0.0585937137029572,1.60929999831647,0.138510200857989,NA,NA,0.820173176835338,0.10898140327161,NA,NA,10,0,0.0362000000002445,0.000903507902957185,4.58,0.0951475760305526,0.574747545000269,0.00158701924397907,7,10,2.25,"RI_case7_R10_vara2.25_contam_rho25.rds"
"ORACLE","contam",0.25,50,1,9.03671041461009,0.0330765702628954,0.00120878144395554,3.75574859691392e-05,0.0604390721977767,0.00187787429845696,0.229334353904998,0.0601609618860834,1.8918419895761,0.111200057181106,NA,NA,8.94950124993201,0.0167028502235205,0.73418434356778,0.107865317827348,NA,NA,0.0162203988323077,0.00259495037646898,NA,NA,10,0,0.0339400000002934,0.000840995522843569,4.2,0.0571428571428571,1,0,7,10,2.25,"RI_case7_R10_vara2.25_contam_rho25.rds"
"BLM","contam",0.25,50,1,9.25373377721966,0.0327619873144292,0.00116868967798108,3.32135011909073e-05,0.0584344838990539,0.00166067505954537,0.0478531826627478,0.00953361833228052,0.402269263053997,0.0237633686113926,NA,NA,9.14843664356494,0.0186174193105475,0.037221483644294,0.00670980653787722,NA,NA,0.0390172439402791,0.00634114232660882,NA,NA,7,0,0.0658599999998114,0.00163182882270657,5.92,0.153436818081115,0.262343709904927,0.00497333168487224,7,20,0.5,"RI_case7_R20_vara0.5_contam_rho25.rds"
"CIRG","contam",0.25,50,1,9.62360480696853,0.0491553394574143,0.00243139600872909,0.000208590138893705,0.121569800436454,0.0104295069446853,0.0395633639324535,0.00696732979802249,0.311460123926993,0.0501439490449776,NA,NA,9.21509805938525,0.0416945086225411,0.158753650535065,0.0153439672729214,NA,NA,0.131450345565784,0.02052835554903,NA,NA,5.28,0.491594656320071,157.892059999999,25.0831001556159,11.78,0.926829134683389,1.28935091412453e-05,0.000100649488592626,7,20,0.5,"RI_case7_R20_vara0.5_contam_rho25.rds"
"CPF","contam",0.25,50,1,9.2500345557037,0.0325539877673626,0.00116794946404105,3.32101308283036e-05,0.0583974732020526,0.00166050654141518,0.0297622340423806,0.00516442170121843,0.304250867309683,0.0171077733598759,NA,NA,9.15514128236792,0.0186262268363895,0.0526588425063223,0.00548010468818946,NA,NA,0.0410686974766345,0.00657201244777795,NA,NA,14.16,0.246377841569258,0.339959999999555,0.00828970150377222,6.94,0.16265651802846,0.451471515680272,0.00890987283726302,7,20,0.5,"RI_case7_R20_vara0.5_contam_rho25.rds"
"KM","contam",0.25,50,1,9.49643082669358,0.0400900442856346,0.00120665710759872,3.39315916507829e-05,0.0603328553799361,0.00169657958253915,0.0360188389630821,0.00655735828876406,0.000148590364925145,4.32985832429449e-07,NA,NA,9.42794964957556,0.0271245821679062,0.249851431723358,4.32857125325102e-07,NA,NA,0.219192307503233,0.0241935800805646,NA,NA,2,0,395.61348,14.6592719410839,17,0,3.69043865776498e-06,3.81123605473045e-05,7,20,0.5,"RI_case7_R20_vara0.5_contam_rho25.rds"
"LM","contam",0.25,50,1,9.49643081593734,0.0400900693800696,0.00120665673218299,3.39315183399035e-05,0.0603328366091494,0.00169657591699518,0.0360188414792914,0.00655735927435428,0,0,NA,NA,9.42780211290471,0.0271241359105251,0.25,0,NA,NA,0.219064866501478,0.0241853413234832,NA,NA,1,0,0.00781999999977415,0.00025981154858855,1,0,NA,NA,7,20,0.5,"RI_case7_R20_vara0.5_contam_rho25.rds"
"OBS","contam",0.25,50,1,9.24999706882349,0.0326931307596069,0.00116877961344431,3.32475447306235e-05,0.0584389806722153,0.00166237723653118,0.0288034728223303,0.00621262756669229,0.26676013313304,0.014613634092901,NA,NA,9.16127998255445,0.0186101592604629,0.064865192264776,0.00570296995152429,NA,NA,0.0429817961300522,0.0067746863629109,NA,NA,20,0,0.0686400000011781,0.00250285714304705,8.04,0.185075825608019,0.569457397804223,0.000945251283675142,7,20,0.5,"RI_case7_R20_vara0.5_contam_rho25.rds"
"ORACLE","contam",0.25,50,1,9.04815674467664,0.0310502693419794,0.0011507453082157,3.47017369516042e-05,0.0575372654107851,0.00173508684758021,0.0296571501064559,0.00668926883509566,0.479414672161767,0.0254102391323676,NA,NA,8.94968091880441,0.0164891439359358,0.0320620881076487,0.00792880064099189,NA,NA,0.0158547114516284,0.00263535615926372,NA,NA,20,0,0.0572800000020652,0.00217837985097142,6.56,0.148900733951947,1,0,7,20,0.5,"RI_case7_R20_vara0.5_contam_rho25.rds"
"BLM","contam",0.25,50,1,9.98520149949514,0.0555755956382686,0.00125733820617486,3.42450565255594e-05,0.062866910308743,0.00171225282627797,0.195949430412544,0.0446773438393243,1.73100415964782,0.0995446128990858,NA,NA,9.87757151601116,0.0476050907913322,0.754904050207076,0.132676942061021,NA,NA,0.881177754507417,0.0937164563379914,NA,NA,7,0,0.057259999999369,0.00250009142693499,4.54,0.086708519459963,0.272395273171415,0.00397159951559848,7,20,2.25,"RI_case7_R20_vara2.25_contam_rho25.rds"
"CIRG","contam",0.25,50,1,11.2839916021785,0.11108398058333,0.00293766933326535,0.000249862957933709,0.146883466663268,0.0124931478966855,0.158988233359142,0.0287026360102037,0.390521037924065,0.0628136019467429,NA,NA,10.8211869622048,0.106852599154124,3.65099389128967,0.201488628601545,NA,NA,3.87617837065826,0.436325581391764,NA,NA,5.46,0.578675475653193,148.792,22.6284633249403,11.12,0.72766890878773,0.000128297547514305,9.73053346818168e-05,7,20,2.25,"RI_case7_R20_vara2.25_contam_rho25.rds"
"CPF","contam",0.25,50,1,9.97420342945177,0.0547796029088301,0.00125361784511749,3.39670419240821e-05,0.0626808922558745,0.0016983520962041,0.129321473064887,0.0265996082670575,1.33130571954205,0.0711456397740882,NA,NA,9.87928282680269,0.0473049332658479,1.09202258183051,0.106613580899122,NA,NA,0.882788368363165,0.0931616783233504,NA,NA,15.02,0.261065321405997,0.35991999999882,0.00967238189030975,4.76,0.0928461531958396,0.483039023744578,0.00707770735054796,7,20,2.25,"RI_case7_R20_vara2.25_contam_rho25.rds"
"KM","contam",0.25,50,1,11.1431687441982,0.107775342060168,0.00142257108633025,4.03307749876351e-05,0.0711285543165123,0.00201653874938175,0.155186853174743,0.0284234721814463,0.000162885832088694,8.89465152412494e-07,NA,NA,11.0731233504394,0.10056831986888,5.06176704032616,4.00230020923631e-06,NA,NA,4.79342578723819,0.460344350963457,NA,NA,2,0,389.102159999998,15.3438270761615,18.2,0.0808122035641769,3.69043865776498e-06,3.81123605473045e-05,7,20,2.25,"RI_case7_R20_vara2.25_contam_rho25.rds"
"LM","contam",0.25,50,1,11.1431687534444,0.107775382197576,0.00142257065271988,4.03307289526624e-05,0.071128532635994,0.00201653644763312,0.155186860838555,0.0284234732922181,0,0,NA,NA,11.0729616120046,0.100567456267198,5.0625,0,NA,NA,4.79274669458744,0.460307963047603,NA,NA,1,0,0.00880000000062864,0.000979795896926124,1,0,NA,NA,7,20,2.25,"RI_case7_R20_vara2.25_contam_rho25.rds"
"OBS","contam",0.25,50,1,9.97266089317403,0.054670350455052,0.00125412121834794,3.38022663370475e-05,0.0627060609173972,0.00169011331685238,0.117667056578651,0.025273889755347,1.19525629738684,0.0577220360693017,NA,NA,9.88328193155317,0.0472819790740775,1.27574411715341,0.101033433975686,NA,NA,0.88973066232122,0.0935442156342209,NA,NA,20,0,0.0446400000000722,0.00167983478289683,5.14,0.0700437181264644,0.569457397804223,0.000945251283675142,7,20,2.25,"RI_case7_R20_vara2.25_contam_rho25.rds"
"ORACLE","contam",0.25,50,1,9.04953377594189,0.0311275345373414,0.00115116247683962,3.48240651680181e-05,0.0575581238419812,0.00174120325840091,0.119387785885358,0.0261622343071311,2.13916914617795,0.104181613239133,NA,NA,8.9497086506467,0.0164916308070456,0.544120096477227,0.144827015486634,NA,NA,0.0158559402668943,0.00264188467659762,NA,NA,20,0,0.0433000000013271,0.00165152990303338,5,0.0494871659305394,1,0,7,20,2.25,"RI_case7_R20_vara2.25_contam_rho25.rds"
"BLM","contam",0.25,50,1,9.29622539347984,0.0328764020864539,0.00124552494410126,3.16186959867196e-05,0.0622762472050628,0.00158093479933598,0.0240920287717496,0.00485742801071192,0.519830152625015,0.0195128348538047,NA,NA,9.11004193900731,0.0186076727729095,0.0190500204306923,0.00443171082574229,NA,NA,0.0290752571556482,0.00569047706413654,NA,NA,10,0,0.0716600000008475,0.00229811102547751,6.72,0.219535688140555,0.180895314264681,0.00273052699834558,7,50,0.5,"RI_case7_R50_vara0.5_contam_rho25.rds"
"CIRG","contam",0.25,50,1,9.63390435360264,0.0426708492107981,0.00261068773850436,0.000200482893071528,0.130534386925218,0.0100241446535764,0.0444012119328949,0.0260928415680066,0.394353045658419,0.0842773368439732,NA,NA,9.2077682232956,0.038769851276959,0.359192084731766,0.207581434369392,NA,NA,0.116819601645247,0.0197167117814284,NA,NA,4.66,0.464766783737076,150.017840000001,26.0667465844092,11.84,1.15964808173402,-9.26315994072883e-06,6.05065514312073e-05,7,50,0.5,"RI_case7_R50_vara0.5_contam_rho25.rds"
"CPF","contam",0.25,50,1,9.39206950496006,0.0334661629849149,0.00125859222407626,3.16490852934236e-05,0.0629296112038132,0.00158245426467118,0.121342909128038,0.0247415967800952,0.58862518314489,0.0444252528424468,NA,NA,9.26317199584497,0.0203454777256434,0.104560974503116,0.0326043042089476,NA,NA,0.0895424841273734,0.012040840844047,NA,NA,5.52,0.299986394249296,0.682099999999336,0.0123787259904375,6.14,0.110693546444632,0.0198629259129706,0.00226885838529439,7,50,0.5,"RI_case7_R50_vara0.5_contam_rho25.rds"
"KM","contam",0.25,50,1,9.51489586978099,0.0351456195605544,0.00128454206810636,3.29221776492126e-05,0.0642271034053181,0.00164610888246063,0.0153187802659306,0.00301528167811772,0.000148131404647706,3.7799039783978e-07,NA,NA,9.4215416988399,0.0237717989711598,0.249851890545266,3.77877771658842e-07,NA,NA,0.205387226750766,0.0230730794894176,NA,NA,2,0,366.75924,13.2541040746815,17,0,-5.29399019563174e-05,2.50038754576783e-05,7,50,0.5,"RI_case7_R50_vara0.5_contam_rho25.rds"
"LM","contam",0.25,50,1,9.51489614190141,0.0351456142284419,0.00128454211596364,3.29221631445302e-05,0.0642271057981821,0.00164610815722651,0.0153187861740394,0.00301528454381108,0,0,NA,NA,9.42139409591159,0.0237714260269444,0.25,0,NA,NA,0.20526193814152,0.0230658567121747,NA,NA,1,0,0.00772000000055414,0.000271112598205816,1,0,NA,NA,7,50,0.5,"RI_case7_R50_vara0.5_contam_rho25.rds"
"OBS","contam",0.25,50,1,9.285602139051,0.032853225405903,0.00124689471832131,3.19570013043803e-05,0.0623447359160653,0.00159785006521901,0.0130458446673097,0.00295617826569888,0.268973747677949,0.0100811870909905,NA,NA,9.15547207274543,0.0186736481992703,0.0583530155869859,0.00449828113504709,NA,NA,0.0412581171201956,0.00714398885707124,NA,NA,50,0,0.0975799999991432,0.0044175059914384,12.46,0.304000537056454,0.565009465732287,0.000990438950699169,7,50,0.5,"RI_case7_R50_vara0.5_contam_rho25.rds"
"ORACLE","contam",0.25,50,1,9.07670493974618,0.0318784758971286,0.00120800944152795,3.20773964617782e-05,0.0604004720763975,0.00160386982308891,0.0110017211670118,0.0024838600270037,0.478117628018276,0.0155394197419504,NA,NA,8.9500003508602,0.0164343513666658,0.0123110429334559,0.0025516859844,NA,NA,0.0157342722514114,0.00260566111123822,NA,NA,50,0,0.0732400000008056,0.0024711494473786,9.18,0.191001656152666,1,0,7,50,0.5,"RI_case7_R50_vara0.5_contam_rho25.rds"
"BLM","contam",0.25,50,1,9.31270935466197,0.0369438794262836,0.0020512775643046,6.40525693609999e-05,0.10256387821523,0.00320262846805,0.0683637524081461,0.0156141885852904,0.295201597355998,0.0215738905293562,NA,NA,9.13840929421486,0.0200135190449571,0.0647485906015945,0.00720309408022178,NA,NA,0.0387836390086354,0.00701892007219028,NA,NA,6,0,0.0620600000000513,0.00191543888508106,5.66,0.141738477197857,0.399137388511064,0.00744584182323276,8,10,0.5,"RI_case8_R10_vara0.5_contam_rho25.rds"
"CIRG","contam",0.25,50,1,9.61306704488701,0.0549567247270313,0.00218384540602779,6.14432845315511e-05,0.109192270301389,0.00307216422657756,0.0553435303310566,0.0111944997909934,0.0297255925273366,0.00635293431392392,NA,NA,9.35326402741328,0.0327131915827605,0.223135647269219,0.00553788514388076,NA,NA,0.177232965337239,0.0274904837814243,NA,NA,5.08,0.760150361065869,191.7743,35.4259372951428,20.44,1.96773152308408,0.000132344732209745,0.000223841178840022,8,10,0.5,"RI_case8_R10_vara0.5_contam_rho25.rds"
"CPF","contam",0.25,50,1,9.31098035990759,0.0370185071279124,0.00205252040752577,6.41314477433757e-05,0.102626020376289,0.00320657238716879,0.0585251876274092,0.015127917153306,0.24030327645125,0.0151177665811722,NA,NA,9.14128976578292,0.0199593686882937,0.0786411846756932,0.0070762928655115,NA,NA,0.0394832414383204,0.00708912094171035,NA,NA,9.42,0.0861417910381791,0.249859999999997,0.00827496889443049,6.52,0.176681426671318,0.553823776604325,0.00486435420599181,8,10,0.5,"RI_case8_R10_vara0.5_contam_rho25.rds"
"KM","contam",0.25,50,1,9.558427625507,0.0473366725270425,0.00211945113172092,6.38405415040913e-05,0.105972556586046,0.00319202707520456,0.0554635213000915,0.0111559117541374,0.000456905943893375,0.000201853901102573,NA,NA,9.37353476653886,0.0315513990584348,0.24954529932402,0.000200330133226077,NA,NA,0.188307270157929,0.0276347534020682,NA,NA,2,0,266.89826,9.84793351180366,19.54,0.871409835864168,1.15440349267755e-05,6.74031590866551e-05,8,10,0.5,"RI_case8_R10_vara0.5_contam_rho25.rds"
"LM","contam",0.25,50,1,9.55375978873395,0.0473413577916528,0.00211660459973424,6.37663798675515e-05,0.105830229986712,0.00318831899337757,0.0554591630968498,0.0111582239573232,0,0,NA,NA,9.37358545103925,0.0315492040659383,0.25,0,NA,NA,0.188338350810716,0.0276321549259738,NA,NA,1,0,0.00996000000006156,0.00126747700541534,1,0,NA,NA,8,10,0.5,"RI_case8_R10_vara0.5_contam_rho25.rds"
"OBS","contam",0.25,50,1,9.31089773842148,0.0370198939144143,0.00205256570314856,6.41624998443371e-05,0.102628285157428,0.00320812499221686,0.0546300733434507,0.0137061634287227,0.232096650503792,0.0143076978684886,NA,NA,9.14196291580042,0.0199771212754005,0.0818030053677891,0.00699249600146879,NA,NA,0.039708652810708,0.0071284306640352,NA,NA,10,0,0.0525200000000865,0.00179642274920555,6.7,0.196396101212393,0.574747545000269,0.00158701924397907,8,10,0.5,"RI_case8_R10_vara0.5_contam_rho25.rds"
"ORACLE","contam",0.25,50,1,9.12207367356149,0.032397963086095,0.00200631023853318,6.45599517903149e-05,0.100315511926659,0.00322799758951574,0.0549736661134772,0.013870460263636,0.418116535417117,0.0257969714927893,NA,NA,8.95010502408972,0.0163928037372763,0.0393136049438857,0.00588816252895609,NA,NA,0.0156569853251614,0.00252926125640833,NA,NA,10,0,0.0432799999999463,0.000965122388360682,5.58,0.145938203304253,1,0,8,10,0.5,"RI_case8_R10_vara0.5_contam_rho25.rds"
"BLM","contam",0.25,50,1,9.981480160732,0.0700328502243792,0.00219874253525116,6.42611856340109e-05,0.109937126762558,0.00321305928170054,0.297810184565862,0.0685406954449721,1.26786737726435,0.0946353160465735,NA,NA,9.80744610177456,0.0595600570835708,1.40342079776012,0.142455797074829,NA,NA,0.825791826861048,0.111021811509475,NA,NA,6,0,0.0494599999998172,0.000620868384647902,4.54,0.091294544620974,0.400042200757435,0.0074475955778389,8,10,2.25,"RI_case8_R10_vara2.25_contam_rho25.rds"
"CIRG","contam",0.25,50,1,11.1265190468231,0.138753682674877,0.00253004216736239,6.72259227880249e-05,0.126502108368119,0.00336129613940125,0.239500289313912,0.0487704514869437,0.0307541075875178,0.00680107199908703,NA,NA,10.8527537343558,0.128723950056495,4.92731880542618,0.0296219902283252,NA,NA,4.24461931075847,0.554894537961665,NA,NA,4.98,0.735396602701771,157.77402,33.4287375761498,23.3,3.66408381510053,9.7134157321412e-05,0.000245375845278687,8,10,2.25,"RI_case8_R10_vara2.25_contam_rho25.rds"
"CPF","contam",0.25,50,1,9.97599612532517,0.0696288045204075,0.00220192582104162,6.4440971732508e-05,0.110096291052081,0.0032220485866254,0.223631324566458,0.0580168396574242,1.07459748193524,0.06378883049968,NA,NA,9.80682051207845,0.0593212308833246,1.58095280940231,0.138266960831959,NA,NA,0.82339075195265,0.110683878335981,NA,NA,9.42,0.0993447922897926,0.257779999999839,0.010431517783315,4.54,0.0956609659587612,0.563122089297481,0.00320232301900539,8,10,2.25,"RI_case8_R10_vara2.25_contam_rho25.rds"
"KM","contam",0.25,50,1,11.0935546821623,0.139954291266272,0.00247443843081697,6.84936519342851e-05,0.123721921540848,0.00342468259671425,0.239117074469001,0.0488146252991979,0.000576540161072332,0.000279544476143645,NA,NA,10.87506385825,0.128476631261983,5.05990973078432,0.00125499645516491,NA,NA,4.3246704667564,0.557594084621972,NA,NA,2,0,252.75806,8.22104550317254,20.58,0.499869370691086,1.15440349267755e-05,6.74031590866551e-05,8,10,2.25,"RI_case8_R10_vara2.25_contam_rho25.rds"
"LM","contam",0.25,50,1,11.0880069607103,0.140457975391971,0.00247081634332591,6.84633550368941e-05,0.123540817166295,0.00342316775184471,0.239111223970874,0.048819817699017,0,0,NA,NA,10.8751523033461,0.128460203709947,5.0625,0,NA,NA,4.32479533366711,0.557516654540122,NA,NA,1,0,0.00843999999968219,0.00105217364892889,1,0,NA,NA,8,10,2.25,"RI_case8_R10_vara2.25_contam_rho25.rds"
"OBS","contam",0.25,50,1,9.97628181992469,0.0696538438928014,0.00220213822032087,6.44319055147728e-05,0.110106911016044,0.00322159527573864,0.223259125696143,0.0578737951164902,1.05676777294435,0.0627302760508546,NA,NA,9.8075241741827,0.0593157912665493,1.6166224368216,0.13847543905386,NA,NA,0.824495083474723,0.110764098879849,NA,NA,10,0,0.0359400000001915,0.00135146481381976,4.58,0.0951475760305526,0.574747545000269,0.00158701924397907,8,10,2.25,"RI_case8_R10_vara2.25_contam_rho25.rds"
"ORACLE","contam",0.25,50,1,9.12200693079607,0.0324335415550228,0.00200570591283846,6.44856683779501e-05,0.100285295641923,0.00322428341889751,0.228957412853233,0.0599808547302257,1.88861275901038,0.111318415244608,NA,NA,8.95015142986771,0.016386867356671,0.737798427006063,0.10766392366629,NA,NA,0.0156428216107256,0.00252723277005477,NA,NA,10,0,0.0320399999994697,0.000404020609740036,4.24,0.0610118757258932,1,0,8,10,2.25,"RI_case8_R10_vara2.25_contam_rho25.rds"
"BLM","contam",0.25,50,1,9.29939051533975,0.035617662110514,0.00199579589719781,6.52465082474812e-05,0.0997897948598905,0.00326232541237406,0.0474464578329903,0.00947727067162968,0.408335405370762,0.0239597535322514,NA,NA,9.1481048915796,0.0181108428038709,0.036531817585528,0.00660406054670716,NA,NA,0.0380071876360635,0.00617950629359826,NA,NA,7,0,0.0622799999998824,0.0022362578070854,5.86,0.142885711429143,0.262893231356436,0.0050727712065679,8,20,0.5,"RI_case8_R20_vara0.5_contam_rho25.rds"
"CIRG","contam",0.25,50,1,9.60047657141145,0.0467938544151604,0.00211823647625235,6.56238240402994e-05,0.105911823812617,0.00328119120201497,0.0362537995622885,0.0066519288200886,0.0278928252011241,0.00598517492353078,NA,NA,9.40956983993027,0.0275633774045958,0.224640478120974,0.00523448678044377,NA,NA,0.204974702703964,0.0237098761509899,NA,NA,3.98,0.543225438976324,130.088720000001,26.7949917039648,17.92,1.58045201490857,-1.28628693560224e-05,0.000115357769391352,8,20,0.5,"RI_case8_R20_vara0.5_contam_rho25.rds"
"CPF","contam",0.25,50,1,9.29718472821613,0.0356617005602728,0.00199519863603079,6.52180541806103e-05,0.0997599318015394,0.00326090270903051,0.031952653677703,0.00613916789493494,0.299345775883111,0.0156739494626454,NA,NA,9.15475684414443,0.0181447050214771,0.0523000795520715,0.00529304866641362,NA,NA,0.0400819665050471,0.00641569219782636,NA,NA,14.06,0.202857142857143,0.348340000000317,0.00564396806424475,6.88,0.155550372443614,0.448148504906819,0.0071345881383764,8,20,0.5,"RI_case8_R20_vara0.5_contam_rho25.rds"
"KM","contam",0.25,50,1,9.54789212388279,0.0429733159677223,0.00204248876674148,6.61761172971081e-05,0.102124438337074,0.0033088058648554,0.0361308526875688,0.00657991834271547,0.000170851080818707,8.80855617637915e-06,NA,NA,9.4280858056564,0.0266388163161362,0.249829181911216,8.80226889285257e-06,NA,NA,0.218029157206009,0.0236927718859666,NA,NA,2,0,242.897139999999,7.47054562584049,20,1.4456126446484,6.25105547606993e-06,6.89943611850054e-05,8,20,0.5,"RI_case8_R20_vara0.5_contam_rho25.rds"
"LM","contam",0.25,50,1,9.54807081417355,0.0429842013980486,0.00204245767652794,6.61695655106931e-05,0.102122883826397,0.00330847827553465,0.0361317853370203,0.00658006676933392,0,0,NA,NA,9.42797900488598,0.0266373501823828,0.25,0,NA,NA,0.217933901435399,0.0236854811060044,NA,NA,1,0,0.00839999999952852,0.00101015254443461,1,0,NA,NA,8,20,0.5,"RI_case8_R20_vara0.5_contam_rho25.rds"
"OBS","contam",0.25,50,1,9.29671837970306,0.0357412045898781,0.00199493913814636,6.52284872740005e-05,0.0997469569073182,0.00326142436370003,0.0287238286067594,0.00609075818436546,0.26714830269841,0.0144980855881196,NA,NA,9.1609159048393,0.0181071460559492,0.0645194427365331,0.00566243534531614,NA,NA,0.0419594966065345,0.00660794760984336,NA,NA,20,0,0.0562799999996787,0.00113174598707855,7.98,0.1795459124956,0.569457397804223,0.000945251283675142,8,20,0.5,"RI_case8_R20_vara0.5_contam_rho25.rds"
"ORACLE","contam",0.25,50,1,9.09695346094967,0.0341705101994317,0.00195792125113398,6.33538858930457e-05,0.0978960625566989,0.00316769429465228,0.0295298147628305,0.00658564292500096,0.479157893903647,0.0251507712251733,NA,NA,8.94964854007819,0.0161736874917979,0.0314298967543608,0.00789455231715807,NA,NA,0.0153530897032924,0.00240468883360168,NA,NA,20,0,0.0469600000001083,0.000926683795708035,6.52,0.146357125427037,1,0,8,20,0.5,"RI_case8_R20_vara0.5_contam_rho25.rds"
"BLM","contam",0.25,50,1,10.0296116223143,0.0568354204156622,0.00214126599226508,7.11809251604615e-05,0.107063299613254,0.00355904625802308,0.185799498496553,0.043874198140747,1.73021011997207,0.0911992261700515,NA,NA,9.87712097692716,0.0471068661982469,0.677729163226246,0.0974568403407257,NA,NA,0.878074993473613,0.0922668276957614,NA,NA,7,0,0.052039999999397,0.00112048094618351,4.62,0.0802546966010751,0.274521446264052,0.0041508075424192,8,20,2.25,"RI_case8_R20_vara2.25_contam_rho25.rds"
"CIRG","contam",0.25,50,1,11.2792559459451,0.113535550932598,0.00246782022464868,8.18109929485748e-05,0.123391011232434,0.00409054964742874,0.155667326922602,0.0284865884177241,0.0258342651260013,0.00564977796009776,NA,NA,11.0562521501485,0.100508414882638,4.94847729574652,0.0248278145848029,NA,NA,4.72316803663912,0.459480783869526,NA,NA,4.08,0.584730881758123,132.239979999999,19.1621836875311,20.62,1.95769335323644,-7.18626908505583e-05,9.8328848957931e-05,8,20,2.25,"RI_case8_R20_vara2.25_contam_rho25.rds"
"CPF","contam",0.25,50,1,10.0189843628267,0.0561533689402128,0.00214330090992172,7.11907530635019e-05,0.107165045496086,0.0035595376531751,0.136554341211945,0.0266720753625795,1.3156655490761,0.0669758676205859,NA,NA,9.87901328082539,0.0467737719139391,1.09278344151625,0.102645602363121,NA,NA,0.87986584908122,0.09161920404072,NA,NA,14.78,0.196479214250905,0.408540000000503,0.00861925750837101,4.8,0.0755928946018454,0.48010995120316,0.00555821596693602,8,20,2.25,"RI_case8_R20_vara2.25_contam_rho25.rds"
"KM","contam",0.25,50,1,11.2051982366961,0.10989133546526,0.00240030737992526,8.20765173913337e-05,0.120015368996263,0.00410382586956669,0.155458629428752,0.0284351014742661,0.000182410943856242,5.55063152713212e-06,NA,NA,11.0732513410814,0.100091344261672,5.06167918553607,2.49749683290425e-05,NA,NA,4.78926670590516,0.458251147246359,NA,NA,2,0,242.76216,7.46434688064401,20.88,0.822460221729009,6.25105547606993e-06,6.89943611850054e-05,8,20,2.25,"RI_case8_R20_vara2.25_contam_rho25.rds"
"LM","contam",0.25,50,1,11.2055043114059,0.109902232046622,0.00240030425953843,8.20705435919999e-05,0.120015212976922,0.00410352717959999,0.155461730274714,0.0284357298359673,0,0,NA,NA,11.0731319974555,0.10008931879415,5.0625,0,NA,NA,4.78875199397121,0.458215264212461,NA,NA,1,0,0.00932000000000698,0.00137542275495869,1,0,NA,NA,8,20,2.25,"RI_case8_R20_vara2.25_contam_rho25.rds"
"OBS","contam",0.25,50,1,10.0181058523681,0.0561349733964249,0.00214300489028409,7.12158544164713e-05,0.107150244514204,0.00356079272082356,0.117421686766825,0.0249976485323687,1.19569179388951,0.0575679793598758,NA,NA,9.88269568546183,0.0467677413088332,1.27395533360329,0.100918584474098,NA,NA,0.886325532862293,0.0920419881797205,NA,NA,20,0,0.0385199999994074,0.000390959051404146,5.12,0.0678533833545024,0.569457397804223,0.000945251283675142,8,20,2.25,"RI_case8_R20_vara2.25_contam_rho25.rds"
"ORACLE","contam",0.25,50,1,9.09828330610903,0.0342343135357446,0.00195889700215831,6.33415623618635e-05,0.0979448501079156,0.00316707811809317,0.119134409241304,0.0259461169098421,2.13847812603161,0.103675558762515,NA,NA,8.94968221771021,0.0161764554748528,0.539119581124682,0.144618225533631,NA,NA,0.0153540870893278,0.00241161721775458,NA,NA,20,0,0.038279999998922,0.00110066399243971,4.98,0.053375833406484,1,0,8,20,2.25,"RI_case8_R20_vara2.25_contam_rho25.rds"
"BLM","contam",0.25,50,1,9.33568380278745,0.0364059242198425,0.00199462324460369,6.23909616698535e-05,0.0997311622301845,0.00311954808349268,0.0220514167241993,0.00475191199389568,0.523997003631331,0.0190477099672599,NA,NA,9.1132029474568,0.0188207348071413,0.0183538036781279,0.00392018196899869,NA,NA,0.0301716901882632,0.0057742861059796,NA,NA,9.98,0.02,0.0773199999998906,0.00353298624914567,6.72,0.215785229582848,0.177167103232089,0.00289569480716887,8,50,0.5,"RI_case8_R50_vara0.5_contam_rho25.rds"
"CIRG","contam",0.25,50,1,9.57898598338438,0.0387694525910217,0.00209291112936966,6.56705530029098e-05,0.104645556468483,0.00328352765014549,0.0154023483837853,0.00297794558138623,0.0255523652182614,0.00564775271026107,NA,NA,9.40770857903404,0.0242055326831379,0.226663516573123,0.00497482891037323,NA,NA,0.194935768229206,0.0220876542971662,NA,NA,5.06,0.708784530167019,132.755559999999,14.6991049098907,20.98,2.0123070321988,1.45841838435657e-05,5.74285939772401e-05,8,50,0.5,"RI_case8_R50_vara0.5_contam_rho25.rds"
"CPF","contam",0.25,50,1,9.43489445797751,0.0362399158286379,0.00202690810565962,6.53923155232504e-05,0.101345405282981,0.00326961577616252,0.112674896615228,0.0254466141924135,0.598335283153413,0.0428474782527732,NA,NA,9.26519863059547,0.0206582369761302,0.0996292411513337,0.0342038541770608,NA,NA,0.0912416886628482,0.012352626470468,NA,NA,5.66,0.318939569479223,0.859740000000456,0.0222542783780045,6.08,0.124014482366918,0.0206826410309802,0.00242579319935722,8,50,0.5,"RI_case8_R50_vara0.5_contam_rho25.rds"
"KM","contam",0.25,50,1,9.55842124546288,0.0389004144247195,0.00204329881227012,6.4048930143278e-05,0.102164940613506,0.0032024465071639,0.0155669127722841,0.0030212243330436,0.000368277322467148,0.000142955213696313,NA,NA,9.42524339309803,0.0240634960385652,0.249632859679182,0.000142057052169636,NA,NA,0.209205483611833,0.0232939303084277,NA,NA,2,0,262.121400000001,8.78195163656338,21.36,1.52870760408114,3.66176451381431e-05,3.10770959142863e-05,8,50,0.5,"RI_case8_R50_vara0.5_contam_rho25.rds"
"LM","contam",0.25,50,1,9.55938684892835,0.0388351857839474,0.00204272587403582,6.41674307424139e-05,0.102136293701791,0.0032083715371207,0.0155589124730764,0.00302142163974878,0,0,NA,NA,9.42526449851215,0.0240572076346969,0.25,0,NA,NA,0.209208606414559,0.0232831422367194,NA,NA,1,0,0.00945999999908963,0.00104908512135358,1,0,NA,NA,8,50,0.5,"RI_case8_R50_vara0.5_contam_rho25.rds"
"OBS","contam",0.25,50,1,9.32817546121204,0.0362581870463034,0.00199323380486708,6.26220528506092e-05,0.0996616902433541,0.00313110264253046,0.0132857901066449,0.00298895584042637,0.269839535245433,0.0102463321284846,NA,NA,9.15861112016578,0.0189270207780359,0.0581182183183118,0.00447926580809923,NA,NA,0.0427108611013206,0.00729389460745462,NA,NA,50,0,0.0896199999994133,0.00224533802722622,12.42,0.306514307020347,0.565009465732287,0.000990438950699169,8,50,0.5,"RI_case8_R50_vara0.5_contam_rho25.rds"
"ORACLE","contam",0.25,50,1,9.12056875333823,0.0348782461465185,0.00197943583232855,6.32179032950751e-05,0.0989717916164274,0.00316089516475375,0.0111641308955362,0.00249952942904308,0.480405693947398,0.0158983283425359,NA,NA,8.95222405791247,0.0166350034591754,0.01276902218995,0.00268651385468446,NA,NA,0.0158419843066028,0.00259449427214031,NA,NA,50,0,0.06781999999861,0.00138584388187436,9.14,0.187377170652224,1,0,8,50,0.5,"RI_case8_R50_vara0.5_contam_rho25.rds"
"BLM","contam",0.25,50,1,10.0964182185289,0.0481655138570965,0.00212046851522162,6.35634358209463e-05,0.106023425761081,0.00317817179104731,0.121179531222255,0.0174566373261239,2.01250216590401,0.0709931055281515,NA,NA,9.84719485297638,0.0376217353135275,0.303366251794319,0.0486355229953639,NA,NA,0.787093472341731,0.0701354843274692,NA,NA,9.98,0.02,0.0767999999999301,0.0040131416774613,5,0.110656667034498,0.17987727847918,0.00314655928525455,8,50,2.25,"RI_case8_R50_vara2.25_contam_rho25.rds"
"CIRG","contam",0.25,50,1,11.2802225100963,0.0799606326808417,0.00245095948353641,7.10976335638533e-05,0.12254797417682,0.00355488167819267,0.0685453643975065,0.0136925810895316,0.0225471291381561,0.00545964517514926,NA,NA,11.0698200976091,0.0717356098265044,4.96300687045716,0.0239647328835429,NA,NA,4.53630912460844,0.311088164521557,NA,NA,3.78,0.531681967237666,125.73518,15.1678869735708,19.64,1.52523266876813,-5.88169523576188e-05,5.27623725893942e-05,8,50,2.25,"RI_case8_R50_vara2.25_contam_rho25.rds"
"CPF","contam",0.25,50,1,10.5368344609476,0.060436323859927,0.0022410233883715,6.72789248733423e-05,0.112051169418575,0.00336394624366711,0.297068252878671,0.0807392385010524,2.60213802479662,0.156942170196557,NA,NA,10.3392811312986,0.0493815311099383,1.33091258302192,0.474481326405119,NA,NA,1.91316219377591,0.144568915614345,NA,NA,6.96,0.310312548168811,1.17295999999915,0.0199031934672308,4.96,0.0568564249775211,0.0273794792733664,0.00320985189101728,8,50,2.25,"RI_case8_R50_vara2.25_contam_rho25.rds"
"KM","contam",0.25,50,1,11.2458722658686,0.0813180585394085,0.00238250504585738,7.00270502932103e-05,0.119125252292869,0.00350135251466052,0.0681134733166272,0.0135650307586373,0.00043767365344513,0.000250865397349644,NA,NA,11.0840898681238,0.0728433269129882,5.06053374385666,0.0011256570093361,NA,NA,4.60343194192818,0.319759284036987,NA,NA,2,0,268.183520000001,7.84905802611605,21.62,0.931047248850367,3.66176451381431e-05,3.10770959142863e-05,8,50,2.25,"RI_case8_R50_vara2.25_contam_rho25.rds"
"LM","contam",0.25,50,1,11.248682654293,0.0809649106353318,0.00238232212213051,7.00274920069482e-05,0.119116106106525,0.00350137460034741,0.0681122179809742,0.0135647661167556,0,0,NA,NA,11.0841035924843,0.0728257498552646,5.0625,0,NA,NA,4.60336368646287,0.319685858064554,NA,NA,1,0,0.0143799999999464,0.00326351381951343,1,0,NA,NA,8,50,2.25,"RI_case8_R50_vara2.25_contam_rho25.rds"
"OBS","contam",0.25,50,1,10.0808385983515,0.0480481842911374,0.00211796151746649,6.38105804023059e-05,0.105898075873325,0.0031905290201153,0.0496290413872757,0.0113839157402579,1.21114680084573,0.036660042485453,NA,NA,9.88856772265488,0.0376185782411748,1.1450699464298,0.0734397567850563,NA,NA,0.858895311759557,0.0731894027367733,NA,NA,50,0,0.0544200000012643,0.00108085000557216,6.4,0.0903507902905251,0.565009465732287,0.000990438950699169,8,50,2.25,"RI_case8_R50_vara2.25_contam_rho25.rds"
"ORACLE","contam",0.25,50,1,9.12678811001793,0.0350342637446889,0.0019831558988114,6.30017723128157e-05,0.0991577949405699,0.00315008861564079,0.0429452284931376,0.00999857431458223,2.1559598940432,0.0660531257278283,NA,NA,8.95207358554917,0.0166143781439172,0.222631297030765,0.0481912740635224,NA,NA,0.0158227816964575,0.00259487403574248,NA,NA,50,0,0.0517400000014459,0.000866524844645726,6.16,0.0523722936566382,1,0,8,50,2.25,"RI_case8_R50_vara2.25_contam_rho25.rds"
"BLM","contam",0.25,50,1,9.29236346837165,0.0382987626933349,0.00123969493190181,2.98467291661012e-05,0.0619847465950903,0.00149233645830506,0.0683637524081435,0.0156141885852887,0.295201597355998,0.0215738905293562,NA,NA,9.13840929421486,0.0200135190449571,0.0647485906015945,0.00720309408022178,NA,NA,0.0387836390086355,0.00701892007219027,NA,NA,6,0,0.0735999999999342,0.00171856608479641,5.66,0.141738477197857,0.399137388511064,0.00744584182323276,9,10,0.5,"RI_case9_R10_vara0.5_contam_rho25.rds"
"CIRG","contam",0.25,50,1,9.88589876536872,0.0700113033129181,0.00668852766552294,0.000638552886783904,0.334426383276147,0.0319276443391952,0.0601411712768535,0.0118459744749861,0.690813829866019,0.0729852744696334,NA,NA,8.97447951710491,0.0545937743782252,0.297425581849116,0.0648355949578507,NA,NA,0.146694824889366,0.0245459227433528,NA,NA,4.84,0.560873953608772,176.8849,31.144440412051,8.84,1.96403582826126,-0.000114508160673207,0.000104427692972042,9,10,0.5,"RI_case9_R10_vara0.5_contam_rho25.rds"
"CPF","contam",0.25,50,1,9.29064735406437,0.0382845681928757,0.00124074051725952,2.99635901641073e-05,0.0620370258629761,0.00149817950820537,0.0585251876274109,0.0151279171533065,0.24030327645125,0.0151177665811722,NA,NA,9.14128976578293,0.0199593686882937,0.0786411846756932,0.0070762928655115,NA,NA,0.0394832414383205,0.00708912094171037,NA,NA,9.42,0.0861417910381791,0.29563999999998,0.00858445486365588,6.52,0.176681426671318,0.553823776604325,0.00486435420599181,9,10,0.5,"RI_case9_R10_vara0.5_contam_rho25.rds"
"KM","contam",0.25,50,1,9.5289645643338,0.0491657872875824,0.00128440275982137,3.0677075694123e-05,0.0642201379910686,0.00153385378470615,0.0554498252536917,0.0111551388967519,0.000169060468832573,4.22154253094332e-06,NA,NA,9.37367867125956,0.0315472812212927,0.249830968985859,4.21979394379534e-06,NA,NA,0.18840206602462,0.0276339676336113,NA,NA,2,0,409.64126,16.0599728189165,21.38,1.19074320814989,-4.23233687222407e-05,3.76750512027236e-05,9,10,0.5,"RI_case9_R10_vara0.5_contam_rho25.rds"
"LM","contam",0.25,50,1,9.52894552328778,0.049164180939794,0.0012846235213522,3.06495973288852e-05,0.0642311760676098,0.00153247986644426,0.0554591630968497,0.0111582239573231,0,0,NA,NA,9.37358545103925,0.0315492040659383,0.25,0,NA,NA,0.188338350810716,0.0276321549259738,NA,NA,1,0,0.0121200000002641,0.00178808756575729,1,0,NA,NA,9,10,0.5,"RI_case9_R10_vara0.5_contam_rho25.rds"
"OBS","contam",0.25,50,1,9.29058989916577,0.0382720970404873,0.00124072142479942,2.99854012070772e-05,0.0620360712399709,0.00149927006035386,0.054630073343452,0.0137061634287231,0.232096650503792,0.0143076978684886,NA,NA,9.14196291580042,0.0199771212754005,0.0818030053677891,0.00699249600146879,NA,NA,0.039708652810708,0.00712843066403518,NA,NA,10,0,0.0644400000000501,0.00195983339564073,6.7,0.196396101212393,0.574747545000269,0.00158701924397907,9,10,0.5,"RI_case9_R10_vara0.5_contam_rho25.rds"
"ORACLE","contam",0.25,50,1,9.10147675985236,0.0331338505325571,0.00121324491881813,3.00373599158422e-05,0.0606622459409063,0.00150186799579211,0.0549736661134795,0.0138704602636368,0.418116535417117,0.0257969714927893,NA,NA,8.95010502408972,0.0163928037372763,0.0393136049438857,0.00588816252895608,NA,NA,0.0156569853251614,0.00252926125640831,NA,NA,10,0,0.0526600000000587,0.00119407038386043,5.58,0.145938203304253,1,0,9,10,0.5,"RI_case9_R10_vara0.5_contam_rho25.rds"
"BLM","contam",0.25,50,1,9.96294395530216,0.0714380501815886,0.0013312883478067,3.07725280916376e-05,0.0665644173903348,0.00153862640458188,0.297810184565841,0.0685406954449524,1.26786737726435,0.0946353160465736,NA,NA,9.80744610177456,0.0595600570835707,1.40342079776012,0.142455797074829,NA,NA,0.825791826861048,0.111021811509475,NA,NA,6,0,0.0526599999999598,0.000715775589069065,4.54,0.091294544620974,0.400042200757435,0.0074475955778389,9,10,2.25,"RI_case9_R10_vara2.25_contam_rho25.rds"
"CIRG","contam",0.25,50,1,11.5599058687777,0.157985934842762,0.0107120486361963,0.00125110428149458,0.535602431809814,0.0625552140747288,0.237859167970252,0.0499891866432512,1.05121434269888,0.116398833456415,NA,NA,10.3133515131338,0.146985486127284,2.10097278522158,0.229516831857185,NA,NA,2.78352412052249,0.45413840004712,NA,NA,4.3,0.418208033380127,143.09598,25.6856931016676,6.76,0.524159190649994,9.35775900654174e-06,0.000122094575639091,9,10,2.25,"RI_case9_R10_vara2.25_contam_rho25.rds"
"CPF","contam",0.25,50,1,9.957401141417,0.0710094200576375,0.00133304954570334,3.0791297571053e-05,0.0666524772851669,0.00153956487855265,0.223631324566454,0.0580168396574208,1.07459748193524,0.06378883049968,NA,NA,9.80682051207845,0.0593212308833246,1.58095280940231,0.138266960831959,NA,NA,0.823390751952649,0.110683878335981,NA,NA,9.42,0.0993447922897926,0.268800000000192,0.00948635970271871,4.54,0.0956609659587612,0.563122089297481,0.00320232301900539,9,10,2.25,"RI_case9_R10_vara2.25_contam_rho25.rds"
"KM","contam",0.25,50,1,11.0600753136991,0.1424622257003,0.00150504134189719,3.49198556910474e-05,0.0752520670948594,0.00174599278455237,0.239100989331723,0.0488154307900914,0.000332502768131364,0.000151253750853478,NA,NA,10.8751721881649,0.128432125117936,5.06100496910866,0.00067944448264953,NA,NA,4.3245164626201,0.557272551014559,NA,NA,2,0,335.29726,13.1759877092433,21.84,1.00868069015615,-4.23233687222407e-05,3.76750512027236e-05,9,10,2.25,"RI_case9_R10_vara2.25_contam_rho25.rds"
"LM","contam",0.25,50,1,11.0597330688493,0.142381116660206,0.00150650615910217,3.47450036261574e-05,0.0753253079551083,0.00173725018130787,0.239111223970874,0.048819817699017,0,0,NA,NA,10.8751523033461,0.128460203709947,5.0625,0,NA,NA,4.32479533366711,0.557516654540122,NA,NA,1,0,0.00807999999982712,0.000260047091486916,1,0,NA,NA,9,10,2.25,"RI_case9_R10_vara2.25_contam_rho25.rds"
"OBS","contam",0.25,50,1,9.95765020461892,0.071028998320278,0.00133319706426812,3.07985926930912e-05,0.066659853213406,0.00153992963465456,0.223259125696147,0.0578737951164904,1.05676777294435,0.0627302760508546,NA,NA,9.8075241741827,0.0593157912665492,1.6166224368216,0.138475439053859,NA,NA,0.824495083474722,0.110764098879849,NA,NA,10,0,0.0369200000008277,0.000738912604269413,4.58,0.0951475760305526,0.574747545000269,0.00158701924397907,9,10,2.25,"RI_case9_R10_vara2.25_contam_rho25.rds"
"ORACLE","contam",0.25,50,1,9.101426951116,0.0331885555715108,0.00121289493499542,2.99750003811572e-05,0.0606447467497712,0.00149875001905786,0.228957412853215,0.0599808547302195,1.88861275901038,0.111318415244608,NA,NA,8.95015142986771,0.016386867356671,0.737798427006063,0.10766392366629,NA,NA,0.0156428216107256,0.00252723277005477,NA,NA,10,0,0.0341600000003382,0.000528656363826432,4.24,0.0610118757258932,1,0,9,10,2.25,"RI_case9_R10_vara2.25_contam_rho25.rds"
"BLM","contam",0.25,50,1,9.30641592365884,0.0352097315381693,0.00120909967027232,3.49701339350728e-05,0.0604549835136162,0.00174850669675364,0.0474464578329893,0.00947727067162979,0.408335405370762,0.0239597535322514,NA,NA,9.1481048915796,0.0181108428038708,0.036531817585528,0.00660406054670714,NA,NA,0.0380071876360635,0.00617950629359825,NA,NA,7,0,0.0591999999999825,0.000952761828645129,5.86,0.142885711429143,0.262893231356436,0.0050727712065679,9,20,0.5,"RI_case9_R20_vara0.5_contam_rho25.rds"
"CIRG","contam",0.25,50,1,10.0368154476801,0.0656480263824316,0.00837613456085781,0.00088227057028793,0.41880672804289,0.0441135285143965,0.0352343913902236,0.00643934183676474,0.89786067766842,0.077506476007058,NA,NA,8.92093160181219,0.0544218169559961,0.452648556163374,0.100559780452027,NA,NA,0.151376785470792,0.024291058271714,NA,NA,5.6,0.615447406529658,149.8913,21.5040598300245,7.12,0.90153610406837,-0.00010895764677167,7.8446684955748e-05,9,20,0.5,"RI_case9_R20_vara0.5_contam_rho25.rds"
"CPF","contam",0.25,50,1,9.30423163781245,0.0352038512672892,0.00120875867700675,3.49358193813277e-05,0.0604379338503376,0.00174679096906639,0.0319526536777036,0.00613916789493509,0.299345775883111,0.0156739494626454,NA,NA,9.15475684414443,0.0181447050214771,0.0523000795520715,0.00529304866641362,NA,NA,0.0400819665050471,0.00641569219782636,NA,NA,14.06,0.202857142857143,0.348000000000029,0.00522294779541855,6.88,0.155550372443614,0.448148504906819,0.0071345881383764,9,20,0.5,"RI_case9_R20_vara0.5_contam_rho25.rds"
"KM","contam",0.25,50,1,9.55188264090056,0.0435960242760603,0.0012430208571491,3.40793535030394e-05,0.0621510428574548,0.00170396767515197,0.0361386315860788,0.00657944835866478,0.000406875626012208,0.000179030608048037,NA,NA,9.42795255503507,0.0266383712061956,0.249594860467735,0.00017769545367381,NA,NA,0.217913927566476,0.0236801463291411,NA,NA,2,0,312.574899999999,12.1041196940699,19.56,0.723461069006029,2.1733507199694e-05,4.02453318855145e-05,9,20,0.5,"RI_case9_R20_vara0.5_contam_rho25.rds"
"LM","contam",0.25,50,1,9.55188528547397,0.0436002441486904,0.00124021972321172,3.44985715830507e-05,0.062010986160586,0.00172492857915254,0.0361317853370202,0.00658006676933392,0,0,NA,NA,9.42797900488598,0.0266373501823828,0.25,0,NA,NA,0.217933901435399,0.0236854811060043,NA,NA,1,0,0.00737999999895692,0.000189284366510955,1,0,NA,NA,9,20,0.5,"RI_case9_R20_vara0.5_contam_rho25.rds"
"OBS","contam",0.25,50,1,9.30376787235505,0.0352617146581185,0.00120896910530744,3.49181627937447e-05,0.0604484552653721,0.00174590813968724,0.0287238286067592,0.00609075818436546,0.26714830269841,0.0144980855881196,NA,NA,9.1609159048393,0.0181071460559492,0.0645194427365331,0.00566243534531614,NA,NA,0.0419594966065345,0.00660794760984337,NA,NA,20,0,0.0562600000003295,0.00111641189118248,7.98,0.1795459124956,0.569457397804223,0.000945251283675142,9,20,0.5,"RI_case9_R20_vara0.5_contam_rho25.rds"
"ORACLE","contam",0.25,50,1,9.09711188660195,0.0336269135506935,0.00118451545592023,3.36566002808333e-05,0.0592257727960115,0.00168283001404166,0.0295298147628305,0.00658564292500098,0.479157893903647,0.0251507712251733,NA,NA,8.94964854007819,0.0161736874917979,0.0314298967543608,0.00789455231715808,NA,NA,0.0153530897032924,0.00240468883360167,NA,NA,20,0,0.0472000000011758,0.00100447976188256,6.52,0.146357125427037,1,0,9,20,0.5,"RI_case9_R20_vara0.5_contam_rho25.rds"
"BLM","contam",0.25,50,1,10.0460711888781,0.0577142843528798,0.00130183757097229,3.92514841187564e-05,0.0650918785486144,0.00196257420593782,0.185799498496563,0.0438741981407499,1.73021011997207,0.0911992261700515,NA,NA,9.87712097692716,0.0471068661982469,0.677729163226245,0.0974568403407255,NA,NA,0.878074993473613,0.0922668276957615,NA,NA,7,0,0.0648800000001211,0.00320696181483583,4.62,0.0802546966010751,0.274521446264052,0.0041508075424192,9,20,2.25,"RI_case9_R20_vara2.25_contam_rho25.rds"
"CIRG","contam",0.25,50,1,11.7998712043481,0.133626093151477,0.0101637451841328,0.00110346533031285,0.508187259206642,0.0551732665156424,0.155782578092078,0.0286328999086093,1.11538196960529,0.10180938119852,NA,NA,10.4264567549359,0.107335067668432,1.79525042979801,0.209580037211007,NA,NA,2.5992988945202,0.356798093102603,NA,NA,5.64,0.592304389478854,190.27782,28.9859256783633,6.48,0.465319727692252,-9.13636893913377e-05,9.49104531639846e-05,9,20,2.25,"RI_case9_R20_vara2.25_contam_rho25.rds"
"CPF","contam",0.25,50,1,10.0357689233584,0.0570960543573269,0.00130202656369129,3.93600071780403e-05,0.0651013281845644,0.00196800035890202,0.136554341211941,0.0266720753625792,1.3156655490761,0.0669758676205859,NA,NA,9.87901328082539,0.0467737719139391,1.09278344151625,0.102645602363121,NA,NA,0.879865849081221,0.0916192040407202,NA,NA,14.78,0.196479214250905,0.520800000001036,0.0360932578925246,4.8,0.0755928946018454,0.48010995120316,0.00555821596693602,9,20,2.25,"RI_case9_R20_vara2.25_contam_rho25.rds"
"KM","contam",0.25,50,1,11.2152524266098,0.111894255909834,0.00146404498569658,4.40617107139073e-05,0.0732022492848292,0.00220308553569536,0.155456711235832,0.0284348396111224,0.000181331815383797,5.05389708987336e-06,NA,NA,11.0732482981483,0.10009082026338,5.06168404096355,2.27400476216782e-05,NA,NA,4.7892489485237,0.458247920476647,NA,NA,2,0,336.09058,14.9089671152684,22,1.34528655622783,2.1733507199694e-05,4.02453318855145e-05,9,20,2.25,"RI_case9_R20_vara2.25_contam_rho25.rds"
"LM","contam",0.25,50,1,11.2151975203219,0.111894928477347,0.001463751036226,4.40422606153316e-05,0.0731875518113001,0.00220211303076658,0.155461730274715,0.0284357298359673,0,0,NA,NA,11.0731319974555,0.10008931879415,5.0625,0,NA,NA,4.78875199397121,0.458215264212461,NA,NA,1,0,0.0109199999997509,0.000900720799598329,1,0,NA,NA,9,20,2.25,"RI_case9_R20_vara2.25_contam_rho25.rds"
"OBS","contam",0.25,50,1,10.0347566518491,0.0570724826644902,0.00130134353648326,3.92962076228492e-05,0.0650671768241632,0.00196481038114246,0.117421686766826,0.0249976485323687,1.19569179388951,0.0575679793598758,NA,NA,9.88269568546183,0.0467677413088332,1.27395533360329,0.100918584474098,NA,NA,0.886325532862293,0.0920419881797205,NA,NA,20,0,0.0438199999995413,0.00165706650049827,5.12,0.0678533833545024,0.569457397804223,0.000945251283675142,9,20,2.25,"RI_case9_R20_vara2.25_contam_rho25.rds"
"ORACLE","contam",0.25,50,1,9.09843873943847,0.033702286084779,0.00118496897121731,3.36407695663516e-05,0.0592484485608655,0.00168203847831758,0.119134409241298,0.025946116909841,2.13847812603161,0.103675558762515,NA,NA,8.94968221771021,0.0161764554748528,0.539119581124682,0.144618225533631,NA,NA,0.0153540870893277,0.00241161721775457,NA,NA,20,0,0.0422000000000116,0.00140900891505495,4.98,0.053375833406484,1,0,9,20,2.25,"RI_case9_R20_vara2.25_contam_rho25.rds"
"BLM","contam",0.25,50,1,9.34804673077119,0.0347250740565189,0.00119690574619668,2.92772782714885e-05,0.0598452873098338,0.00146386391357442,0.0220514167242002,0.0047519119938957,0.523997003631332,0.0190477099672599,NA,NA,9.1132029474568,0.0188207348071412,0.018353803678128,0.0039201819689987,NA,NA,0.0301716901882631,0.00577428610597959,NA,NA,9.98,0.02,0.115580000000191,0.00658006203074174,6.72,0.215785229582848,0.177167103232089,0.00289569480716887,9,50,0.5,"RI_case9_R50_vara0.5_contam_rho25.rds"
"CIRG","contam",0.25,50,1,10.0140012634425,0.0612832242402731,0.0086571546727227,0.000754024110928672,0.432857733636135,0.0377012055464336,0.018090673673536,0.00320316498994398,0.869739308882053,0.0720246796280067,NA,NA,8.93813683810124,0.0517344019155226,0.390897325832912,0.0673047270310688,NA,NA,0.134973019536397,0.0237771099374365,NA,NA,4.82,0.511651986316911,165.17486,19.2968218972,7.42,1.17563356778985,-5.82412285663122e-06,4.65039683347631e-05,9,50,0.5,"RI_case9_R50_vara0.5_contam_rho25.rds"
"CPF","contam",0.25,50,1,9.44605448297872,0.0352713144955946,0.00121199348552823,3.0282694866435e-05,0.0605996742764115,0.00151413474332175,0.112674896615247,0.0254466141924106,0.598335283153413,0.0428474782527733,NA,NA,9.26519863059547,0.0206582369761302,0.0996292411513342,0.034203854177061,NA,NA,0.0912416886628484,0.0123526264704681,NA,NA,5.66,0.318939569479223,1.44774000000034,0.0687463056372513,6.08,0.124014482366918,0.0206826410309802,0.00242579319935722,9,50,0.5,"RI_case9_R50_vara0.5_contam_rho25.rds"
"KM","contam",0.25,50,1,9.56821976137298,0.0363175538276378,0.0012253014602952,3.01366597351356e-05,0.06126507301476,0.00150683298675678,0.0155528847490809,0.00302229085608684,0.00105867549472764,0.000682404237972026,NA,NA,9.42496845251686,0.0241011558958444,0.248965263400732,0.000660521345119105,NA,NA,0.209060605694853,0.023285266931871,NA,NA,2,0,367.06962,15.6372471409404,21.94,1.65008595941829,-5.30946581707225e-05,2.99917731267078e-05,9,50,0.5,"RI_case9_R50_vara0.5_contam_rho25.rds"
"LM","contam",0.25,50,1,9.56776320483672,0.036290680382332,0.00122037905352854,2.95179890120029e-05,0.061018952676427,0.00147589945060014,0.0155589124730764,0.00302142163974878,0,0,NA,NA,9.42526449851215,0.0240572076346969,0.25,0,NA,NA,0.209208606414559,0.0232831422367194,NA,NA,1,0,0.0377200000011362,0.0107620284864264,1,0,NA,NA,9,50,0.5,"RI_case9_R50_vara0.5_contam_rho25.rds"
"OBS","contam",0.25,50,1,9.33961529681993,0.0347087311834005,0.00119464511617305,2.92311143932872e-05,0.0597322558086525,0.00146155571966436,0.0132857901066449,0.00298895584042635,0.269839535245433,0.0102463321284846,NA,NA,9.15861112016578,0.018927020778036,0.0581182183183118,0.00447926580809923,NA,NA,0.0427108611013207,0.00729389460745459,NA,NA,50,0,0.119759999999951,0.0046582435156476,12.42,0.306514307020347,0.565009465732287,0.000990438950699169,9,50,0.5,"RI_case9_R50_vara0.5_contam_rho25.rds"
"ORACLE","contam",0.25,50,1,9.13022184406289,0.0345214392836095,0.0011741418306876,2.79887113311228e-05,0.0587070915343799,0.00139943556655614,0.0111641308955363,0.00249952942904309,0.480405693947398,0.0158983283425359,NA,NA,8.95222405791247,0.0166350034591754,0.01276902218995,0.00268651385468446,NA,NA,0.0158419843066028,0.00259449427214032,NA,NA,50,0,0.0897400000004563,0.00364862960009915,9.14,0.187377170652224,1,0,9,50,0.5,"RI_case9_R50_vara0.5_contam_rho25.rds"
"BLM","contam",0.25,50,1,10.1091823440667,0.0443776075711182,0.00128485993419583,3.26551317933798e-05,0.0642429967097914,0.00163275658966899,0.12117953122225,0.0174566373261238,2.01250216590401,0.0709931055281515,NA,NA,9.84719485297638,0.0376217353135274,0.30336625179432,0.048635522995364,NA,NA,0.78709347234173,0.0701354843274691,NA,NA,9.98,0.02,0.0884599999987404,0.00565665293677432,5,0.110656667034498,0.17987727847918,0.00314655928525455,9,50,2.25,"RI_case9_R50_vara2.25_contam_rho25.rds"
"CIRG","contam",0.25,50,1,11.6778942731555,0.102775534826729,0.00723492427820996,0.00069688850102279,0.361746213910498,0.0348444250511395,0.0735576647607689,0.0156444125300906,0.79087692523226,0.0855396916118492,NA,NA,10.6020362392709,0.0915459235201428,2.48757505053113,0.224569090451328,NA,NA,2.97717226148185,0.324273875417027,NA,NA,5.06,0.602992537267253,170.149820000003,28.6734855152919,7.68,0.655550866657585,5.43924605029115e-05,4.77644427157697e-05,9,50,2.25,"RI_case9_R50_vara2.25_contam_rho25.rds"
"CPF","contam",0.25,50,1,10.5511847640727,0.0564710919414269,0.00134968087181396,3.52767988251776e-05,0.0674840435906978,0.00176383994125888,0.29706825287865,0.0807392385010599,2.60213802479662,0.156942170196558,NA,NA,10.3392811312986,0.0493815311099383,1.33091258302192,0.474481326405122,NA,NA,1.91316219377591,0.144568915614345,NA,NA,6.96,0.310312548168811,1.42409999999683,0.0440752163223935,4.96,0.0568564249775211,0.0273794792733664,0.00320985189101728,9,50,2.25,"RI_case9_R50_vara2.25_contam_rho25.rds"
"KM","contam",0.25,50,1,11.2577026675996,0.0767575305172395,0.00142970429268555,3.66460262671684e-05,0.0714852146342776,0.00183230131335842,0.0680737855438314,0.0135629133757889,0.000991068829991627,0.000693041460756374,NA,NA,11.0838591889494,0.0728586712858587,5.05806470749931,0.00309521045412863,NA,NA,4.60258003246448,0.319749103472666,NA,NA,2,0,374.10474,14.8056027180779,22.58,1.5354557921985,-5.30946581707225e-05,2.99917731267078e-05,9,50,2.25,"RI_case9_R50_vara2.25_contam_rho25.rds"
"LM","contam",0.25,50,1,11.2576466518858,0.0767720240131329,0.00142832955676359,3.68652645331367e-05,0.0714164778381794,0.00184326322665683,0.0681122179809742,0.0135647661167556,0,0,NA,NA,11.0841035924843,0.0728257498552646,5.0625,0,NA,NA,4.60336368646287,0.319685858064554,NA,NA,1,0,0.0133000000016182,0.00120348134443451,1,0,NA,NA,9,50,2.25,"RI_case9_R50_vara2.25_contam_rho25.rds"
"OBS","contam",0.25,50,1,10.0940874565664,0.0444214505995383,0.00128230462268382,3.2756735752876e-05,0.0641152311341908,0.0016378367876438,0.0496290413872759,0.011383915740258,1.21114680084573,0.036660042485453,NA,NA,9.88856772265488,0.0376185782411748,1.1450699464298,0.0734397567850563,NA,NA,0.858895311759558,0.0731894027367734,NA,NA,50,0,0.0661399999979767,0.00345277291692013,6.4,0.0903507902905251,0.565009465732287,0.000990438950699169,9,50,2.25,"RI_case9_R50_vara2.25_contam_rho25.rds"
"ORACLE","contam",0.25,50,1,9.13630564584969,0.0346574239616778,0.00117598496365273,2.79064147836037e-05,0.0587992481826364,0.00139532073918018,0.0429452284931373,0.00999857431458227,2.1559598940432,0.0660531257278283,NA,NA,8.95207358554917,0.0166143781439172,0.222631297030765,0.0481912740635224,NA,NA,0.0158227816964575,0.00259487403574249,NA,NA,50,0,0.0592400000014459,0.00193244267493649,6.16,0.0523722936566382,1,0,9,50,2.25,"RI_case9_R50_vara2.25_contam_rho25.rds"
"BLM","contam",0.25,50,1,10.9135164038218,0.0561608897643077,0.0177594846459013,0.000562792301600163,0.887974232295066,0.0281396150800081,0.0560453055899423,0.01116159992797,5.55556133779177e-05,1.98387666463188e-07,0.000166440033034448,5.88111089590294e-07,10.8155215969002,0.0386487629982256,0.249944447474977,1.98365395692449e-07,0.00996673971262556,1.17424564052806e-07,3.36931128599433,0.149648474758849,0.000287689901232701,2.33345504309005e-09,1,0,0.367679999999853,0.00770567985581134,26,0,0,0,1,10,0.5,"RS_case1_R10_vara0.5_varb0.1_contam_rho25.rds"
"CIRG","contam",0.25,50,1,12.0706739331185,0.067745778739065,0.0217601916809204,0.000652118394836584,1.08800958404602,0.0326059197418292,0.0724245704778185,0.0144292083354758,7.85451806692035,0.135505759550165,0.00297064648354783,0.000517711141541619,3.22963809383653,0.0981323731484823,54.9886647293499,2.03544755662025,0.00942782866029839,9.7510295178687e-05,33.7689446984304,1.12759322164351,0.0213225898355882,0.000781063673797178,3.2,0.178428514239954,231.71738,40.6738900053594,27.98,1.84335320012421,0.00013438134138278,8.19224184790775e-05,1,10,0.5,"RS_case1_R10_vara0.5_varb0.1_contam_rho25.rds"
"CPF","contam",0.25,50,1,10.1871271628787,0.0443124766089707,0.0161959381098917,0.000516799308478394,0.809796905494583,0.0258399654239197,0.0547123996697263,0.0135834749956819,0.248046920678857,0.0163954611552459,0.0435601876940806,0.000886344280660145,9.86320946343601,0.0231767294903575,0.0766521003575721,0.00711954165185738,0.0032239471161365,9.82651556193051e-05,0.77145145646908,0.0412705083945971,9.14453887598604e-05,3.52520808520933e-06,9.38,0.098519655140381,0.63738000000019,0.0143732997929588,23.72,0.387603837305408,0.556839243601163,0.00420383445126846,1,10,0.5,"RS_case1_R10_vara0.5_varb0.1_contam_rho25.rds"
"KM","contam",0.25,50,1,10.9135136088018,0.0561859117396326,0.0177564618278273,0.00056269986533507,0.887823091391363,0.0281349932667535,0.0560418185641152,0.011140096887398,0.000110940963183876,6.5588206367647e-06,0.000380344327094328,1.09502096997052e-05,10.8128157032756,0.0386261223793794,0.249889073452602,6.55663445184793e-06,0.00992408167183582,2.18303454232399e-06,3.35940766321586,0.149332921660184,0.000286848580178544,3.9869151055202e-08,2,0,232.2157,5.45101843592328,45.96,2.37863963866161,7.58728112981664e-05,6.20599855098823e-05,1,10,0.5,"RS_case1_R10_vara0.5_varb0.1_contam_rho25.rds"
"LM","contam",0.25,50,1,10.9135164038218,0.0561608897643077,0.0177594846459013,0.000562792301600162,0.887974232295066,0.0281396150800081,0.0560453055899424,0.01116159992797,0,0,NA,NA,10.8126931075843,0.0386386546164198,0.25,0,NA,NA,3.35901063818152,0.14938908077599,NA,NA,1,0,0.0155999999999517,0.00364976935249609,1,0,NA,NA,1,10,0.5,"RS_case1_R10_vara0.5_varb0.1_contam_rho25.rds"
"OBS","contam",0.25,50,1,10.1666568184134,0.0442311260242685,0.0160435182140774,0.000512482391626003,0.802175910703868,0.0256241195813001,0.0535988581671207,0.0129721602112817,0.239471903042346,0.0148208228176778,0.0456624790902795,0.000770790430764427,9.82755627898092,0.0222529331648904,0.0786380719650338,0.00705300554173946,0.00298167795513406,8.29280099918644e-05,0.70911385356836,0.0385660291217269,8.7551699239422e-05,3.39108770199576e-06,10,0,0.369540000000078,0.00644481820011707,24.04,0.353362853342636,0.574747545000269,0.00158701924397907,1,10,0.5,"RS_case1_R10_vara0.5_varb0.1_contam_rho25.rds"
"ORACLE","contam",0.25,50,1,9.41153933550871,0.0369305338238906,0.014977877206629,0.000463684111215519,0.748893860331449,0.0231842055607759,0.0543927223628544,0.0132621469768498,0.430711917979073,0.0264564065861185,0.0843105962158258,0.00115051424285945,9.02133684968438,0.0176189943207626,0.0390979693331895,0.00511705734422563,0.000311017859230959,3.72968886060851e-05,0.015666280237332,0.00299552037348306,2.10107121471501e-05,2.17241653788444e-06,10,0,0.213559999999962,0.0045761725384917,13.3,0.281758327475943,1,0,1,10,0.5,"RS_case1_R10_vara0.5_varb0.1_contam_rho25.rds"
"BLM","contam",0.25,50,1,12.4524239520528,0.147120075433919,0.0182906437979083,0.000578860437410803,0.914532189895415,0.0289430218705402,0.240127709032508,0.0487272997648879,6.33452347212412e-05,6.94568034093806e-07,0.00018977543328819,2.07486703476357e-06,12.3320129321641,0.135255139485835,5.06221495048001,3.12546609251649e-06,0.00996208113900603,4.1416772253508e-07,11.9987138652183,0.989946933124812,0.00213776201746648,9.16317857735507e-09,1,0,0.303679999999949,0.00761858308107732,26,0,0,0,1,10,2.25,"RS_case1_R10_vara2.25_varb0.1_contam_rho25.rds"
"CIRG","contam",0.25,50,1,13.9193786342818,0.164558761268985,0.0232762062461312,0.000787746508476525,1.16381031230656,0.0393873254238262,0.245625791487083,0.0487063098242271,9.27566919996182,0.180902739126629,0.00463814248757363,0.000698879802439149,3.45712234995639,0.114351001747631,50.9635919574445,2.64459561496477,0.00911781708415492,0.000127823260668531,31.3642240717866,1.21124580606543,0.0197691206503853,0.0010153546119147,3.58,0.223314548910504,181.68076,20.0782399898155,29.92,1.74235121462409,7.82587166866983e-06,0.000105220229711652,1,10,2.25,"RS_case1_R10_vara2.25_varb0.1_contam_rho25.rds"
"CPF","contam",0.25,50,1,10.8490965097275,0.0738049297420763,0.0165622914415361,0.00053561069749796,0.828114572076805,0.026780534874898,0.221301834416976,0.0565007224872661,1.09390634481099,0.0645977271609711,0.0434937985864154,0.000855752840999264,10.5269649098157,0.0610431715745831,1.54102299093208,0.137745596043367,0.00322883413151163,9.69471049701939e-05,2.51420900680684,0.201657443519444,0.000654542367361655,5.33300081308583e-05,9.34,0.105404952832553,0.573240000000296,0.0154253054744475,24.98,0.388077417060891,0.55888104620091,0.0039491450675124,1,10,2.25,"RS_case1_R10_vara2.25_varb0.1_contam_rho25.rds"
"KM","contam",0.25,50,1,12.4526292845783,0.147128675654887,0.0182685531867188,0.000578152813473009,0.913427659335942,0.0289076406736504,0.240227255738266,0.0486811275323586,0.000418461277548484,0.00029806230014527,0.000411802789121922,1.0572259920518e-05,12.3288052188015,0.135190721034124,5.06062145257648,0.00133677007877269,0.00991781450057406,2.1063827263688e-06,11.9764942063529,0.988575183497572,0.00213629841507312,5.16934694001675e-07,2,0,200.140280000001,4.53119465555857,47.44,1.87576596599461,7.58728112981664e-05,6.20599855098823e-05,1,10,2.25,"RS_case1_R10_vara2.25_varb0.1_contam_rho25.rds"
"LM","contam",0.25,50,1,12.4524239520528,0.147120075433919,0.0182906437979083,0.000578860437410803,0.914532189895415,0.0289430218705402,0.240127709032508,0.0487272997648879,0,0,NA,NA,12.3287878477764,0.135219766426505,5.0625,0,NA,NA,11.9767634118931,0.988799290672361,NA,NA,1,0,0.01216000000044,0.00218554807960944,1,0,NA,NA,1,10,2.25,"RS_case1_R10_vara2.25_varb0.1_contam_rho25.rds"
"OBS","contam",0.25,50,1,10.8356744670691,0.0740474449251564,0.0163768137167993,0.000516586624176239,0.818840685839967,0.0258293312088119,0.220382654221018,0.0559812453873006,1.07173630978499,0.0634808941256352,0.0453254123572959,0.000762392731384298,10.4963761174741,0.0616981200993319,1.58576669570961,0.138436847153142,0.00301779142506625,8.26737114607736e-05,2.42566772811254,0.199709677045665,0.000667687915018423,5.34502981312751e-05,10,0,0.329559999999547,0.00684696625806426,25.7,0.40025502074634,0.574747545000269,0.00158701924397907,1,10,2.25,"RS_case1_R10_vara2.25_varb0.1_contam_rho25.rds"
"ORACLE","contam",0.25,50,1,9.41187338669207,0.036901742872029,0.0149773264800924,0.000463307279299229,0.748866324004619,0.0231653639649614,0.2267675045013,0.0581092966746705,1.91262820946226,0.112390618405157,0.0843173364078979,0.00115079975067757,9.02132874555335,0.017621041950649,0.73277062921983,0.0972134459721734,0.000310838600584863,3.72636007313721e-05,0.0156694702387798,0.00300104665688782,0.000287701868223404,3.74001107913986e-05,10,0,0.193340000000171,0.00627860702085736,14.18,0.233325558665421,1,0,1,10,2.25,"RS_case1_R10_vara2.25_varb0.1_contam_rho25.rds"
"BLM","contam",0.25,50,1,11.0986188841149,0.0469049373525313,0.0118593350782714,0.000366458289916302,0.592966753913571,0.0183229144958151,0.0381302272402569,0.00703100793537591,5.61450846120118e-05,1.43845303962974e-07,0.000168278605290915,4.33492809349107e-07,10.9307554580163,0.0280513636770489,0.249943858068672,1.43829094251231e-07,0.0099663726058387,8.65521677185618e-08,3.76637370986277,0.110719219310918,0.000287682617593467,1.71898359841418e-09,1,0,0.270799999999726,0.0010827025897949,26,0,0,0,1,20,0.5,"RS_case1_R20_vara0.5_varb0.1_contam_rho25.rds"
"CIRG","contam",0.25,50,1,12.3905404720492,0.0683327558891326,0.015915169241517,0.000460234268615558,0.795758462075848,0.0230117134307779,0.0430402306138719,0.00943630782311474,8.30017073890954,0.141635868733647,0.00564484245989275,0.000838731220320992,3.07037193369341,0.0912277984869318,61.8256388024254,2.18858017680462,0.00893736578735558,0.000152112104978586,35.5682920543526,1.04428352582128,0.0239417558984211,0.000839646837294934,3.6,0.195875845725744,181.6409,35.0611244257127,22.92,0.993792981357747,-2.04389785384808e-05,7.00284876953795e-05,1,20,0.5,"RS_case1_R20_vara0.5_varb0.1_contam_rho25.rds"
"CPF","contam",0.25,50,1,10.5538625629575,0.0403608265727877,0.0113627259248812,0.000345155687019397,0.568136296244061,0.0172577843509699,0.0377155196817333,0.00667164732710692,0.295193462632935,0.0142451433123221,0.0360867835207883,0.0011822946090553,10.0861303340415,0.029351769297346,0.0518889990397281,0.00582889243288909,0.00415339244730604,0.00015054235662685,1.22189389420854,0.0643147497842848,9.97918575182738e-05,3.22409070428225e-06,14.04,0.185075825608019,0.818019999999087,0.0179859239746672,42.7,1.37714582098081,0.462520055788125,0.00726947684729051,1,20,0.5,"RS_case1_R20_vara0.5_varb0.1_contam_rho25.rds"
"KM","contam",0.25,50,1,11.099400494699,0.0469909280545072,0.011857761914499,0.000368371242916399,0.592888095724952,0.01841856214582,0.0379862665435017,0.00702117317614273,0.000945013550023539,0.000541639208496745,0.000375945692696638,9.57224252085987e-06,10.9280887081961,0.0279488746981062,0.249070254779163,0.000530561669443224,0.00992495668638805,1.90810177777252e-06,3.75580190692094,0.110117332191695,0.000286550591733397,2.12226002974258e-07,2,0,187.0793,3.51168475076795,45.32,3.60956099993405,2.69560668569231e-05,4.64910761132212e-05,1,20,0.5,"RS_case1_R20_vara0.5_varb0.1_contam_rho25.rds"
"LM","contam",0.25,50,1,11.0986188841149,0.0469049373525313,0.0118593350782714,0.000366458289916302,0.592966753913571,0.0183229144958151,0.0381302272402569,0.00703100793537591,0,0,NA,NA,10.9278968394902,0.0280440273228912,0.25,0,NA,NA,3.755323129672,0.110529543630324,NA,NA,1,0,0.00771999999968102,0.000189607543149027,1,0,NA,NA,1,20,0.5,"RS_case1_R20_vara0.5_varb0.1_contam_rho25.rds"
"OBS","contam",0.25,50,1,10.4587796923006,0.0393628753283955,0.0108668090759061,0.000323608288422245,0.543340453795306,0.0161804144211123,0.0302710442174667,0.00590270461911534,0.25361736979805,0.0119708884631816,0.0488240790599604,0.000871436271533939,9.8718828818244,0.0261139972777771,0.0677262068245295,0.00585193044336015,0.00265618554165308,8.72254675536791e-05,0.793594861455786,0.0466123771045655,7.7099378664815e-05,2.52215359906482e-06,20,0,0.577060000000201,0.0106261291356216,42.28,0.809656011614103,0.569457397804223,0.000945251283675142,1,20,0.5,"RS_case1_R20_vara0.5_varb0.1_contam_rho25.rds"
"ORACLE","contam",0.25,50,1,9.71703240076124,0.0342468779212199,0.0103531240471814,0.000293860444578226,0.51765620235907,0.0146930222289113,0.0297113657430444,0.00569064874958283,0.469637483181297,0.0208937587321611,0.0889359964911655,0.00105040771359773,9.01097917291841,0.0208815030759111,0.0223127909714962,0.00475933551132394,0.000176476635517998,2.3503941149489e-05,0.0214863636027273,0.00452009294823358,1.19710198951927e-05,1.85814864794007e-06,20,0,0.286320000000123,0.00619192627698273,20.36,0.476175237851421,1,0,1,20,0.5,"RS_case1_R20_vara0.5_varb0.1_contam_rho25.rds"
"BLM","contam",0.25,50,1,12.773234415418,0.115194775985507,0.0125076116714361,0.000409381908528184,0.625380583571806,0.0204690954264092,0.159457228652603,0.0292473590604846,6.45116430802998e-05,4.9054969529316e-07,0.0001933535150713,1.46741330024466e-06,12.5596417780816,0.0955798783247913,5.06220970177968,2.20740964189689e-06,0.00996136678807932,2.92908943447876e-07,13.1186897321522,0.710897316580509,0.00213774626727553,6.47915261715397e-09,1,0,0.273299999999872,0.00207379175552094,26,0,0,0,1,20,2.25,"RS_case1_R20_vara2.25_varb0.1_contam_rho25.rds"
"CIRG","contam",0.25,50,1,14.1897097369068,0.130139465885877,0.0171297804927861,0.00056001298945678,0.856489024639305,0.028000649472839,0.155036048379662,0.0256669186041244,9.29376900206376,0.170634894218387,0.00445425276867566,0.000777992056517793,3.68006578143288,0.119008303673336,51.0413788435554,2.44192200734937,0.00915864812435236,0.000141275592742778,28.9956859306984,1.24102258090825,0.019799812091416,0.000937010767566927,3.3,0.185714285714286,204.89228,44.023908188518,29.96,2.40084338922634,4.49746729620605e-05,7.07066448902281e-05,1,20,2.25,"RS_case1_R20_vara2.25_varb0.1_contam_rho25.rds"
"CPF","contam",0.25,50,1,11.2998594477042,0.0623511382256317,0.011460134526023,0.000352345025108543,0.57300672630115,0.0176172512554272,0.165920253181243,0.0333311925004608,1.30349066031595,0.0614996488616926,0.0376800567801249,0.00116955489276874,10.7821178244129,0.048191381923238,1.0812080638046,0.112199858932619,0.00395080039664122,0.000146499127946495,3.28974199538207,0.17530452678061,0.000491637094823783,4.24797395551202e-05,14.7,0.237761671101332,0.947480000001669,0.021595846917302,46.52,1.60184587400962,0.470474942812756,0.00721863437448202,1,20,2.25,"RS_case1_R20_vara2.25_varb0.1_contam_rho25.rds"
"KM","contam",0.25,50,1,12.7739457367127,0.115294180922936,0.0125161277994761,0.000411487252138845,0.625806389973805,0.0205743626069422,0.159095449010767,0.0292075830655842,0.000742361576496179,0.000480578894246943,0.000396694987139565,1.22825184204215e-05,12.556712648996,0.0954644297901281,5.05917124085408,0.00215220040700433,0.00992082576163759,2.44842107289949e-06,13.0967642779309,0.709336701883852,0.00213579874238215,8.33057119520523e-07,2,0,186.95148,3.50918971765299,52.56,5.89902517024497,2.69560668569231e-05,4.64910761132212e-05,1,20,2.25,"RS_case1_R20_vara2.25_varb0.1_contam_rho25.rds"
"LM","contam",0.25,50,1,12.773234415418,0.115194775985507,0.0125076116714361,0.000409381908528184,0.625380583571806,0.0204690954264092,0.159457228652603,0.0292473590604846,0,0,NA,NA,12.5563571724097,0.0955548831858456,5.0625,0,NA,NA,13.0950823870823,0.710078281061373,NA,NA,1,0,0.00872000000003027,0.00100936027427588,1,0,NA,NA,1,20,2.25,"RS_case1_R20_vara2.25_varb0.1_contam_rho25.rds"
"OBS","contam",0.25,50,1,11.2098696690929,0.0627560331080842,0.0111370857099324,0.000342789104166748,0.556854285496619,0.0171394552083374,0.119595838270014,0.0241618051885591,1.17218900240838,0.0530727547465416,0.0484992822723603,0.000913527794002956,10.5956991137064,0.0489643143373202,1.29969569405238,0.102398642172759,0.0026932160449524,9.12825627766837e-05,2.66373336133121,0.162659482358054,0.000551463474163784,3.90898246663899e-05,20,0,0.630760000001173,0.0122539309811492,46.3,0.936450092375565,0.569457397804223,0.000945251283675142,1,20,2.25,"RS_case1_R20_vara2.25_varb0.1_contam_rho25.rds"
"ORACLE","contam",0.25,50,1,9.71794178737246,0.0343777603592974,0.0103552750860835,0.000294490961052506,0.517763754304176,0.0147245480526253,0.118776570987663,0.0236390897611744,2.12844077039054,0.0952830586871593,0.088938200490022,0.00105162824233694,9.01091418312168,0.0208770041301989,0.459640848669497,0.11057680614081,0.000176553584442903,2.35018406905661e-05,0.0214757351643783,0.00451035782467445,0.000180110929600785,4.24958871374336e-05,20,0,0.31299999999901,0.00479523573082071,22.4,0.362530786869986,1,0,1,20,2.25,"RS_case1_R20_vara2.25_varb0.1_contam_rho25.rds"
"BLM","contam",0.25,50,1,11.1423310641482,0.0491628808448974,0.00714697442170853,0.000224805920538339,0.357348721085427,0.0112402960269169,0.0161734800267991,0.00314190487980308,5.65797250998569e-05,1.55954155915442e-07,0.000169484721859415,4.6127914010735e-07,11.0149123943078,0.0303571707222352,0.249943423477357,1.55936489072594e-07,0.0099661317911252,9.20992234320634e-08,4.10502828963397,0.123423653433752,0.000287677821235532,1.83023771008412e-09,1,0,0.305200000001059,0.0035497628548691,26,0,0,0,1,50,0.5,"RS_case1_R50_vara0.5_varb0.1_contam_rho25.rds"
"CIRG","contam",0.25,50,1,12.4380690101074,0.0716296815565509,0.0118040187342078,0.000362431620294558,0.590200936710388,0.0181215810147279,0.0339381080965846,0.00660251986799158,8.3008831349325,0.148348726656002,0.00487090654710239,0.0008629602871378,3.12920077505388,0.0943917649965285,61.9321375751966,2.33427617437553,0.0090860347435718,0.000155274139567715,34.9028639992868,1.07409251327368,0.0239855591358613,0.000895769795520482,3.52,0.194285714285714,137.904099999999,14.6782120589514,26.26,1.58070250463623,-6.27688504448279e-05,4.56095346481502e-05,1,50,0.5,"RS_case1_R50_vara0.5_varb0.1_contam_rho25.rds"
"CPF","contam",0.25,50,0.94,11.0234041002916,0.0472271628290642,0.00712310189604552,0.000221258890930552,0.356155094802276,0.0110629445465276,0.0898720710084806,0.0152100950300293,0.644630309204792,0.0497021680215953,0.00075922157776764,0.000249248231122356,10.85569124525,0.0281893969631774,0.141962896136971,0.0434883296150486,0.00985177621120579,4.72227753953367e-05,3.48252746065358,0.104539786967548,0.000243964516223476,1.68572211657932e-05,5.36,0.3254635626491,2.87066000000108,0.185086849134276,202.1,16.3179442983008,0.0182014096216103,0.0019552144070136,1,50,0.5,"RS_case1_R50_vara0.5_varb0.1_contam_rho25.rds"
"KM","contam",0.25,50,1,11.1425719247895,0.0491103442145596,0.00714664317678688,0.000224664984384404,0.357332158839344,0.0112332492192202,0.0161410958960052,0.00313170685859963,9.96610745844276e-05,3.97419086208124e-06,0.000395255720293383,6.29634993435501e-06,11.012398269191,0.0303193623421128,0.249900349631661,3.9732039889099e-06,0.00992110702558285,1.25429516141416e-06,4.09479071675165,0.123095044996786,0.000286795732760786,2.32500175437693e-08,2,0,186.9216,3.80797414371262,41.78,0.826247973846662,-2.79458370165056e-05,2.5161393946191e-05,1,50,0.5,"RS_case1_R50_vara0.5_varb0.1_contam_rho25.rds"
"LM","contam",0.25,50,1,11.1423310641482,0.0491628808448974,0.00714697442170853,0.000224805920538339,0.357348721085427,0.0112402960269169,0.0161734800267991,0.00314190487980309,0,0,NA,NA,11.012031754277,0.0303492290434312,0.25,0,NA,NA,4.09340448969184,0.123216566514955,NA,NA,1,0,0.0115999999997439,0.00274181527823551,1,0,NA,NA,1,50,0.5,"RS_case1_R50_vara0.5_varb0.1_contam_rho25.rds"
"OBS","contam",0.25,50,1,10.6932580497444,0.0456632401204484,0.00677058860901727,0.000203885944578901,0.338529430450864,0.010194297228945,0.0122497256228358,0.0024323396829266,0.264973262259807,0.00940496180901035,0.0520342658901869,0.000828585253848836,9.88855160749157,0.0264557635199648,0.0595717794776155,0.00398872866404945,0.00233435277131518,7.94359018787413e-05,0.82381942292365,0.04910417019711,6.77775540343615e-05,1.80472381828525e-06,50,0,2.14293999999994,0.0410641251641922,103.84,2.00415079476652,0.565009465732287,0.000990438950699169,1,50,0.5,"RS_case1_R50_vara0.5_varb0.1_contam_rho25.rds"
"ORACLE","contam",0.25,50,1,10.1056409175283,0.0430582784027017,0.00649803322888927,0.000196723058702852,0.324901661444463,0.00983615293514259,0.0106238273673964,0.00215471277635146,0.46959827587445,0.0150565944829699,0.0934067253111795,0.00117590228546362,9.00032590950248,0.0239892144796741,0.0120326156636114,0.00201519738361796,0.000111225834185211,2.18000690150102e-05,0.0281987443732423,0.00599621745356121,6.76428580271894e-06,9.09686792163942e-07,50,0,0.907319999999891,0.0280773630950098,43.36,1.38910042833483,1,0,1,50,0.5,"RS_case1_R50_vara0.5_varb0.1_contam_rho25.rds"
"BLM","contam",0.25,50,1,12.7996746506879,0.0864962467291594,0.00773834413495812,0.00023991884606713,0.386917206747906,0.0119959423033565,0.0693515126756823,0.0138158922430832,6.50410954347521e-05,3.77145675624006e-07,0.000194829424493481,1.12175289449891e-06,12.6621643911684,0.0734113050581386,5.06220731930786,1.69710609720009e-06,0.0099610721352641,2.23909984724306e-07,13.6755197937483,0.554826083484543,0.00213773968707077,4.95640982388755e-09,1,0,0.36228000000061,0.00675096606843338,26,0,0,0,1,50,2.25,"RS_case1_R50_vara2.25_varb0.1_contam_rho25.rds"
"CIRG","contam",0.25,50,1,14.2904923502073,0.108850850280289,0.0128442870542235,0.000340859487700783,0.642214352711177,0.0170429743850392,0.0915960045966836,0.0193558139673673,9.70531250372476,0.180336153023964,0.00651687324153649,0.000937639691108245,3.51640595478144,0.108487903503602,57.1752198044814,2.76872927945058,0.00878217422986569,0.00016909082155513,30.6465152878802,1.12571680870526,0.0221508375686177,0.00106233558183002,3.62,0.187115592343234,176.080059999999,18.8794198628313,25,1.3871126964501,9.75335208782144e-06,4.25555786274664e-05,1,50,2.25,"RS_case1_R50_vara2.25_varb0.1_contam_rho25.rds"
"CPF","contam",0.25,50,0.94,12.1228055622976,0.0712147823182479,0.00753349615556597,0.000232904248745173,0.376674807778298,0.0116452124372586,0.28411547552745,0.0559346615128809,2.66261792790037,0.169448476146086,0.0015629750049701,0.000458082776129327,11.9277974499178,0.0587371724738296,1.5771800717681,0.569536283166801,0.00970013004153167,8.56408505295801e-05,8.74105062382573,0.347655605364242,0.000792843742347053,0.000219173125274576,6.7,0.355998165553632,4.12525999999954,0.233857844156391,235.42,16.6320587899345,0.0258773169387823,0.00280244816997048,1,50,2.25,"RS_case1_R50_vara2.25_varb0.1_contam_rho25.rds"
"KM","contam",0.25,50,1,12.7998877765141,0.086455572979883,0.00773840900606522,0.000239702792312244,0.386920450303261,0.0119851396156122,0.0692915797460396,0.0137897790608678,0.000107718725988154,4.75912802670123e-06,0.000424150479181096,6.42665576579579e-06,12.6592537749925,0.0733463656290682,5.06201527844619,2.14147259781638e-05,0.00991535183158608,1.27981970488009e-06,13.6537429679955,0.553915448870783,0.0021367869550271,2.19260013651863e-08,2,0,212.46916,5.97225928755973,44.74,0.894796750379546,-2.79458370165056e-05,2.5161393946191e-05,1,50,2.25,"RS_case1_R50_vara2.25_varb0.1_contam_rho25.rds"
"LM","contam",0.25,50,1,12.7996746506879,0.0864962467291595,0.00773834413495812,0.00023991884606713,0.386917206747906,0.0119959423033565,0.0693515126756823,0.0138158922430832,0,0,NA,NA,12.658852958334,0.0733921031170353,5.0625,0,NA,NA,13.6511386099067,0.55419193440009,NA,NA,1,0,0.0111600000000908,0.000425090626443803,1,0,NA,NA,1,50,2.25,"RS_case1_R50_vara2.25_varb0.1_contam_rho25.rds"
"OBS","contam",0.25,50,1,11.4476205802226,0.0586235914683033,0.00702241704039499,0.000209543139434802,0.35112085201975,0.0104771569717401,0.0474272160182208,0.0103308291168746,1.21022513842879,0.0356335582885994,0.0516915528133274,0.000853545129940053,10.6153045904645,0.0439998538842013,1.14334953609448,0.0693779493897279,0.00236940449474092,8.21892550962226e-05,2.70407228992547,0.150634084037115,0.000485128704664178,2.62764210903658e-05,50,0,2.70518000000127,0.0685596757190348,114.8,2.28052983460656,0.565009465732287,0.000990438950699169,1,50,2.25,"RS_case1_R50_vara2.25_varb0.1_contam_rho25.rds"
"ORACLE","contam",0.25,50,1,10.1141712203025,0.0433103541269057,0.00650400920847012,0.000198056029051828,0.325200460423506,0.0099028014525914,0.042229022282845,0.00943341610383005,2.13911906280596,0.063624385460435,0.0934228140828656,0.00118478096387954,9.00008230995096,0.0240074340207754,0.210649641068711,0.0388022073403006,0.000112040965274746,2.19006461945887e-05,0.0282414942997604,0.00605716267318726,8.31417490705299e-05,1.49820035012267e-05,50,0,1.17644000000088,0.0359966910043149,48.98,1.21403022522304,1,0,1,50,2.25,"RS_case1_R50_vara2.25_varb0.1_contam_rho25.rds"
"BLM","contam",0.25,50,1,13.7247946387227,0.0818695500386629,0.0168932996533146,0.000513545665097653,0.844664982665729,0.0256772832548826,0.0577100429505391,0.0109817594807484,6.72253501163115e-05,2.72393177628582e-07,7.33384851555404e-05,3.00150462992443e-07,13.6715688796613,0.071156021717036,0.249932779172767,2.72356612288322e-07,0.00998533768591672,5.99861879434767e-08,22.0716515893228,0.685446307025507,0.00028804293097601,1.25746991871423e-09,1,0,0.382699999999936,0.0047049474611682,27.16,0.0523722936566382,0,0,2,10,0.5,"RS_case2_R10_vara0.5_varb0.1_contam_rho25.rds"
"CIRG","contam",0.25,50,1,13.7349967069963,0.0816077921116265,0.0170290723409342,0.00051658823419255,0.851453617046708,0.0258294117096275,0.0576900418412331,0.0110674292579284,0.045613988800794,0.00802318166815066,0.000372588364734598,5.38262257005063e-05,13.6297989184136,0.0724351150683542,0.209620847933452,0.00652130630821085,0.0099257631150087,1.06770980078635e-05,21.6921334737974,0.693529631708911,0.000271399078694305,2.61403007802253e-06,4.74,0.620605366080703,293.51282,41.2445748384616,108.12,11.3597801070986,4.68241990981264e-05,6.94461356319225e-05,2,10,0.5,"RS_case2_R10_vara0.5_varb0.1_contam_rho25.rds"
"CPF","contam",0.25,50,1,11.6678929816839,0.0607866007308895,0.0146542112955494,0.000413807280300848,0.732710564777472,0.0206903640150424,0.0572431851261789,0.0131425072738146,0.248025218803812,0.0166482289370963,0.0458770565081228,0.000672105259914194,11.1938682294397,0.0517599212909094,0.0770723031692232,0.00740656744442524,0.00295142756076475,7.30319335476569e-05,4.94433319129504,0.248740047471587,8.63681973115958e-05,3.01030705404417e-06,9.26,0.0981876587282262,0.513299999999793,0.011332137792064,14.32,0.16273178132455,0.55003551189037,0.00529379731708197,2,10,0.5,"RS_case2_R10_vara0.5_varb0.1_contam_rho25.rds"
"KM","contam",0.25,50,1,13.7256605664935,0.0818799396451249,0.0168927502962991,0.000513558483449119,0.844637514814957,0.0256779241724559,0.0577585713840999,0.0109769451990983,0.000167416966710891,1.43791926797495e-05,0.0001945014301366,6.04255058630346e-06,13.6686024937361,0.0711624246082566,0.249832621193028,1.43670808284881e-05,0.00996113933388747,1.20632745857609e-06,22.0439896876495,0.685054369717701,0.000287539249476125,2.2985951193944e-08,2,0,333.93668,10.5021255504347,40.72,3.0061216453994,-3.44449317043508e-05,5.77531790482073e-05,2,10,0.5,"RS_case2_R10_vara0.5_varb0.1_contam_rho25.rds"
"LM","contam",0.25,50,1,13.7247946387227,0.0818695500386629,0.0168932996533146,0.000513545665097654,0.844664982665728,0.0256772832548827,0.0577100429505392,0.0109817594807485,0,0,NA,NA,13.6679290778534,0.0711423863535716,0.25,0,NA,NA,22.0375625935368,0.684800271720304,NA,NA,1,0,0.0105999999997682,0.000510302031439021,1,0,NA,NA,2,10,0.5,"RS_case2_R10_vara0.5_varb0.1_contam_rho25.rds"
"OBS","contam",0.25,50,1,11.5545555410258,0.0565277935373421,0.0143363950439056,0.000404272867361231,0.71681975219528,0.0202136433680616,0.0540404680449646,0.0126376022088799,0.237481636841274,0.0149754088914275,0.0481647688586401,0.000580354071581913,11.0563880579197,0.0406088738072199,0.0799047716973435,0.00731508252258088,0.00270339491904989,6.04118099860113e-05,4.3095367957172,0.17774954668073,8.2689164801937e-05,2.99537314517879e-06,10,0,0.255160000000124,0.00478299368296483,14.46,0.162153869984717,0.574747545000269,0.00158701924397907,2,10,0.5,"RS_case2_R10_vara0.5_varb0.1_contam_rho25.rds"
"ORACLE","contam",0.25,50,1,9.50105098842382,0.037815290217821,0.0130153203223275,0.00034848226359974,0.650766016116376,0.017424113179987,0.0527974024381371,0.0129463854619736,0.424502471663327,0.0260664134085138,0.08624564228961,0.000929506740512009,9.01454396370558,0.0188668605455072,0.0389933142761407,0.00510696452892505,0.00023151751227757,2.57753199241392e-05,0.0176534897956063,0.0030083136447336,1.94422106459128e-05,2.07659143382546e-06,10,0,0.17346000000004,0.0033616334707636,9.58,0.131211000036629,1,0,2,10,0.5,"RS_case2_R10_vara0.5_varb0.1_contam_rho25.rds"
"BLM","contam",0.25,50,1,15.2644512877776,0.160297757265821,0.0172560325428846,0.000529630298383169,0.862801627144231,0.0264815149191584,0.243247554954757,0.0483717830327406,7.28443236724884e-05,6.48043760771255e-07,7.93440337736911e-05,7.06329176691777e-07,15.1885397945353,0.149248916463262,5.06217220587035,2.9161005157439e-06,0.0099841375131671,1.41151502825746e-07,39.3895115027539,1.92078709243742,0.00213816958151815,3.83397675874216e-09,1,0,0.316559999999881,0.00645727939180928,27.84,0.0523722936566382,0,0,2,10,2.25,"RS_case2_R10_vara2.25_varb0.1_contam_rho25.rds"
"CIRG","contam",0.25,50,1,15.286257170766,0.160008955219643,0.0174778156317543,0.00054790757812059,0.873890781587714,0.0273953789060295,0.247442859187979,0.049224627066504,0.0654189910126312,0.0114556023500385,0.000470016586874262,7.42228881880937e-05,15.1260326586617,0.149868423204982,4.77882449526318,0.048484785052358,0.0099064875410365,1.46734429687114e-05,38.6288428044135,1.90690004283891,0.00202773889746828,1.88747191849534e-05,5.78,0.799127074771374,259.33614,38.6047286338589,125.04,12.9696336077149,3.13841162824739e-05,9.38706145548771e-05,2,10,2.25,"RS_case2_R10_vara2.25_varb0.1_contam_rho25.rds"
"CPF","contam",0.25,50,1,12.3850209869514,0.0844283133247607,0.0147305802082432,0.000427940583100644,0.736529010412161,0.0213970291550322,0.240133579310335,0.0604123037084571,1.10346556994168,0.067105783373195,0.0452085487065128,0.000802880864682869,11.899749299911,0.0806496198159688,1.53519732125354,0.142336342582805,0.00303368940130741,8.81929298167439e-05,8.72725969998099,0.477734045230969,0.000648551246181818,5.46245397354272e-05,9.22,0.115316777546346,0.474039999999368,0.0137928393133801,15.22,0.259182387912608,0.538976705282725,0.00776800468355772,2,10,2.25,"RS_case2_R10_vara2.25_varb0.1_contam_rho25.rds"
"KM","contam",0.25,50,1,15.2651576175014,0.160337965638199,0.0172543521936076,0.000529679478218514,0.86271760968038,0.0264839739109257,0.24327522486804,0.0483742019164473,0.000368600466961146,0.000198242975055863,0.000211573556850145,5.90536235147956e-06,15.1852752846808,0.149258183081395,5.06084335947856,0.00089006441362561,0.00995773176079185,1.17865164183723e-06,39.3492526029046,1.91996559366364,0.00213715107555485,3.4382703943355e-07,2,0,270.29976,10.2284346981908,39.2,1.36874737908611,-3.44449317043508e-05,5.77531790482073e-05,2,10,2.25,"RS_case2_R10_vara2.25_varb0.1_contam_rho25.rds"
"LM","contam",0.25,50,1,15.2644512877776,0.160297757265821,0.0172560325428846,0.000529630298383168,0.862801627144231,0.0264815149191584,0.243247554954756,0.0483717830327405,0,0,NA,NA,15.1845993399046,0.149214542055221,5.0625,0,NA,NA,39.3402529936252,1.91914262239833,NA,NA,1,0,0.0112800000003335,0.00233605982589559,1,0,NA,NA,2,10,2.25,"RS_case2_R10_vara2.25_varb0.1_contam_rho25.rds"
"OBS","contam",0.25,50,1,12.2386306956495,0.0850949635823792,0.0144947618302201,0.000417775850189003,0.724738091511005,0.0208887925094502,0.220364637731801,0.0552530348089404,1.06744379216304,0.0639770398267067,0.0481625039826242,0.000585765111963196,11.7231539650062,0.0724087786909739,1.59899920431815,0.140903390390497,0.00270393891090472,6.09698907653725e-05,7.67247604747353,0.411762376612564,0.000666742079916721,5.4108650769922e-05,10,0,0.198660000000309,0.00417735489011933,15.08,0.184810990043385,0.574747545000269,0.00158701924397907,2,10,2.25,"RS_case2_R10_vara2.25_varb0.1_contam_rho25.rds"
"ORACLE","contam",0.25,50,1,9.5011547784913,0.0378042619189863,0.013014088330994,0.000349230410561575,0.650704416549701,0.0174615205280787,0.222747157699844,0.0575059793038474,1.89964498029919,0.111372786697375,0.0862436236641962,0.000930899309923382,9.01457156867385,0.0188637949546855,0.73053962304976,0.0970692376741766,0.000231699992627838,2.58185714383787e-05,0.0176486258581453,0.00301133324860171,0.000285322807643657,3.7323772554027e-05,10,0,0.135219999999972,0.00304594611821715,9.84,0.128920161973468,1,0,2,10,2.25,"RS_case2_R10_vara2.25_varb0.1_contam_rho25.rds"
"BLM","contam",0.25,50,1,14.1296052910055,0.0754216986549946,0.00963688583510217,0.000301004290421218,0.481844291755109,0.0150502145210609,0.0389667481232713,0.00688594939094972,6.80487239042159e-05,1.92830077593261e-07,7.4216640465569e-05,2.14844855419221e-07,13.9501265832756,0.0547700533520991,0.249931955908547,1.92803748997259e-07,0.00998516218227837,4.29369339271835e-08,24.6507413689171,0.54672179741303,0.0002880392406853,8.98783195279722e-10,1,0,0.358219999998983,0.00495459300419199,27.38,0.0693409205686377,0,0,2,20,0.5,"RS_case2_R20_vara0.5_varb0.1_contam_rho25.rds"
"CIRG","contam",0.25,50,1,14.1419580062697,0.0753658256495525,0.00974555265037881,0.000304796208457026,0.487277632518941,0.0152398104228513,0.0390867910071775,0.00686796446817926,0.044853016040127,0.00725986309281235,0.000338184473703993,4.11072071389106e-05,13.9098418065707,0.0555843525867684,0.209741352001961,0.00606237966076885,0.00993256027431892,8.16731421228389e-06,24.2579379579219,0.549793708745926,0.000271576072940372,2.41871673355494e-06,4.72,0.591808021822852,239.43394,34.4706350400809,116.22,13.6457002273199,-0.000100642557911689,5.78815763405095e-05,2,20,0.5,"RS_case2_R20_vara0.5_varb0.1_contam_rho25.rds"
"CPF","contam",0.25,50,1,12.4552233026009,0.0681890538407468,0.00882410474377662,0.000275181475912655,0.441205237188831,0.0137590737956327,0.0371848979177669,0.00690471576529733,0.279849420264519,0.0133059497120379,0.0397403239204014,0.000797796057482598,11.8000095050612,0.04986036475657,0.0571416443470931,0.00625772738548526,0.00366241601013555,9.99150771441665e-05,7.96186997114205,0.294387198813633,9.23731045189814e-05,2.83763386288415e-06,14.44,0.227066474129206,0.717679999999091,0.0134910534226088,21.46,0.313258060143547,0.468605002314407,0.00573568740896786,2,20,0.5,"RS_case2_R20_vara0.5_varb0.1_contam_rho25.rds"
"KM","contam",0.25,50,1,14.1297069460238,0.0754264041012402,0.00964917725494071,0.000303022138646682,0.482458862747036,0.0151511069323341,0.0390361266173581,0.00691259413845894,0.000985751059116511,0.00050226882304163,0.000183025391650849,8.28303482007655e-06,13.9464394780788,0.0548149055270632,0.249027582070593,0.000493207973692851,0.00996343178178845,1.65386588633218e-06,24.6144925298259,0.546827795671536,0.000287273806674362,1.85296740556339e-07,2,0,290.670039999999,9.53840194102439,48.7,4.06942306496052,4.67707630030526e-05,4.5512115417271e-05,2,20,0.5,"RS_case2_R20_vara0.5_varb0.1_contam_rho25.rds"
"LM","contam",0.25,50,1,14.1296052910055,0.0754216986549946,0.00963688583510217,0.000301004290421219,0.481844291755108,0.015050214521061,0.0389667481232713,0.0068859493909497,0,0,NA,NA,13.9464430570141,0.0547623440641525,0.25,0,NA,NA,24.6142457183257,0.546241961602846,NA,NA,1,0,0.00973999999958323,0.000291106264460817,1,0,NA,NA,2,20,0.5,"RS_case2_R20_vara0.5_varb0.1_contam_rho25.rds"
"OBS","contam",0.25,50,1,12.0815162412474,0.0589401860505181,0.00832595705796496,0.000246230979295827,0.416297852898248,0.0123115489647913,0.0323426951600002,0.00651935797401479,0.250740386089646,0.0131696239531972,0.0501067012261922,0.000606818006447298,11.237560769117,0.0353810430661568,0.0706288658851013,0.00642597676296298,0.00250738443908694,6.1659585700799e-05,5.0680172877056,0.164176993256692,7.53548972854473e-05,2.5563148352862e-06,20,0,0.384659999998403,0.00636537893443172,22.4,0.21946130708196,0.569457397804223,0.000945251283675142,2,20,0.5,"RS_case2_R20_vara0.5_varb0.1_contam_rho25.rds"
"ORACLE","contam",0.25,50,1,9.90764299576964,0.0387192802836399,0.00757719402521028,0.000224082397967474,0.378859701260514,0.0112041198983737,0.0298825498794176,0.0060399485765496,0.469616271107343,0.0219121704907439,0.0914482949768053,0.000811122824200708,9.02530135091116,0.0195544657203559,0.0244501885465784,0.00496538213865077,0.000105369750364761,1.59276243952175e-05,0.0193766377087496,0.00380795151152347,1.14258654612904e-05,1.93594698110255e-06,20,0,0.239479999999458,0.00465242881480457,13.34,0.138828921294358,1,0,2,20,0.5,"RS_case2_R20_vara0.5_varb0.1_contam_rho25.rds"
"BLM","contam",0.25,50,1,15.7981086945201,0.125270295239696,0.00994987740737848,0.000320104965193836,0.497493870368924,0.0160052482596918,0.160754369203856,0.0289355320232057,7.43669863915757e-05,5.09945926454497e-07,8.09960722852712e-05,5.58427274502991e-07,15.5800565633728,0.109045385495827,5.06216535410443,2.2946799744701e-06,0.00998380736118688,1.11593952612595e-07,43.8797982859846,1.47054077624373,0.00213816060060122,3.02659369366692e-09,1,0,0.384520000000775,0.00395600705743474,27.98,0.02,0,0,2,20,2.25,"RS_case2_R20_vara2.25_varb0.1_contam_rho25.rds"
"CIRG","contam",0.25,50,1,15.8151831822792,0.126145441089294,0.0100417520757035,0.000335824863761491,0.502087603785176,0.0167912431880745,0.160837744956874,0.0289784022418603,0.0562304737066028,0.0116703130553217,0.000421311895605002,5.80984962642644e-05,15.5279601198853,0.107878383029666,4.81929834862721,0.0493951938090033,0.00991608052092052,1.15267977998535e-05,43.1845128575422,1.44751900998546,0.00204348418864792,1.9139106094432e-05,5.1,0.777883050860685,383.6561,85.3440333916801,116.76,15.448018431805,7.06934202823608e-05,5.68546124809746e-05,2,20,2.25,"RS_case2_R20_vara2.25_varb0.1_contam_rho25.rds"
"CPF","contam",0.25,50,1,13.1606880736561,0.083104802526933,0.00898133010830297,0.000261572239673321,0.449066505415149,0.013078611983666,0.16670925902518,0.0359429044612283,1.25360365939789,0.057634221340112,0.0410404586758901,0.00070440101634186,12.4672684333232,0.0618648217641542,1.15556913756986,0.111801919985385,0.00350054037194877,8.50659990202017e-05,12.2094859411432,0.434835485288665,0.000511570994297306,4.26559010366687e-05,15.04,0.245714285714286,0.856840000001539,0.0144635321848721,22.62,0.285557099619073,0.478237904539663,0.00714973265392528,2,20,2.25,"RS_case2_R20_vara2.25_varb0.1_contam_rho25.rds"
"KM","contam",0.25,50,1,15.7985500597899,0.12519479026378,0.00996277412143195,0.000321573265983785,0.498138706071597,0.0160786632991892,0.160887560514963,0.028990708298036,0.00127273129739395,0.000565245641891977,0.000199185062067561,7.96443115063136e-06,15.5760863031868,0.109146909194402,5.05678998463583,0.00253343198673915,0.00996020577045145,1.58989700837905e-06,43.8286504085087,1.47114923575237,0.00213564024342884,9.64401789014036e-07,2,0,305.797119999999,10.078528322906,46.88,3.52178526156429,4.67707630030526e-05,4.5512115417271e-05,2,20,2.25,"RS_case2_R20_vara2.25_varb0.1_contam_rho25.rds"
"LM","contam",0.25,50,1,15.7981086945201,0.125270295239696,0.00994987740737848,0.000320104965193837,0.497493870368924,0.0160052482596918,0.160754369203856,0.0289355320232057,0,0,NA,NA,15.5760342116057,0.109017995545359,5.0625,0,NA,NA,43.8265871964928,1.46928394135319,NA,NA,1,0,0.0112799999993877,0.0012713611537461,1,0,NA,NA,2,20,2.25,"RS_case2_R20_vara2.25_varb0.1_contam_rho25.rds"
"OBS","contam",0.25,50,1,12.8346632128511,0.0789495850773071,0.00855898204058168,0.000258760008967506,0.427949102029084,0.0129380004483753,0.12340667517784,0.0253104776749279,1.16935179624105,0.0546428055484508,0.0499317406209688,0.000608831537424124,11.9714621602299,0.0581500806837777,1.31410651399953,0.105953428742386,0.00252499371345309,6.20912397421931e-05,8.99527753197089,0.357415239153345,0.000553770165194994,4.04909947867579e-05,20,0,0.432879999999714,0.00563470586646189,23.68,0.267169593772822,0.569457397804223,0.000945251283675142,2,20,2.25,"RS_case2_R20_vara2.25_varb0.1_contam_rho25.rds"
"ORACLE","contam",0.25,50,1,9.90841137518202,0.03871086597396,0.00758187342712541,0.000224294742071072,0.379093671356271,0.0112147371035536,0.118519367812558,0.0242255509698487,2.12857164272406,0.0974356301429668,0.0914468956080011,0.000811276159623955,9.02527942747728,0.0195491372721835,0.479936244997228,0.113653235301369,0.000105405876091966,1.593988019012e-05,0.0193653190898262,0.00380654483924164,0.000186546151019541,4.3721057349146e-05,20,0,0.256219999998575,0.00277102942620252,13.58,0.131211000036629,1,0,2,20,2.25,"RS_case2_R20_vara2.25_varb0.1_contam_rho25.rds"
"BLM","contam",0.25,50,1,14.3406058569505,0.0661023877534565,0.0059085665796871,0.000192250506634044,0.295428328984355,0.00961252533170222,0.0165951141772989,0.00354926671184138,6.88900534985436e-05,1.63715205704665e-07,7.50802559166817e-05,1.84790619766516e-07,14.2249473710473,0.0500786168990453,0.249931114693654,1.63692525906413e-07,0.00998498958753472,3.69302574723405e-08,27.4229605558695,0.533927810159296,0.000288035599411915,7.71867816526866e-10,1,0,0.446199999997916,0.00348126179309411,27.58,0.0705083581671604,0,0,2,50,0.5,"RS_case2_R50_vara0.5_varb0.1_contam_rho25.rds"
"CIRG","contam",0.25,50,1,14.3573298972723,0.0655145269903428,0.00607097739400858,0.000211403921703765,0.303548869700429,0.0105701960851883,0.0166336984957318,0.00349268646750454,0.046418222421217,0.00859090504048959,0.000379332589561839,4.62528694679125e-05,14.1807615400055,0.0509906124996526,0.209352807772849,0.00700094344842309,0.0099243822023699,9.18896746001658e-06,26.9676922199918,0.538926747756137,0.000271269480158149,2.82008356352276e-06,5.06,0.709935323297345,315.54816,54.1379829422246,98.62,11.4123774553628,3.28344753700572e-05,4.16544372843699e-05,2,50,0.5,"RS_case2_R50_vara0.5_varb0.1_contam_rho25.rds"
"CPF","contam",0.25,50,0.96,14.0982844078322,0.0654735426189619,0.00751058247911283,0.000372832923733823,0.375529123955641,0.0186416461866911,0.0904900178063218,0.0182272140662799,0.612616507305951,0.0479913916791932,0.00716845978396759,0.00123918860049118,13.9048736499545,0.038756894407315,0.125537987807772,0.0252002448709714,0.00869293868987262,0.000221004826122998,24.1313882683584,0.381696747148223,0.000215372903614534,1.12467430995275e-05,4.72,0.285771422858285,2.7542399999997,0.213401123803917,120.7,14.9985645571671,0.0141652422478408,0.00180763505287368,2,50,0.5,"RS_case2_R50_vara0.5_varb0.1_contam_rho25.rds"
"KM","contam",0.25,50,1,14.3409402123464,0.065976714705827,0.00591017215390809,0.000192196193231667,0.295508607695405,0.00960980966158336,0.0165959564838083,0.00355754190843369,0.000197755495100578,2.28925909700807e-05,0.000193853051728422,8.67501427243421e-06,14.2210489856199,0.0501212245011674,0.249802309291601,2.28676394765524e-05,0.00996127065619774,1.73141497300543e-06,27.3824472303716,0.533943338968194,0.000287530119992883,2.98262109477554e-08,2,0,341.223999999998,9.9289814776987,47.24,5.07989715467162,-1.78764528578213e-05,2.89540911028497e-05,2,50,0.5,"RS_case2_R50_vara0.5_varb0.1_contam_rho25.rds"
"LM","contam",0.25,50,1,14.3406058569505,0.0661023877534565,0.0059085665796871,0.000192250506634045,0.295428328984355,0.00961252533170224,0.016595114177299,0.00354926671184139,0,0,NA,NA,14.2212190117607,0.0500727535240376,0.25,0,NA,NA,27.3839847204,0.533487195348155,NA,NA,1,0,0.0106200000000536,0.000295393200690872,1,0,NA,NA,2,50,0.5,"RS_case2_R50_vara0.5_varb0.1_contam_rho25.rds"
"OBS","contam",0.25,50,1,12.7382829992741,0.0517218161883398,0.00538241636007447,0.000179572185749406,0.269120818003724,0.00897860928747028,0.0124395266358619,0.00276044665883626,0.266110892617919,0.00961057200460372,0.0543678496011148,0.000595130099150702,11.2514948697198,0.0383089854365882,0.0592299061705146,0.00439834137327319,0.00209964796193732,5.32587697205447e-05,5.14114048826865,0.173674604011112,6.31342961427837e-05,2.03845085482239e-06,50,0,1.34515999999916,0.0163259242947141,45.1,0.490938293641131,0.565009465732287,0.000990438950699169,2,50,0.5,"RS_case2_R50_vara0.5_varb0.1_contam_rho25.rds"
"ORACLE","contam",0.25,50,1,10.7642674415227,0.0458685074190369,0.0047849515186812,0.000163973551316143,0.23924757593406,0.00819867756580714,0.0105105637185238,0.00235462430930827,0.471832056147508,0.0162320851713391,0.0955624939754447,0.000782165961433814,8.98866901397184,0.024145999348312,0.0137039819223478,0.00219748465575073,4.96688556880231e-05,7.9753760023922e-06,0.028696826186276,0.005006722249483,6.22353891070702e-06,8.91878255620245e-07,50,0,0.719180000000051,0.00730801572781856,23.82,0.215122176960926,1,0,2,50,0.5,"RS_case2_R50_vara0.5_varb0.1_contam_rho25.rds"
"BLM","contam",0.25,50,1,11.2978012447877,0.0996592693091924,0.0190016786348432,0.000609493664914837,0.950083931742161,0.0304746832457418,0.236953206166462,0.0420996459766828,9.71776596717665e-05,1.39094592947577e-06,0.000147070417632098,1.17172710151536e-06,11.1854904855953,0.0866788288363176,0.249902831878628,1.39066604641035e-06,0.0099706076134556,2.33988184730132e-07,5.14451641168109,0.462923832178634,0.000287748255498427,4.75296990166806e-09,1,0,0.345920000000273,0.00695477166979037,27,0,0,0,3,10,0.5,"RS_case3_R10_vara0.5_varb0.1_contam_rho25.rds"
"CIRG","contam",0.25,50,1,12.6108962666319,0.199275286965409,0.0225197260178642,0.000899537966641872,1.12598630089321,0.0449768983320936,0.457710901215532,0.10251167649056,6.13535646302005,0.502004957643992,0.00712766011710736,0.000529616943728038,5.60800723168143,0.458604233275727,44.1056823627601,4.32623882222433,0.00863901572657064,9.69116580300371e-05,21.8111892364679,1.95996457740664,0.0171232730292536,0.001662786382562,6.18,0.598426508198196,263.99374,27.666870598485,59.9,9.28387893949858,0.124575292997957,0.00658837424625156,3,10,0.5,"RS_case3_R10_vara0.5_varb0.1_contam_rho25.rds"
"CPF","contam",0.25,50,1,10.3467538680778,0.0589110365655142,0.0166608183043191,0.000510186837599462,0.833040915215955,0.0255093418799731,0.15003766867615,0.0291984576179036,0.266654995459865,0.0242885078078846,0.0439022365595607,0.00092690567406617,10.007059174631,0.0386405132599042,0.0833565401089857,0.00987863020334001,0.00318905761532167,0.000102926399010472,1.08732955519289,0.0913699546080353,9.33523340542366e-05,4.50824300089214e-06,9.4,0.0989743318610787,0.604039999999973,0.0181483897076288,25.6,0.887095696929144,0.555013164823693,0.00464128474380427,3,10,0.5,"RS_case3_R10_vara0.5_varb0.1_contam_rho25.rds"
"KM","contam",0.25,50,0.98,11.167051149554,0.0967074905325437,0.0186165995974285,0.000587317542574643,0.930829979871424,0.0293658771287322,0.326407490409332,0.0605826910704063,0.201623497940401,0.050654504503558,0.00660644714139603,0.000592083090953232,11.052964286227,0.0843271488560131,0.21475659947987,0.0330229266069363,0.0087395332724959,0.000110118854065984,4.56310469419858,0.424864299596916,0.000250570266476226,1.25830591094296e-05,2,0,256.16286,6.31236447681622,74.82,14.1875107479956,0.164496064048899,0.00589016602059893,3,10,0.5,"RS_case3_R10_vara0.5_varb0.1_contam_rho25.rds"
"LM","contam",0.25,50,1,11.2978012447877,0.0996592693091924,0.0190016786348432,0.000609493664914839,0.950083931742161,0.030474683245742,0.236953206166463,0.0420996459766823,0,0,NA,NA,11.1825006007219,0.0866558724255146,0.25,0,NA,NA,5.13126164321711,0.462265565294827,NA,NA,1,0,0.0133799999999076,0.0023207827673056,1,0,NA,NA,3,10,0.5,"RS_case3_R10_vara0.5_varb0.1_contam_rho25.rds"
"OBS","contam",0.25,50,1,10.3251776469437,0.0582983452956981,0.0165178531477705,0.000512114587864796,0.825892657388527,0.0256057293932398,0.146012392404155,0.0268170752778796,0.264035061163493,0.0242663097579338,0.0458173865803535,0.000774957544953959,9.97120268766583,0.0394346119101487,0.0845332880342481,0.00962751132446308,0.00296518299761043,8.25149351122386e-05,1.01943400273803,0.0916595212485821,8.95011295327833e-05,4.24272158344906e-06,10,0,0.362839999999845,0.0134318646418103,25.74,0.825021953944134,0.574747545000269,0.00158701924397907,3,10,0.5,"RS_case3_R10_vara0.5_varb0.1_contam_rho25.rds"
"ORACLE","contam",0.25,50,1,9.40847300493469,0.0367973364488372,0.014946815058231,0.000461800773289115,0.747340752911548,0.0230900386644557,0.0609312776673526,0.0147871352147896,0.457490706164943,0.0363394031884503,0.0843323280645646,0.00115050606183324,9.02145000079349,0.0176285522475575,0.0665140990429001,0.00972337871600942,0.000310335489593868,3.78591008668014e-05,0.0156876293969392,0.00296441456948576,3.15382058910394e-05,3.78628918503216e-06,10,0,0.24489999999994,0.0103384461785963,17.02,0.717415998069261,1,0,3,10,0.5,"RS_case3_R10_vara0.5_varb0.1_contam_rho25.rds"
"BLM","contam",0.25,50,1,12.7555320281129,0.211412066695714,0.0218590383326398,0.000829620450486331,1.09295191663199,0.0414810225243165,0.778508005908876,0.146943877050265,0.000109513630481621,1.97338845401501e-06,0.00016601112794575,2.65073067520139e-06,12.6238008843993,0.197282270657328,5.06200720084689,8.87979061711347e-06,0.00996682567839774,5.2920559744697e-07,15.0390272712428,1.82366178699013,0.0021377733505447,1.28541737233846e-08,1,0,0.279800000000105,0.00204280719237834,27,0,0,0,3,10,2.25,"RS_case3_R10_vara2.25_varb0.1_contam_rho25.rds"
"CIRG","contam",0.25,50,0.98,13.9074837665383,0.273727498709426,0.026542460621455,0.00112721156916312,1.32712303107275,0.0563605784581562,1.37101927658321,0.259630254666156,6.75839195114844,0.599491935380357,0.00971775590382799,0.000915293226696884,6.84949898246728,0.572954932937829,37.9357364338983,4.51455495520758,0.00819193392189181,0.000157155583268257,20.710245030121,1.72041604691749,0.0147425348442879,0.00173540608947332,5.66,0.523418901969326,270.5696,44.5413802870626,61.7,11.3629993884555,0.132109219957245,0.00649170211105452,3,10,2.25,"RS_case3_R10_vara2.25_varb0.1_contam_rho25.rds"
"CPF","contam",0.25,50,1,10.945682133809,0.0969969319918751,0.0181610825636315,0.000567815355181278,0.908054128181575,0.0283907677590639,0.492624109933338,0.0951806878981102,1.06391876520795,0.103510371676307,0.0461657597250274,0.0010015720539252,10.5974859838197,0.0828613580895908,1.93179415070962,0.175513690423709,0.00294727960836447,0.000106963835892186,2.8883956970585,0.337245566526415,0.000799368754758878,6.81610086284086e-05,9.3,0.122057196361679,0.523079999999682,0.0125571620347981,24.42,0.466064723542355,0.554426965481645,0.00608268438096713,3,10,2.25,"RS_case3_R10_vara2.25_varb0.1_contam_rho25.rds"
"KM","contam",0.25,50,0.98,12.503730791555,0.201612264339598,0.0209656445615356,0.000793300574064617,1.04828222807678,0.0396650287032309,0.833121532045285,0.138819071033158,0.868364912886174,0.233287830695289,0.0117211533173576,0.001440943547967,12.3703009422456,0.189375588200819,4.57565289951921,0.57590894763439,0.00789489436873044,0.000229882590250423,13.1162209982156,1.68310179271064,0.00191095640828748,0.000219902745432123,2,0,215.878200000001,3.82256621965845,56.52,10.3920000628427,0.164496064048899,0.00589016602059893,3,10,2.25,"RS_case3_R10_vara2.25_varb0.1_contam_rho25.rds"
"LM","contam",0.25,50,1,12.7555320281129,0.211412066695713,0.0218590383326398,0.000829620450486332,1.09295191663199,0.0414810225243166,0.778508005908879,0.146943877050264,0,0,NA,NA,12.6204271236523,0.197230449742113,5.0625,0,NA,NA,15.0135852226455,1.82176688477752,NA,NA,1,0,0.00920000000063737,0.00101458748018127,1,0,NA,NA,3,10,2.25,"RS_case3_R10_vara2.25_varb0.1_contam_rho25.rds"
"OBS","contam",0.25,50,1,10.9217370375423,0.0966622715467429,0.017897570763789,0.000556470399182868,0.894878538189451,0.0278235199591434,0.45787955326916,0.0920925247995436,1.00231820433604,0.0808593512245762,0.0482316580330864,0.000885442162228301,10.5607857769216,0.0821306987872442,1.87708336257375,0.176211238100815,0.00271837761331323,8.95853452714248e-05,2.76657937392158,0.330201743670079,0.000773933965105503,6.81657824600881e-05,10,0,0.290699999999924,0.00483129677945323,24.86,0.415033807327174,0.574747545000269,0.00158701924397907,3,10,2.25,"RS_case3_R10_vara2.25_varb0.1_contam_rho25.rds"
"ORACLE","contam",0.25,50,1,9.41054691891415,0.0368406467319952,0.0149702280296914,0.000461504447573781,0.748511401484571,0.023075222378689,0.22452443257346,0.0562647683657755,1.9758018573248,0.125029140626155,0.0842904339768961,0.00115048472735251,9.02148105460785,0.0176309271496285,0.841166635726557,0.116770828695318,0.000311647604919958,3.76670717787042e-05,0.0156930657226854,0.00299817473365332,0.000329392163003673,4.48737440806165e-05,10,0,0.177319999999963,0.0027722296338409,14.78,0.256013392506832,1,0,3,10,2.25,"RS_case3_R10_vara2.25_varb0.1_contam_rho25.rds"
"BLM","contam",0.25,50,1,11.4369343616757,0.0602681317048611,0.0119375570111105,0.000375516459422033,0.596877850555525,0.0187758229711016,0.0491385280307037,0.00841572953968667,5.67823931453681e-05,2.47023640847611e-07,0.000148784957810419,6.85827010565945e-07,11.2455483822177,0.0452314358973531,0.249943220834085,2.46995425368134e-07,0.00997026516844916,1.36959827591891e-07,5.14273579375394,0.209307290285722,0.000287757200790674,2.691177598817e-09,1,0,0.285499999999738,0.00233819221989495,26.88,0.0464230765979198,0,0,3,20,0.5,"RS_case3_R20_vara0.5_varb0.1_contam_rho25.rds"
"CIRG","contam",0.25,50,1,12.4379821981001,0.167617989996292,0.0144860205903353,0.000449239834104475,0.724301029516766,0.0224619917052238,0.118223192494378,0.0238033293876298,4.6306265993082,0.533513379248225,0.008097507857938,0.000663675559571035,7.29029557615248,0.46450856824246,31.0092658689186,4.11800293182254,0.00846765085909199,0.000120503321303255,13.4957315054861,1.51277698029515,0.0120848321460489,0.00158230609216949,6.16,0.659226510265428,172.40984,17.4048992390626,50.6,4.03666866085774,0.153576241145111,0.0057137308724496,3,20,0.5,"RS_case3_R20_vara0.5_varb0.1_contam_rho25.rds"
"CPF","contam",0.25,50,1,10.6656284179701,0.0426497439990938,0.0113079952020579,0.000326145397663995,0.565399760102895,0.0163072698831997,0.041781326767412,0.00802285612087666,0.279704427805373,0.0170640573815197,0.0360647712326063,0.000976549725514733,10.1819249547224,0.0288161948358629,0.062798059790228,0.00598712534463696,0.00413444229649271,0.000126857208625512,1.43763487975167,0.0682149631914288,0.000103621751101447,3.37044980209188e-06,14.12,0.224317559158749,0.865660000000935,0.0151350009269527,42.4,1.07930438671566,0.461983774496521,0.00750220572048419,3,20,0.5,"RS_case3_R20_vara0.5_varb0.1_contam_rho25.rds"
"KM","contam",0.25,50,1,11.3199119197776,0.0576730228497397,0.0120971149417312,0.000387288308457208,0.604855747086558,0.0193644154228604,0.0879517647740352,0.0145663160091877,0.0548940699386184,0.00940256664608551,0.0043215736608943,0.000472266323161484,11.128972994433,0.0431077507778889,0.202451293692977,0.00754373581233241,0.00916529000524731,8.86478774191724e-05,4.62358164170422,0.189870731681796,0.000254023757768298,3.18658857794218e-06,2,0,281.44774,6.1394243654789,57.34,6.18580402442329,0.112901521714825,0.00262149310818875,3,20,0.5,"RS_case3_R20_vara0.5_varb0.1_contam_rho25.rds"
"LM","contam",0.25,50,1,11.4369343616757,0.0602681317048611,0.0119375570111105,0.000375516459422031,0.596877850555525,0.0187758229711015,0.0491385280307037,0.00841572953968665,0,0,NA,NA,11.2425701154436,0.0452209857650044,0.25,0,NA,NA,5.12932266280506,0.208988098577554,NA,NA,1,0,0.00771999999895343,0.00023218571035161,1,0,NA,NA,3,20,0.5,"RS_case3_R20_vara0.5_varb0.1_contam_rho25.rds"
"OBS","contam",0.25,50,1,10.5714582600642,0.0412814417496011,0.0108646080255584,0.000320899429969238,0.543230401277918,0.0160449714984619,0.0381190231247026,0.00703183802371804,0.218317576250242,0.0119704495714774,0.048175720850996,0.000816493099512192,9.96028848409488,0.0282965663265231,0.0863662793337589,0.0064326136044595,0.00271842229740989,8.31806997124803e-05,0.961388060312935,0.0541199277720176,8.54622815087479e-05,2.96578643052659e-06,20,0,0.571960000000399,0.0100300348952997,41.76,0.752985893029903,0.569457397804223,0.000945251283675142,3,20,0.5,"RS_case3_R20_vara0.5_varb0.1_contam_rho25.rds"
"ORACLE","contam",0.25,50,1,9.71319524303992,0.0342151265859992,0.010255762872756,0.00028514025112495,0.512788143637798,0.0142570125562475,0.0326841489108089,0.00584908522310525,0.473022047879612,0.0293215439577537,0.0891599930405611,0.00107419976435736,9.00992156081723,0.0208970456420854,0.0428557039638675,0.00877856662621892,0.000174047102434209,2.35727664815243e-05,0.0214960766808527,0.00449257214005411,1.98223987257124e-05,3.4016960885012e-06,20,0,0.336160000000236,0.0181851780865241,24.04,1.37587374836086,1,0,3,20,0.5,"RS_case3_R20_vara0.5_varb0.1_contam_rho25.rds"
"BLM","contam",0.25,50,1,13.0231569845849,0.114294773315658,0.0129246298335294,0.000421846597174672,0.646231491676472,0.0210923298587336,0.145567724521444,0.0260573990006342,6.42869600892392e-05,4.69835804817508e-07,0.00016844809193917,1.32426515211478e-06,12.7907063232691,0.0933524572845158,5.06221071282323,2.11420047999174e-06,0.00996633884230208,2.64404482590788e-07,14.7964738120439,0.72136204989127,0.00213784223565488,5.80424912758853e-09,1,0,0.304559999999183,0.00454161348657605,27,0,0,0,3,20,2.25,"RS_case3_R20_vara2.25_varb0.1_contam_rho25.rds"
"CIRG","contam",0.25,50,1,14.0609610264974,0.24023609363643,0.0159287144460354,0.000603664342200421,0.79643572230177,0.030183217110021,0.249686687823459,0.0452139060623045,5.69119022121474,0.601363406363764,0.0115645144397477,0.000848360881428613,7.88509655358608,0.510826220418153,29.562049517742,3.58343443229194,0.00785610119934938,0.000148057463065837,14.0292376406937,1.05299413057661,0.0115166684266472,0.00137655875881202,6.54,0.654784588351663,210.61882,28.8621743531916,41.92,4.65739175496153,0.159899430757963,0.00571503792974996,3,20,2.25,"RS_case3_R20_vara2.25_varb0.1_contam_rho25.rds"
"CPF","contam",0.25,50,1,11.2971991736096,0.0611446762090964,0.0117993846515422,0.000340925097314417,0.589969232577109,0.0170462548657208,0.149024620178127,0.0301134478156275,0.947210676474281,0.0501895515812562,0.0402524938075376,0.00105948845978093,10.7616652112198,0.0463635618348604,1.82069058480105,0.113293213847384,0.00362476777024238,0.000133525365601742,3.20879372985676,0.173213808468546,0.000769676652561773,4.31946235131508e-05,14.52,0.247831410768016,0.988499999999767,0.0272965909510107,42.24,1.39987171423903,0.475038589186375,0.00796152691182905,3,20,2.25,"RS_case3_R20_vara2.25_varb0.1_contam_rho25.rds"
"KM","contam",0.25,50,0.98,12.7733899984014,0.118038234593348,0.013538842164905,0.000451970423832083,0.676942108245249,0.0225985211916041,0.35010283790579,0.0515050835710776,0.204844045201582,0.0330381789927954,0.00681122268783307,0.000752377032572792,12.5467188252495,0.0953477835366305,4.23614742173427,0.125932053763917,0.00871188570569465,0.000137018490146536,13.0246832168212,0.701334154543534,0.00179613291311765,4.78979781339958e-05,2,0,298.37496,7.44750047032411,64.42,11.4638416469403,0.112901521714825,0.00262149310818875,3,20,2.25,"RS_case3_R20_vara2.25_varb0.1_contam_rho25.rds"
"LM","contam",0.25,50,1,13.0231569845849,0.114294773315658,0.0129246298335294,0.000421846597174674,0.646231491676472,0.0210923298587337,0.145567724521445,0.0260573990006342,0,0,NA,NA,12.7873343811996,0.0933290207323485,5.0625,0,NA,NA,14.7707067144487,0.720550076786187,NA,NA,1,0,0.00845999999903142,0.000329761818739118,1,0,NA,NA,3,20,2.25,"RS_case3_R20_vara2.25_varb0.1_contam_rho25.rds"
"OBS","contam",0.25,50,1,11.2024228056374,0.0583590230289678,0.0113597349560152,0.000344556516745322,0.567986747800758,0.0172278258372661,0.122940868988499,0.0254735133476311,0.806682806848568,0.0420576464691496,0.0511721363745402,0.00084157324676815,10.5486484821546,0.0429498057190313,2.1698379557462,0.10984062960077,0.00241886429718062,8.05799954321424e-05,2.48870172603364,0.13836166094947,0.000880730938333423,4.23214658949746e-05,20,0,0.61274000000034,0.0131592695662476,42.14,0.770904583947339,0.569457397804223,0.000945251283675142,3,20,2.25,"RS_case3_R20_vara2.25_varb0.1_contam_rho25.rds"
"ORACLE","contam",0.25,50,1,9.71552251282824,0.0343135330859047,0.0103119157499799,0.000289162709645526,0.515595787498997,0.0144581354822763,0.119358606151619,0.0234282718980816,2.14970052657239,0.105428161214645,0.0890663947929602,0.00106426481265332,9.01020702267989,0.0208710250111213,0.554699746047812,0.109483213782975,0.000175044042804556,2.36765567561402e-05,0.0214485678777155,0.00449451945485152,0.000216628968930427,4.20807557638057e-05,20,0,0.345539999998873,0.00644393149103873,23.22,0.367329024506501,1,0,3,20,2.25,"RS_case3_R20_vara2.25_varb0.1_contam_rho25.rds"
"BLM","contam",0.25,50,1,15.7976312836114,0.233306078214245,0.00935954755800526,0.000276159194461669,0.467977377900263,0.0138079597230835,0.0677450452697275,0.0125153160330187,0.000140722272235758,2.84234801014365e-06,0.000178918521125414,2.6339894745843e-06,15.6600722396133,0.244687188525984,0.24985929792639,2.8415422507731e-06,0.00996424864756925,5.258508055643e-07,47.2902814280765,3.42018855877938,0.000287609277318282,1.09384801086767e-08,1,0,0.375899999999383,0.00985234873047528,27.06,0.0339266916772512,0,0,3,50,0.5,"RS_case3_R50_vara0.5_varb0.1_contam_rho25.rds"
"CIRG","contam",0.25,50,0.92,15.7995358942153,0.270295458779936,0.00996606092744775,0.000369064263243294,0.498303046372387,0.0184532131621647,1.90185813386968,0.554239836550077,9.02363353791343,2.77203876142896,0.0107708128262777,0.00186001091249114,13.9505832552334,0.397967145469952,449.178074537008,289.157644081295,0.0081313702328179,0.000293222236368332,32.2687891617993,3.24421379795009,0.172850689368954,0.111168400089693,4.62,0.518939263482417,221.57246,19.57558233838,119.72,20.5339348794295,0.112658330419141,0.00933154206060667,3,50,0.5,"RS_case3_R50_vara0.5_varb0.1_contam_rho25.rds"
"CPF","contam",0.25,50,0.98,13.8523284347186,0.123698136759871,0.0104827140910728,0.000401156699972944,0.52413570455364,0.0200578349986472,0.309659813692349,0.0596466442466119,1.11190189483101,0.188073453277721,0.0128236178972521,0.00131332527673867,13.6491654548238,0.129925485754625,2.10763349646032,1.07536450172584,0.00768423793736781,0.000224820149868628,22.4418903869072,1.22860430920069,0.000958033599895699,0.000414368320677104,4.72,0.314337658045144,2.39307999999932,0.152279128348507,103.64,11.9711817226511,0.0127698586593748,0.00156606412775624,3,50,0.5,"RS_case3_R50_vara0.5_varb0.1_contam_rho25.rds"
"KM","contam",0.25,50,0.96,15.2979762441002,0.232098329412872,0.0100045702457267,0.000368909527918467,0.500228512286333,0.0184454763959233,3.66078408065504,0.823329207207381,9.38934694485482,2.09285104924856,0.0111315256456824,0.00112405153721684,15.115643230169,0.240626875816711,293.641739308699,115.220803760137,0.00795951683512166,0.000189201493971297,40.2382554936121,3.1550427878495,0.113048717858691,0.0442962905924655,3.86,0.0495695759225642,452.58222,11.5744901671574,90.42,14.8365266302117,0.131499638528004,0.00201332725657874,3,50,0.5,"RS_case3_R50_vara0.5_varb0.1_contam_rho25.rds"
"LM","contam",0.25,50,1,15.7976312836114,0.233306078214245,0.00935954755800523,0.000276159194461671,0.467977377900261,0.0138079597230835,0.0677450452697297,0.0125153160330199,0,0,NA,NA,15.6553075293058,0.244615287597335,0.25,0,NA,NA,47.2251136170239,3.41684694876655,NA,NA,1,0,0.0173000000006868,0.00444561237483272,1,0,NA,NA,3,50,0.5,"RS_case3_R50_vara0.5_varb0.1_contam_rho25.rds"
"OBS","contam",0.25,50,1,12.4729896553941,0.0945331238207641,0.00747999044784471,0.000237578320567684,0.373999522392235,0.0118789160283842,0.0600919986558585,0.0122040734173801,0.631276601863323,0.028388563642362,0.0466375972224128,0.000755178980219619,11.5525112785191,0.0901001889091337,0.056723162934927,0.010652858511197,0.00287549049951356,8.13200944060596e-05,6.9130979849986,0.480645706554853,7.7084847332028e-05,4.40605764952217e-06,50,0,2.81905999999959,0.0602399922078547,118.86,1.93464862601002,0.565009465732287,0.000990438950699169,3,50,0.5,"RS_case3_R50_vara0.5_varb0.1_contam_rho25.rds"
"ORACLE","contam",0.25,50,0.98,10.0975884812952,0.0426002782380968,0.00644339197961533,0.000199389282199054,0.322169598980767,0.00996946410995271,0.0293210562228197,0.00630019037131633,0.474023219756391,0.0317090611211786,0.0936466139918433,0.00122453107989945,8.99941394639335,0.0238042131633521,0.0499425564139702,0.00871872088124271,0.000113839855684986,2.25692656146005e-05,0.0277657311108189,0.00591774645387189,2.1389676739031e-05,3.39451185548443e-06,50,0,1.89817999999854,0.245634047846135,78.12,9.52498926026498,1,0,3,50,0.5,"RS_case3_R50_vara0.5_varb0.1_contam_rho25.rds"
"BLM","contam",0.25,50,1,17.3724098500022,0.258787142042222,0.00988938231101457,0.000293492060740856,0.494469115550729,0.0146746030370428,0.151538065680803,0.02983142820235,0.000152840258112596,2.7700639293575e-06,0.000194132812549653,2.41033849267271e-06,17.2286609936934,0.271295373208391,5.06181224257463,1.24644409986834e-05,0.00996121140971583,4.81139130702763e-07,71.3173195458203,4.71746960707044,0.002137590470227,1.29087057737162e-08,1,0,0.389139999998151,0.00715815561719193,27.34,0.0973527144994333,0,0,3,50,2.25,"RS_case3_R50_vara2.25_varb0.1_contam_rho25.rds"
"CIRG","contam",0.25,50,0.94,17.587651928683,0.329450141127505,0.0111041640168335,0.000428145167914774,0.555208200841676,0.0214072583957387,1.91040197742312,0.419693998242551,10.7922768836431,3.45232018308781,0.0125541465472615,0.00182943372021315,14.5818023577157,0.549888461654223,656.977712038039,528.934470017283,0.00781077184517382,0.000290638236327408,45.973006253362,5.17253547484261,0.252736736113148,0.203355388113964,5.44,0.652880587262701,270.493459999999,27.5313794353503,103.78,18.0226906867936,0.115474876462372,0.0096215905189424,3,50,2.25,"RS_case3_R50_vara2.25_varb0.1_contam_rho25.rds"
"CPF","contam",0.25,50,0.98,15.0033981223508,0.154467311261236,0.0106739405782822,0.000399891246677407,0.533697028914112,0.0199945623338703,0.632251627310372,0.126865500483122,2.32551226643159,0.552506255608665,0.0136002356034904,0.00143061869396074,14.7667851635256,0.164963548451535,14.9635970642303,12.7553658350417,0.00756520611030035,0.000236944688368705,34.5892467658273,2.04003530567493,0.00589844574000205,0.00490497324367418,5.32,0.364148433516682,2.45876000000048,0.145379712701872,97.44,11.456044122592,0.016401924113727,0.00228749037770449,3,50,2.25,"RS_case3_R50_vara2.25_varb0.1_contam_rho25.rds"
"KM","contam",0.25,50,0.98,16.720464225748,0.256818937245973,0.0108743842177754,0.000445023593881291,0.54371921088877,0.0222511796940645,4.553339289143,0.917523506472771,11.7726845141564,2.47897215067974,0.0137097183260658,0.00120961361681523,16.5231825947435,0.266135744546727,391.801363624597,160.39809283576,0.00751770780136415,0.000200937205311426,60.0688598455974,4.32545980644826,0.150779411385877,0.0616654865608919,3.86,0.0495695759225642,472.071240000001,12.4370193640142,77.92,13.8006459476152,0.131499638528004,0.00201332725657874,3,50,2.25,"RS_case3_R50_vara2.25_varb0.1_contam_rho25.rds"
"LM","contam",0.25,50,1,17.3724098500022,0.258787142042222,0.00988938231101457,0.000293492060740861,0.494469115550728,0.0146746030370431,0.151538065680806,0.0298314282023524,0,0,NA,NA,17.223470304676,0.271226811608618,5.0625,0,NA,NA,71.2300990353217,4.71348201660007,NA,NA,1,0,0.0131199999968521,0.00283313340598822,1,0,NA,NA,3,50,2.25,"RS_case3_R50_vara2.25_varb0.1_contam_rho25.rds"
"OBS","contam",0.25,50,1,13.0921022520192,0.104131998033391,0.00770751778440134,0.000242721355337794,0.385375889220067,0.0121360677668897,0.135699521632574,0.0286098721623632,1.3976960521783,0.04804713832709,0.0491949427601522,0.000715556955106291,12.1031454948191,0.101262617060468,0.839539867042159,0.0817338650853215,0.00260624290718826,7.31828536382258e-05,10.1319637250988,0.656412122107612,0.000372876590696491,3.13773695872787e-05,50,0,2.78192000000214,0.0540786263562807,115.46,1.76246812100277,0.565009465732287,0.000990438950699169,3,50,2.25,"RS_case3_R50_vara2.25_varb0.1_contam_rho25.rds"
"ORACLE","contam",0.25,50,1,10.1057206859973,0.0426565564833798,0.0064568724681665,0.000198773066676767,0.322843623408325,0.00993865333383835,0.0811167106347579,0.0184663840671339,2.158130012818,0.0949934982739149,0.0934715251254276,0.00120465037624278,9.00043098530105,0.0239952581255772,0.450604565546318,0.0711655956644434,0.000113728928108035,2.13627007029889e-05,0.0282130339614705,0.00606358686724693,0.000175429070338993,2.73793546026314e-05,50,0,1.52229999999923,0.0322142857139795,62.6,1.07968249301092,1,0,3,50,2.25,"RS_case3_R50_vara2.25_varb0.1_contam_rho25.rds"
"BLM","contam",0.25,50,1,19.6391322408017,0.640654028142727,0.0188921989211413,0.000581293717807552,0.944609946057067,0.0290646858903776,1.76958821832517,0.327835039924122,0.000223327105130891,3.57403594748591e-06,6.82320659303909e-05,1.19791026514378e-06,19.4242869503669,0.630983705330504,0.249776723395778,3.57239633994335e-06,0.00998635831274321,2.39415706513785e-07,128.174639806828,17.3559932739238,0.000288002552492479,5.1917218173862e-09,1,0,0.440820000000113,0.00791256763191794,32.54,0.600822565406827,0,0,4,10,0.5,"RS_case4_R10_vara0.5_varb0.1_contam_rho25.rds"
"CIRG","contam",0.25,50,1,18.2727615563258,0.58215185374347,0.0184551065929521,0.000544240158736753,0.922755329647606,0.0272120079368377,4.02948064372398,0.846577105927137,6.97736678226049,1.46625069576784,0.015694255564774,0.000983101500479588,17.7889510966567,0.569942774485163,147.300944471076,57.9529607523703,0.00715481648422966,0.000163732514621412,93.1625649226268,13.468543082585,0.0567699674337899,0.0222797740151799,4.56,0.591200784291546,239.02508,58.5146640651471,32.18,4.67914958259795,0.217656789636612,0.0101815472136362,4,10,0.5,"RS_case4_R10_vara0.5_varb0.1_contam_rho25.rds"
"CPF","contam",0.25,50,1,14.1042363753168,0.261632309295241,0.0154674295031238,0.000454236635937176,0.773371475156191,0.0227118317968588,1.09132738123263,0.20087011601058,1.34545476423352,0.131305614806166,0.0458000820697306,0.00075231843654245,13.500196874732,0.261836240184699,1.5596108178668,0.346783392443589,0.00296536427211606,8.1918786698418e-05,23.6111245283764,3.10687162934185,0.000656624002872973,0.000133457348313378,9.42,0.107247567880705,0.652760000000395,0.0325223384454139,18.96,0.697494056737169,0.556519503001767,0.00560109237203234,4,10,0.5,"RS_case4_R10_vara0.5_varb0.1_contam_rho25.rds"
"KM","contam",0.25,50,1,18.4444641869503,0.59143174316862,0.0184595666229965,0.00053773076414825,0.922978331149826,0.0268865382074125,6.49098146038252,1.2587833564247,7.3578196548067,1.20394998304201,0.0126997028750991,0.000923990832456641,18.2476120229032,0.590668473790734,118.054972939529,38.6640300419631,0.00766317607196072,0.000156951785797579,102.613901176727,14.5598990910975,0.0455356138958581,0.0148634636954322,2.18,0.0548839220351387,367.52638,10.3570684304278,27.98,7.84588752279869,0.21672475367857,0.00965028294506887,4,10,0.5,"RS_case4_R10_vara0.5_varb0.1_contam_rho25.rds"
"LM","contam",0.25,50,1,19.6391322408017,0.640654028142727,0.0188921989211413,0.000581293717807578,0.944609946057065,0.0290646858903789,1.76958821832517,0.327835039924123,0,0,NA,NA,19.4192478950881,0.630900654402426,0.25,0,NA,NA,128.064472849842,17.3470089268687,NA,NA,1,0,0.0167199999999427,0.00317362086391132,1,0,NA,NA,4,10,0.5,"RS_case4_R10_vara0.5_varb0.1_contam_rho25.rds"
"OBS","contam",0.25,50,1,14.0258218669114,0.261376869598219,0.0153160634733558,0.00043849451753157,0.765803173667789,0.0219247258765785,1.0239511582341,0.186754734303715,1.37770088431515,0.137746943155071,0.0475570368351521,0.000661431354714329,13.3985165491324,0.259222197555556,1.70009563940734,0.385023557522083,0.00277170146592255,6.84877523746031e-05,22.6395590705623,3.02001202388823,0.000706912999885991,0.000148180899757768,10,0,0.30378000000003,0.0111577296351966,19.3,0.71898454469495,0.574747545000269,0.00158701924397907,4,10,0.5,"RS_case4_R10_vara0.5_varb0.1_contam_rho25.rds"
"ORACLE","contam",0.25,50,1,9.49878018950959,0.0378174191407786,0.0130254878527563,0.000348234675848992,0.651274392637814,0.0174117337924496,0.0829922809546228,0.0169173565372306,0.389242258538513,0.0359986114994088,0.0863335865578806,0.000934196598970175,9.01412972268339,0.018901748091167,0.0757663787580325,0.0119672241277672,0.000229534297361787,2.53510708037801e-05,0.0177061770273044,0.00299773696091138,3.35421351888204e-05,4.6451989604912e-06,10,0,0.812140000000186,0.191520033608674,54.72,13.2569901469037,1,0,4,10,0.5,"RS_case4_R10_vara0.5_varb0.1_contam_rho25.rds"
"BLM","contam",0.25,50,1,21.2935733053273,0.834510362793798,0.0195455760561555,0.000594369709977813,0.977278802807775,0.0297184854988906,2.54909113751592,0.453210731665414,0.000230900945099566,4.12668665748183e-06,7.08692574188699e-05,1.4937799514425e-06,21.05097210008,0.817252680348963,5.06146099989675,1.8568074280907e-05,0.00998583128030542,2.98535999214579e-07,177.953123790247,27.5103802761378,0.00213792870584853,1.1155176294337e-08,1,0,0.391659999999538,0.00832118564942523,33.54,0.648521080487546,0,0,4,10,2.25,"RS_case4_R10_vara2.25_varb0.1_contam_rho25.rds"
"CIRG","contam",0.25,50,1,19.6969595688124,0.773430078897284,0.0193251467425224,0.000625517959702864,0.966257337126122,0.0312758979851432,5.65840532720253,1.08849351792265,8.41790151175127,1.44440514337674,0.017574680279701,0.00106535396936808,19.0556790579385,0.727353242108065,140.27201375111,43.6545043951562,0.00684954730591588,0.000173682591234797,127.039775517713,21.1968394189757,0.0540617036203021,0.0167827714492206,4.48,0.568736515875142,249.33406,53.514844760587,29.94,3.77028229333409,0.220294826014187,0.0102553282952656,4,10,2.25,"RS_case4_R10_vara2.25_varb0.1_contam_rho25.rds"
"CPF","contam",0.25,50,1,14.7643831518301,0.330489889369603,0.0159788803491137,0.000460579565912209,0.798944017455685,0.0230289782956104,1.65276611878798,0.29665209499839,2.275729662818,0.203623337930145,0.0460250693770222,0.000847108140637421,14.1438029522391,0.328057941078142,2.03232273928962,0.483754736912291,0.00294845515365004,9.21274878788545e-05,31.732187433981,4.73249262255105,0.000838041329093471,0.000185981177240361,9.3,0.131707777961327,0.574020000000455,0.0220127883054183,18.18,0.45775851400368,0.555175178160387,0.00565860594672703,4,10,2.25,"RS_case4_R10_vara2.25_varb0.1_contam_rho25.rds"
"KM","contam",0.25,50,1,19.8750462012514,0.774827711248884,0.0190722620753213,0.000569979809638258,0.953613103766065,0.0284989904819129,7.89445088163907,1.50260904165173,9.03822623034101,1.49306847568927,0.0136508350248466,0.000939672758749993,19.6486372641101,0.766406622238924,155.313435536046,53.8996397423771,0.00749944455168957,0.000158927340583137,142.175052002567,23.6015703102834,0.0598571348572206,0.0207212999844579,2.18,0.0548839220351387,323.64308,9.95739015576655,22.24,2.85993577778614,0.21672475367857,0.00965028294506887,4,10,2.25,"RS_case4_R10_vara2.25_varb0.1_contam_rho25.rds"
"LM","contam",0.25,50,1,21.2935733053273,0.834510362793798,0.0195455760561555,0.000594369709977797,0.977278802807776,0.0297184854988899,2.54909113751592,0.45321073166541,0,0,NA,NA,21.0456862000683,0.817141234974097,5.0625,0,NA,NA,177.81682612737,27.4972524634202,NA,NA,1,0,0.0121199999996315,0.00169552592527086,1,0,NA,NA,4,10,2.25,"RS_case4_R10_vara2.25_varb0.1_contam_rho25.rds"
"OBS","contam",0.25,50,1,14.6856788579408,0.333382466791787,0.0156139658396307,0.000440201630908822,0.780698291981536,0.0220100815454411,1.52890034187867,0.272810189110182,2.2728467036123,0.20318243805525,0.0479211262756671,0.000675555816490072,14.0412319830403,0.331707262029529,2.02339402543565,0.478837436287674,0.0027345714957935,6.88240754893978e-05,30.8054755833012,4.72260023149564,0.000830496962793281,0.000184080350050227,10,0,0.25118000000024,0.00623274368778841,18.38,0.369102607270495,0.574747545000269,0.00158701924397907,4,10,2.25,"RS_case4_R10_vara2.25_varb0.1_contam_rho25.rds"
"ORACLE","contam",0.25,50,1,9.50097388539892,0.0377833891606781,0.0130245234509822,0.000347969024368903,0.65122617254911,0.0173984512184452,0.301006220435086,0.0735698025437884,1.84126752172462,0.129380441649557,0.0862784278489888,0.000935040095584831,9.01428672754576,0.0188622521169627,0.987287874187419,0.156410012466464,0.000231122241332618,2.57523336777842e-05,0.0176375537752362,0.00300517746797673,0.000384023062765878,6.01448019938223e-05,10,0,0.188519999999771,0.00832509067172379,13.14,0.599326152219886,1,0,4,10,2.25,"RS_case4_R10_vara2.25_varb0.1_contam_rho25.rds"
"BLM","contam",0.25,50,1,19.4794517086989,0.479856384786091,0.0107539762992163,0.00032208640159537,0.537698814960817,0.0161043200797685,0.436696610394444,0.0822379761108912,9.26322710279967e-05,2.04641547923895e-06,8.04958924010417e-05,1.77790292915448e-06,19.167595082573,0.470445445206746,0.249907376514913,2.04599763330254e-06,0.00998390745599449,3.55262204533984e-07,114.224616692035,12.0928774023617,0.00028800567063231,7.5934636269098e-09,1,0,0.362399999999761,0.00590039777302616,28.3,0.0654653670707977,0,0,4,20,0.5,"RS_case4_R20_vara0.5_varb0.1_contam_rho25.rds"
"CIRG","contam",0.25,50,1,17.8262956257072,0.403382179208156,0.0105230701993346,0.000337979801049016,0.526153509966731,0.0168989900524508,0.841972735337022,0.187251669867136,5.08257024562438,1.54804917017981,0.0161554545036974,0.00113186722715939,17.2934971581572,0.400500199073155,138.426305487507,105.632440841829,0.00709268285705752,0.000187657203853037,76.6417151757862,7.99964538038578,0.0533567626414302,0.0406107640609155,5.12,0.538053938575238,198.13698,39.9013056079316,38.42,6.15242377988927,0.230556988060742,0.0116805074510478,4,20,0.5,"RS_case4_R20_vara0.5_varb0.1_contam_rho25.rds"
"CPF","contam",0.25,50,1,14.4539816893173,0.185969574826753,0.00924106285374427,0.000293922259257936,0.462053142687214,0.0146961129628968,0.274873838620754,0.054102610381886,1.28640082949842,0.104717263383373,0.0380769650176589,0.000817824702562437,13.6908018633412,0.169355631470829,1.15574582191044,0.310380928501874,0.00386723528638618,0.000102341980409824,23.4090072867585,1.90821355715405,0.000518688037766148,0.000119779139276483,14.26,0.264667677648474,1.01072000000015,0.0292579804566206,25.42,0.538395196630785,0.462557746606711,0.00900444953115704,4,20,0.5,"RS_case4_R20_vara0.5_varb0.1_contam_rho25.rds"
"KM","contam",0.25,50,1,17.7362364802054,0.379875012203451,0.0106196555634993,0.000343610676925417,0.530982778174967,0.0171805338462709,2.54157654185076,0.557207946444697,5.62823207037292,1.14875720558047,0.0158924889376998,0.000771062423541569,17.38975310798,0.368742801068171,90.9612769188813,49.0401470936411,0.00710320574288384,0.000126357635747464,77.0505486265011,7.17588067752367,0.0351082034625242,0.0188533317368376,3.6,0.0699854212223765,367.806939999999,8.72684337308139,19.52,0.598119502085921,0.251844190478164,0.00595527590371306,4,20,0.5,"RS_case4_R20_vara0.5_varb0.1_contam_rho25.rds"
"LM","contam",0.25,50,1,19.4794517086989,0.479856384786091,0.0107539762992164,0.000322086401595371,0.537698814960819,0.0161043200797686,0.436696610394446,0.0822379761108916,0,0,NA,NA,19.1619509554497,0.470315656747612,0.25,0,NA,NA,114.103891253081,12.0835723310587,NA,NA,1,0,0.0157000000007974,0.00304513663797768,1,0,NA,NA,4,20,0.5,"RS_case4_R20_vara0.5_varb0.1_contam_rho25.rds"
"OBS","contam",0.25,50,1,14.0656217057031,0.186665641725534,0.00857178576784526,0.000252867402764129,0.428589288392263,0.0126433701382064,0.2267355450041,0.0401628138574803,0.939908605785961,0.0661673492078219,0.0479661379952507,0.000626046701093624,13.0554454871455,0.158994037280023,0.408047368402851,0.111443588280064,0.00272672758425486,6.62026579223924e-05,17.6853141898484,1.50649250256581,0.000209297865288579,4.28293743070154e-05,20,0,0.435919999999751,0.00819287096772255,26.28,0.351138091331136,0.569457397804223,0.000945251283675142,4,20,0.5,"RS_case4_R20_vara0.5_varb0.1_contam_rho25.rds"
"ORACLE","contam",0.25,50,1,9.90069629508278,0.0382912846510187,0.00754365663088239,0.000222287124874759,0.37718283154412,0.0111143562437379,0.0432339381173862,0.00739183033250113,0.481242964980017,0.0364041306080466,0.0915353579908006,0.000823835133267333,9.02454127364583,0.0195363888573882,0.0652896019037989,0.0145695914712736,0.000104906676357378,1.59512262323484e-05,0.0193041281019263,0.00378387592807829,2.7118391280918e-05,5.62683672334406e-06,20,0,0.626259999999456,0.119313905342988,37.8,7.07124097875273,1,0,4,20,0.5,"RS_case4_R20_vara0.5_varb0.1_contam_rho25.rds"
"BLM","contam",0.25,50,1,21.1274968312622,0.520851649892723,0.0110304471686939,0.00032654882919125,0.551522358434695,0.0163274414595625,0.466282256874024,0.0789288838625761,9.94911696004218e-05,2.19755827586307e-06,8.63083926778071e-05,1.93370172384638e-06,20.7814165455274,0.509143023612199,5.06205229987193,9.88853279082511e-06,0.009982745953824,3.86371553163051e-07,151.503880125382,14.5136296717697,0.00213809673108924,1.11546436076454e-08,1,0,0.359379999997909,0.00420300087152578,28.56,0.0709124208342335,0,0,4,20,2.25,"RS_case4_R20_vara2.25_varb0.1_contam_rho25.rds"
"CIRG","contam",0.25,50,1,19.1838800802653,0.453494378930807,0.010755192555939,0.000352500916751372,0.537759627796951,0.0176250458375686,1.24833442105705,0.273618386255328,5.81906248838362,1.12740772822346,0.0177868898765479,0.0010961183972005,18.5843202230397,0.4493034011272,75.0195681432285,34.2474862615475,0.00681786777766425,0.000183994975465444,101.750997904727,10.2806450815194,0.0289736491857408,0.0131657656012076,5.26,0.456079119523473,203.48042,38.2891189990065,35.2,4.53989121509513,0.238252552178702,0.0107896417725177,4,20,2.25,"RS_case4_R20_vara2.25_varb0.1_contam_rho25.rds"
"CPF","contam",0.25,50,1,15.0557828929978,0.19955468713976,0.00930180244401524,0.000274913805614215,0.465090122200762,0.0137456902807108,0.315325134822656,0.0548701254415725,1.76202581233072,0.105209446998681,0.0393648633545391,0.000615999177066585,14.2348019137362,0.174298739790345,0.780501166982148,0.130379957870244,0.00369521309033491,7.43974137437309e-05,28.8917735599884,2.0530672363988,0.000371111811418259,5.03316620638271e-05,14.88,0.211196784143729,0.959659999998985,0.0183168620874586,25.5,0.426901508499541,0.482801550079052,0.00678641576342414,4,20,2.25,"RS_case4_R20_vara2.25_varb0.1_contam_rho25.rds"
"KM","contam",0.25,50,1,19.0933874405472,0.421257136183526,0.0109026754924512,0.000358939001047818,0.545133774622561,0.0179469500523909,3.07191085767794,0.68898994516404,6.96454632489938,1.22471500488402,0.016902150448364,0.000843772600797568,18.7077607030111,0.405708136188059,95.7233623658371,46.4864241265802,0.00694013825799731,0.000134973799693956,102.305973363616,8.90446030232021,0.0369359359010907,0.0178713635539297,3.6,0.0699854212223765,366.885440000001,8.02730873869026,23.7,4.22859555977671,0.251844190478164,0.00595527590371306,4,20,2.25,"RS_case4_R20_vara2.25_varb0.1_contam_rho25.rds"
"LM","contam",0.25,50,1,21.1274968312622,0.520851649892723,0.0110304471686939,0.000326548829191247,0.551522358434693,0.0163274414595624,0.466282256874022,0.0789288838625759,0,0,NA,NA,20.775351154257,0.50900349055819,5.0625,0,NA,NA,151.354037922682,14.5027627734465,NA,NA,1,0,0.0103800000000047,0.000319297698999496,1,0,NA,NA,4,20,2.25,"RS_case4_R20_vara2.25_varb0.1_contam_rho25.rds"
"OBS","contam",0.25,50,1,14.7027032137456,0.201291271323891,0.00873407960198318,0.000258731729744998,0.436703980099159,0.0129365864872499,0.287305989372533,0.047120402655983,1.45647135231528,0.0759860032981082,0.0479297049161419,0.000632987006324833,13.6869463978294,0.172263079233845,0.912607476860127,0.101716699961884,0.00273094858507868,6.67208502490998e-05,23.4215203910155,1.8134135966279,0.000403365976975802,3.91169689960798e-05,20,0,0.450360000000801,0.00718915055592452,27.06,0.359602955652878,0.569457397804223,0.000945251283675142,4,20,2.25,"RS_case4_R20_vara2.25_varb0.1_contam_rho25.rds"
"ORACLE","contam",0.25,50,1,9.9049090879497,0.0384439248323605,0.00755467887946672,0.00022311862412313,0.377733943973336,0.0111559312061565,0.143752543639644,0.0279725382444411,2.18106170993578,0.128171400758647,0.0915203726702253,0.000820482929250336,9.02459135507016,0.0195348926170558,0.809719978486226,0.17468390079096,0.000104890499274231,1.59738064833917e-05,0.019303724192622,0.00377991740735,0.000313327375413279,6.72008896649005e-05,20,0,0.279140000001062,0.00967179826259077,16.4,0.642063001549835,1,0,4,20,2.25,"RS_case4_R20_vara2.25_varb0.1_contam_rho25.rds"
"BLM","contam",0.25,50,1,89.6123108610423,3.74228395586485,0.0231748531502696,0.00115229783590701,1.15874265751348,0.0576148917953505,0.790219188181869,0.159177198757178,0.000450824856239741,1.00147452186155e-05,0.00015496837353189,2.29188674345448e-06,88.812752878024,3.6891609612778,0.249549383301272,1.00058524230374e-05,0.00996903059787492,4.5766607658768e-07,7036.96104328112,627.564880831789,0.000287582050440222,1.09562106075304e-08,1,0,0.645960000002524,0.0164485334624404,49.2,1.11318627078732,0,0,4,50,0.5,"RS_case4_R50_vara0.5_varb0.1_contam_rho25.rds"
"CIRG","contam",0.25,50,0.96,79.2426471528626,3.70781836481892,0.0212374710743043,0.0011766313357119,1.06187355371521,0.0588315667855951,46.3875942294667,7.80878474628532,453.612915196614,94.4013341460964,0.0412448894537414,0.004934044999872,72.6102009319319,3.75219546466454,641980.296457558,264947.399026495,0.0046450582182804,0.000501709400405171,4736.12723204815,561.941515121864,246.820656943663,101.863663496764,7.38,0.65645305410585,303.024960000001,34.0988990624714,86.56,15.0382956046846,0.190664525663589,0.0133915047691319,4,50,0.5,"RS_case4_R50_vara0.5_varb0.1_contam_rho25.rds"
"CPF","contam",0.25,50,1,47.0108230046416,1.65736519425782,0.01687135974241,0.00082118250994681,0.8435679871205,0.0410591254973405,2.22163165399154,0.400689402326741,12.2825109296253,1.07815807064196,0.0318381897307955,0.00167864292060319,45.456929433674,1.56324695063186,195.78638024597,41.8975755804279,0.0047841066398647,0.000223290131688447,1448.85101413622,121.047168010664,0.0753654692725733,0.0161071644180607,12.2,0.705662230584484,2.73039999999921,0.0673502814261428,81.56,2.12663574498237,0.0606048812685039,0.00703980146948791,4,50,0.5,"RS_case4_R50_vara0.5_varb0.1_contam_rho25.rds"
"KM","contam",0.25,50,1,75.4324747651536,3.31474578837592,0.0212942762109928,0.00116846576150446,1.06471381054964,0.0584232880752228,119.058274813352,26.6771583071799,1007.35514032403,172.09587823813,0.0526802320773104,0.00441621799397173,74.1528763186697,3.2150614588604,2464989.84761803,784540.814248344,0.0031948065234009,0.000348818894760212,4751.3916816241,453.428874972985,947.708576454577,301.630452666496,6.2,0.0755928946018454,545.687520000001,18.0737393754708,52.88,13.1906472741183,0.223064338111545,0.00313980957589617,4,50,0.5,"RS_case4_R50_vara0.5_varb0.1_contam_rho25.rds"
"LM","contam",0.25,50,1,89.6123108610423,3.74228395586485,0.0231748531502686,0.00115229783590698,1.15874265751343,0.0576148917953492,0.790219188181905,0.159177198757182,0,0,NA,NA,88.7943146104269,3.68866099826815,0.25,0,NA,NA,7033.83742219487,627.342269983605,NA,NA,1,0,0.0106800000023213,0.000552131306569543,1,0,NA,NA,4,50,0.5,"RS_case4_R50_vara0.5_varb0.1_contam_rho25.rds"
"OBS","contam",0.25,50,1,41.2149893722523,1.44460622275128,0.0113830431175302,0.000508986126816987,0.569152155876511,0.0254493063408493,0.739260274050398,0.145262143138668,7.91727784675496,0.425358344495293,0.0452715136070875,0.000840092201839255,37.7135678966285,1.29099526812603,63.8815669963189,8.16134297469421,0.00302978921333118,9.2636909369275e-05,906.13575168816,78.6810743754379,0.0246186299334815,0.00313766564891782,50,0,3.36753999999928,0.0954509306994361,130.6,3.38520189009972,0.565009465732287,0.000990438950699169,4,50,0.5,"RS_case4_R50_vara0.5_varb0.1_contam_rho25.rds"
"ORACLE","contam",0.25,50,0.86,10.7346096765863,0.0460217646036,0.00478974535915172,0.000163599738966822,0.239487267957586,0.00817998694834111,0.0603858868349259,0.0103532642091361,0.457397079862456,0.0457872243496026,0.0955126648358686,0.00074192361130511,8.98834299851882,0.0237274876786386,0.104542034572647,0.0204021961124434,4.71082584808388e-05,7.43758936534406e-06,0.0277225755889895,0.0051890815549201,4.10985957311376e-05,7.83932316126752e-06,50,0,4.43406000000075,0.535688628269361,172.36,20.9272161433432,1,0,4,50,0.5,"RS_case4_R50_vara0.5_varb0.1_contam_rho25.rds"
"BLM","contam",0.25,50,1,14.843779483545,0.0935754025287021,0.0150518973825375,0.000447707779972264,0.752594869126876,0.0223853889986132,0.0570963271515528,0.0118683292351093,7.55425212155049e-05,3.06681179645484e-07,6.04155213994743e-05,2.45219175303486e-07,14.7062316983376,0.0597003041680446,0.249924463190066,3.06634492558149e-07,0.00998792054870182,4.90139732290158e-08,32.7357223846829,0.695723484386679,0.000288089385092332,1.05965256643236e-09,1,0,0.347419999999745,0.00637873316065789,26,0,0,0,5,10,0.5,"RS_case5_R10_vara0.5_varb0.1_contam_rho25.rds"
"CIRG","contam",0.25,50,0.98,14.9216908755414,0.0937056679181133,0.0175632235127862,0.000752926422598382,0.878161175639312,0.0376463211299191,0.0571438404918881,0.0116986052275836,0.323286668239402,0.0521320454054697,0.000291595707862703,2.88127449593728e-05,14.5218446011033,0.0644416835033702,0.164397359371671,0.0679247110463717,0.00994180656502364,5.73288475265152e-06,30.6942515967987,0.724125036649796,0.000254320525806556,2.61321551081555e-05,4.66,0.533460018967434,292.48672,48.3857228175204,151.24,21.1395665392975,1.36245304264081e-05,9.01039996755522e-05,5,10,0.5,"RS_case5_R10_vara0.5_varb0.1_contam_rho25.rds"
"CPF","contam",0.25,50,1,12.2556027328325,0.0728912945700406,0.0128533600025201,0.000364709245676414,0.642668000126004,0.0182354622838207,0.0497147282614634,0.0125596433020079,0.241696002310616,0.0152276511284609,0.0456523553260963,0.000662357037951459,11.7376357533026,0.0409505539720542,0.0780831418079329,0.00705811779480675,0.00297516360704136,7.42978912660977e-05,7.57681996342116,0.23114461457156,8.72131188619766e-05,3.16980184112443e-06,9.08,0.117247340163904,0.419819999999413,0.0109143489153839,10.98,0.155156274084405,0.546286715699302,0.0057200142607258,5,10,0.5,"RS_case5_R10_vara0.5_varb0.1_contam_rho25.rds"
"KM","contam",0.25,50,1,14.8442007517446,0.0935769747496913,0.0150336616920423,0.000450830399870005,0.751683084602113,0.0225415199935002,0.0571742242228144,0.0118748674992643,0.000710236257197749,0.000505288449502604,0.000191297786908884,6.37923429381055e-06,14.7021447481738,0.0596657690871867,0.249302778682786,0.000492324657434396,0.00996177903149838,1.27352396919985e-06,32.688894925163,0.694850916867475,0.000287347839391659,1.89242460787965e-07,2,0,617.97594,25.5093121029086,34.38,1.96809034138089,-3.45254366912629e-05,7.51674923284951e-05,5,10,0.5,"RS_case5_R10_vara0.5_varb0.1_contam_rho25.rds"
"LM","contam",0.25,50,1,14.843779483545,0.0935754025287021,0.0150518973825375,0.000447707779972264,0.752594869126876,0.0223853889986132,0.0570963271515528,0.0118683292351094,0,0,NA,NA,14.7023812305138,0.059684670744292,0.25,0,NA,NA,32.6917024342866,0.695078255853646,NA,NA,1,0,0.0121200000000456,0.00231528020952648,1,0,NA,NA,5,10,0.5,"RS_case5_R10_vara0.5_varb0.1_contam_rho25.rds"
"OBS","contam",0.25,50,1,12.0991100767868,0.0652536636297945,0.0125692886318478,0.00033068632708156,0.628464431592389,0.016534316354078,0.0505221337504804,0.0124229665349555,0.234546297526323,0.0146953004075796,0.0483669760132792,0.000598719673016048,11.5412751963826,0.0320346057204625,0.0810473090063651,0.00725314300262901,0.00268353396310925,6.21056963744992e-05,6.50836420596926,0.168087527942253,8.27466386627558e-05,3.0189444020536e-06,10,0,0.184539999999713,0.00419262812718649,11.32,0.125973758200278,0.574747545000269,0.00158701924397907,5,10,0.5,"RS_case5_R10_vara0.5_varb0.1_contam_rho25.rds"
"ORACLE","contam",0.25,50,1,9.54757467146458,0.0354373725983653,0.0116301630178117,0.000315474885205602,0.581508150890584,0.0157737442602801,0.0533209482232665,0.0133293230952511,0.420844405477511,0.0256039951855166,0.0871607251489042,0.00086070338427393,9.02112880725195,0.017284352178025,0.0383882720477466,0.00501128280638796,0.00020114668417131,2.0358254317472e-05,0.0150851191763759,0.00277596308321625,1.86257617286859e-05,1.94929052797456e-06,10,0,0.131300000000226,0.00338137153670501,7.54,0.103844467687921,1,0,5,10,0.5,"RS_case5_R10_vara0.5_varb0.1_contam_rho25.rds"
"BLM","contam",0.25,50,1,16.3827682278483,0.153187127195051,0.0151439058744224,0.000448388671816986,0.75719529372112,0.0224194335908493,0.241412493190136,0.0500310551549265,8.32843330145737e-05,7.24351229688875e-07,6.6606446904215e-05,5.77482854214592e-07,16.2133889057292,0.141063745209962,5.06212522746342,3.2594571620639e-06,0.00998668316337876,1.15417969636034e-07,53.0080295357176,2.1451604200404,0.00213820045583712,3.47111310870087e-09,1,0,0.324600000000064,0.00577842574427617,26,0,0,0,5,10,2.25,"RS_case5_R10_vara2.25_varb0.1_contam_rho25.rds"
"CIRG","contam",0.25,50,0.94,16.4708186790528,0.153807202064311,0.0179733438524455,0.000807493222690335,0.898667192622273,0.0403746611345167,0.240645085602707,0.0508316041253371,0.398947993868681,0.0630529322840181,0.000257289454537211,2.52730475628049e-05,15.9969147234121,0.146351049033481,3.62120147061382,0.181782255160102,0.0099486396045757,5.03331596533446e-06,50.0063284948084,2.11697638257915,0.00158348075772495,6.98999559098942e-05,4.4,0.511101251999952,276.391019999999,51.2041499153763,152.62,20.4113391855346,9.3280590034361e-06,8.67450288799464e-05,5,10,2.25,"RS_case5_R10_vara2.25_varb0.1_contam_rho25.rds"
"CPF","contam",0.25,50,1,12.9156426196561,0.0908885990273808,0.0128779295137541,0.000347927569656138,0.643896475687707,0.0173963784828069,0.226496774469605,0.0581701855551933,1.09802434281608,0.0671751054612507,0.0460393601751106,0.000705952276552891,12.3600955711442,0.0720231991895313,1.54816015963709,0.143523214988455,0.00293617071253318,7.81382847134939e-05,11.544421967076,0.507208796618686,0.00065166039802528,5.49632997183854e-05,9.36,0.0845637062111357,0.441419999999489,0.0138653904763582,11.58,0.174004456898116,0.555799151126416,0.00428810911330955,5,10,2.25,"RS_case5_R10_vara2.25_varb0.1_contam_rho25.rds"
"KM","contam",0.25,50,1,16.3833707009302,0.153217846226836,0.0151224557256989,0.00045238002957229,0.756122786284947,0.0226190014786145,0.241546142000564,0.0500477921782066,0.0010716586774719,0.000851720386172543,0.000207061432414957,7.36137797791168e-06,16.208716143866,0.141029012670955,5.05771423035689,0.00379611020318591,0.0099586332432582,1.46953092466611e-06,52.9401583811672,2.1434568091544,0.00213596535660123,1.45897338859672e-06,2,0,562.87232,20.4320581862841,36.18,2.88170726040899,-3.45254366912629e-05,7.51674923284951e-05,5,10,2.25,"RS_case5_R10_vara2.25_varb0.1_contam_rho25.rds"
"LM","contam",0.25,50,1,16.3827682278483,0.153187127195051,0.0151439058744224,0.000448388671816986,0.757195293721119,0.0224194335908493,0.241412493190136,0.0500310551549265,0,0,NA,NA,16.2091438248208,0.141026807846522,5.0625,0,NA,NA,52.9462941529894,2.14337467747808,NA,NA,1,0,0.013219999998546,0.00236889537670605,1,0,NA,NA,5,10,2.25,"RS_case5_R10_vara2.25_varb0.1_contam_rho25.rds"
"OBS","contam",0.25,50,1,12.7915840386244,0.0844668451434434,0.0126284863635164,0.000325680280822412,0.631424318175819,0.0162840140411206,0.212290195867229,0.0547353512530696,1.06405869715834,0.0627245796606354,0.0482306690515677,0.000595043926623872,12.2110712003188,0.063442794985457,1.59924104557234,0.140440568545189,0.0026974134133043,6.19600223103323e-05,10.5082026770597,0.426862276692536,0.000666709617930623,5.40245038843595e-05,10,0,0.172560000000376,0.00493535020368625,11.7,0.125356634105602,0.574747545000269,0.00158701924397907,5,10,2.25,"RS_case5_R10_vara2.25_varb0.1_contam_rho25.rds"
"ORACLE","contam",0.25,50,1,9.5478848991508,0.0353667846935971,0.0116334461019835,0.000315468648258892,0.581672305099173,0.0157734324129446,0.223708501019647,0.05823863005536,1.89302179437863,0.109955547775658,0.087156947808174,0.000861072444955176,9.02117189466821,0.0172763823936353,0.719854341134266,0.0958063749102218,0.000201274831619561,2.03519738720464e-05,0.0150734451657861,0.00277778282973944,0.000280629789586791,3.68090110993315e-05,10,0,0.117619999999151,0.00313881428270038,7.66,0.0973527144994333,1,0,5,10,2.25,"RS_case5_R10_vara2.25_varb0.1_contam_rho25.rds"
"BLM","contam",0.25,50,1,15.2712825208715,0.0633543150195454,0.00871184144248028,0.000276782477655189,0.435592072124014,0.0138391238827594,0.0381862363816459,0.0071030035023423,7.76633202333656e-05,2.9534588855541e-07,6.20923765983345e-05,2.34286820751657e-07,15.1186512300372,0.0575806314558353,0.249922342715632,2.95299886545734e-07,0.00998758538283319,4.68281876732111e-08,37.6003538016596,0.710294321509755,0.000288082126819412,1.01304462122251e-09,1,0,0.371659999999683,0.00316803035465533,26,0,0,0,5,20,0.5,"RS_case5_R20_vara0.5_varb0.1_contam_rho25.rds"
"CIRG","contam",0.25,50,0.96,15.3539634655,0.0642422030132777,0.010788535205636,0.00041529956011453,0.539426760281798,0.0207649780057265,0.0375944022686564,0.00729191915600184,0.322964336004507,0.0377709071073968,0.000255627832397928,3.02716810777046e-05,14.9300221929805,0.0609827117742147,0.10124705608839,0.0123384350507848,0.0099489846814682,6.01121627326552e-06,35.3473888748731,0.719652959699605,0.000230179273418608,4.76293671642075e-06,4.56,0.495827488103659,340.055699999999,60.1476555840013,158.8,20.627740386901,1.36423697629342e-05,6.1932411412169e-05,5,20,0.5,"RS_case5_R20_vara0.5_varb0.1_contam_rho25.rds"
"CPF","contam",0.25,50,1,13.2802111447956,0.0596343170972256,0.00783882191837126,0.000226051649822187,0.391941095918563,0.0113025824911094,0.0344108539080949,0.00601060175322616,0.284230383995544,0.0139329235891258,0.041745466910112,0.000816766366580575,12.3884290161226,0.048957326379287,0.0560687188179909,0.00606253057943782,0.00342627888310214,9.5511097681794e-05,11.5988953678057,0.345465371675024,8.74212468178001e-05,2.739298522831e-06,14.62,0.217387080704312,0.687179999999935,0.0120038663841535,16.36,0.275177122921932,0.474776337507714,0.00733183764215013,5,20,0.5,"RS_case5_R20_vara0.5_varb0.1_contam_rho25.rds"
"KM","contam",0.25,50,1,15.2719612333968,0.0631236113012773,0.00871859139607108,0.000276724550110445,0.435929569803554,0.0138362275055222,0.0382475750955356,0.00712603993918575,0.000535273462745446,0.000320664600232644,0.000204054174744466,6.87904992876912e-06,15.1145670992765,0.0575560789979458,0.249470051518441,0.000315399261809133,0.00995923312190241,1.37330950496668e-06,37.5502532208055,0.709556858387843,0.000287363209386221,1.19581550539143e-07,2,0,628.52892,23.6822968239188,34.08,2.8671026404753,2.62899722809749e-05,3.8297923839928e-05,5,20,0.5,"RS_case5_R20_vara0.5_varb0.1_contam_rho25.rds"
"LM","contam",0.25,50,1,15.2712825208715,0.0633543150195454,0.00871184144248029,0.000276782477655188,0.435592072124014,0.0138391238827594,0.0381862363816459,0.0071030035023423,0,0,NA,NA,15.1146927804774,0.0575655533632594,0.25,0,NA,NA,37.5518436533891,0.709651398208754,NA,NA,1,0,0.0135800000000745,0.00190103945788814,1,0,NA,NA,5,20,0.5,"RS_case5_R20_vara0.5_varb0.1_contam_rho25.rds"
"OBS","contam",0.25,50,1,12.8094435745236,0.0513591123251504,0.00725501273131049,0.000220918127454421,0.362750636565525,0.011045906372721,0.0324687114116856,0.00677634225168675,0.259203204406686,0.0131535267226804,0.0517849024849193,0.000624789166624725,11.6999845792354,0.0332289833701877,0.0664608447649772,0.00620370999814595,0.00234382334202259,6.03445048817379e-05,7.34402082956378,0.185186901588728,7.06082321668999e-05,2.45671212055751e-06,20,0,0.327919999999576,0.00456050838591304,17.1,0.181265393434993,0.569457397804223,0.000945251283675142,5,20,0.5,"RS_case5_R20_vara0.5_varb0.1_contam_rho25.rds"
"ORACLE","contam",0.25,50,1,10.0877800746979,0.0411952773092069,0.00658191542101659,0.000183950393374243,0.32909577105083,0.00919751966871213,0.0314437701052482,0.00627935531740246,0.462327168347153,0.0210847638453157,0.0926893640121697,0.000918010777430502,9.01074134071027,0.0188764345050097,0.0232030382989675,0.00480828396028193,9.4739844133009e-05,1.47289512286307e-05,0.0175750456017281,0.00358886558573448,1.07420340275348e-05,1.86379117098887e-06,20,0,0.20147999999841,0.00276733718613428,10,0.114285714285714,1,0,5,20,0.5,"RS_case5_R20_vara0.5_varb0.1_contam_rho25.rds"
"BLM","contam",0.25,50,1,16.0193542656158,0.431234204074733,0.0220516264767447,0.000643650460712647,1.10258132383724,0.0321825230356324,0.667285218689634,0.132984677664874,0.000263362022196219,2.41909733406279e-06,8.55733200438331e-05,1.24658666826246e-06,15.921512591891,0.43480425537665,0.249736707624108,2.41779533481988e-06,0.00998289273492928,2.49096452844715e-07,57.1710188438944,7.39145921058047,0.000287920547624211,5.71539492695276e-09,1,0,0.69264000000022,0.0146064777354641,56.66,0.487065347834584,0,0,6,10,0.5,"RS_case6_R10_vara0.5_varb0.1_contam_rho25.rds"
"CIRG","contam",0.25,50,0.94,18.0547293239247,0.483574946710454,0.0280951238539776,0.00099372388074172,1.40475619269888,0.049686194037086,1.33340177480011,0.229085313788487,11.4374418743598,0.843076167144288,0.00709808321853864,0.000981777699021177,4.10816639287166,0.20811551931711,154.455728511727,32.2236919401649,0.00867799662673404,0.000171573421399933,26.0523274394811,1.71862922720977,0.0595500301203628,0.0123875992147124,3.18,0.141968665700627,365.95762,34.9619611028071,98.38,20.5975407686036,-8.62891793482125e-06,0.000193026718011618,6,10,0.5,"RS_case6_R10_vara0.5_varb0.1_contam_rho25.rds"
"CPF","contam",0.25,50,0.66,12.3862008802459,0.183245141589522,0.0189613822901994,0.000575097728742315,0.94806911450997,0.0287548864371158,0.529804087088663,0.123322459696157,0.701302324268462,0.111858115494645,0.0430371769888453,0.00111865223507092,12.1037477017557,0.195068837537057,0.65362228785454,0.166307894451653,0.00330608096372856,0.000128693008823183,11.4977905136784,1.48053173668074,0.000314850571334475,6.39183944408632e-05,9.48,0.0868496237346895,3.92565999999999,0.388921297961667,260.14,27.7136378422065,0.556738412112247,0.00611491383614389,6,10,0.5,"RS_case6_R10_vara0.5_varb0.1_contam_rho25.rds"
"KM","contam",0.25,50,0.92,16.0197862772504,0.431229138408325,0.0220571665742649,0.000641809181932008,1.10285832871325,0.0320904590966004,0.656915478489875,0.133472498635797,0.000226038306795509,0.000130989244235013,5.0239132606606e-05,6.10371643875896e-06,15.9197906664581,0.434787119189197,0.249774853537444,0.000130120612406638,0.00998995652296149,1.21973008451347e-06,57.1464549792301,7.38961567564097,0.0002880710033393,5.97900055632475e-08,2,0,635.82768,21.8895721765642,266.78,17.3342009463655,-3.19352513121669e-05,0.000106018599031634,6,10,0.5,"RS_case6_R10_vara0.5_varb0.1_contam_rho25.rds"
"LM","contam",0.25,50,1,16.0193542656158,0.431234204074733,0.0220516264767447,0.000643650460712636,1.10258132383724,0.0321825230356318,0.667285218689395,0.132984677664817,0,0,NA,NA,15.9188209828171,0.434751331267622,0.25,0,NA,NA,57.1315110741801,7.3881163327362,NA,NA,1,0,0.0139800000002559,0.00230022004275725,1,0,NA,NA,6,10,0.5,"RS_case6_R10_vara0.5_varb0.1_contam_rho25.rds"
"OBS","contam",0.25,50,0.66,12.3755161108945,0.183881851585536,0.0187400964055799,0.000559081705703959,0.937004820278995,0.027954085285198,0.517124762695611,0.117334639753841,0.682762698825974,0.114229953500262,0.0445878496600082,0.0011244286518339,12.081064205044,0.195359645849806,0.672777835639083,0.191552786182635,0.00313245905516204,0.000123927828659033,11.3630608057049,1.47276634723882,0.000318877657976619,7.34664351718934e-05,10,0,3.76934000000055,0.396438686728086,267.88,27.8179011517727,0.574747545000269,0.00158701924397907,6,10,0.5,"RS_case6_R10_vara0.5_varb0.1_contam_rho25.rds"
"ORACLE","contam",0.25,50,0.52,9.38961193482752,0.0365771747849332,0.0164069378248003,0.000487993753525211,0.820346891240017,0.0243996876762605,0.380537811033447,0.0855005284885059,0.615808033259749,0.116626810839432,0.0839240235977129,0.00116476189828285,9.01493857742305,0.0182609290214439,0.679900337889743,0.192482156248701,0.000324913860991774,4.05011455839191e-05,0.0165627760030089,0.00274073182616608,0.000267645532848647,7.39329697603458e-05,10,0,4.18637999999969,0.424214436427448,301.3,30.1726359336349,1,0,6,10,0.5,"RS_case6_R10_vara0.5_varb0.1_contam_rho25.rds"
"BLM","contam",0.25,50,1,17.2781819809464,0.540939810171398,0.0225424173014982,0.000705013858092972,1.12712086507491,0.0352506929046486,0.809542701319206,0.178562116105039,0.000269999631529329,2.93699398468372e-06,8.90360019457457e-05,1.50958060939003e-06,17.1691395683284,0.547682055082288,5.06128507498059,1.32148411784052e-05,0.00998220083868334,3.0163345033216e-07,81.4326673263274,11.938111141907,0.00213779127909064,1.08714684194712e-08,1,0,0.741440000001166,0.0167554355480826,57.98,0.560968550175243,0,0,6,10,2.25,"RS_case6_R10_vara2.25_varb0.1_contam_rho25.rds"
"CIRG","contam",0.25,50,0.94,19.4780600716419,0.592358372027245,0.0289008666543869,0.00109802944126574,1.44504333271935,0.054901472063287,1.31016355675378,0.315565434116107,11.5893422839238,0.721422948862978,0.00720185779652395,0.000740965638838073,4.33099933741421,0.229901477154309,112.725416782449,16.4490273732964,0.00863839767023556,0.000134259501035469,24.3894469579155,1.66807216164626,0.0435053197485432,0.00632353006599228,3.4,0.169030850945703,326.44214,33.0578920469124,85.08,18.1078591574296,-1.81352916374431e-05,0.000152085317312746,6,10,2.25,"RS_case6_R10_vara2.25_varb0.1_contam_rho25.rds"
"CPF","contam",0.25,50,0.76,12.941320922022,0.231732804306067,0.0192649714596512,0.000590148094101745,0.96324857298256,0.0295074047050872,0.659876602620223,0.148673892111938,1.55113884745829,0.216535492271311,0.0426358301831354,0.00119387996794595,12.6555405695568,0.243322746883945,2.7859002617777,0.411859315816228,0.00336049009829335,0.000140478967603487,16.2640688540823,2.34571616298963,0.00113568810714816,0.00015831137874833,9.5,0.082065180664829,2.9755400000012,0.387717670487507,180.72,26.1634741498876,0.561465092421154,0.00328959882227563,6,10,2.25,"RS_case6_R10_vara2.25_varb0.1_contam_rho25.rds"
"KM","contam",0.25,50,0.92,17.2786056703268,0.540923108647761,0.0225551068999304,0.000701975872611394,1.12775534499652,0.0350987936305697,0.809075087511001,0.179059362603212,0.000363507763631772,0.000282440112587932,4.48024853367476e-05,4.8115092391426e-06,17.1672257828252,0.547669235181568,5.06086825604999,0.00126695407945426,0.00999104264457578,9.61570176716408e-07,81.400714954698,11.9351205187054,0.00213780099510911,4.91546219176233e-07,2,0,652.743040000001,22.4630206020138,275.42,16.4205220031868,-3.19352513121669e-05,0.000106018599031634,6,10,2.25,"RS_case6_R10_vara2.25_varb0.1_contam_rho25.rds"
"LM","contam",0.25,50,1,17.2781819809464,0.540939810171397,0.0225424173014985,0.000705013858092974,1.12712086507492,0.0352506929046487,0.809542701319648,0.17856211610515,0,0,NA,NA,17.1662986376519,0.547617127552078,5.0625,0,NA,NA,81.3827748403464,11.9333575510645,NA,NA,1,0,0.0125600000008126,0.00153919141256398,1,0,NA,NA,6,10,2.25,"RS_case6_R10_vara2.25_varb0.1_contam_rho25.rds"
"OBS","contam",0.25,50,0.74,12.9282893743037,0.231333991734199,0.0191039540507372,0.00058514656872112,0.955197702536862,0.029257328436056,0.652949737570041,0.143721257790168,1.45241712855103,0.201983426815377,0.0447089373552271,0.00112433265501762,12.627919851831,0.242867088738656,2.63520636752484,0.323892719449375,0.00311904368042601,0.000124280714404157,16.0520391681365,2.32885967074717,0.00107310978529264,0.000124147275692441,10,0,2.78186000000016,0.397853657856045,191.34,26.8680313793936,0.574747545000269,0.00158701924397907,6,10,2.25,"RS_case6_R10_vara2.25_varb0.1_contam_rho25.rds"
"ORACLE","contam",0.25,50,0.88,9.39324373087771,0.0367952858549998,0.016425994064192,0.000489058866049532,0.821299703209602,0.0244529433024766,0.484922101979707,0.10035947801188,1.8750222714723,0.231955257597917,0.0840046822243642,0.00116866983910424,9.01593785894769,0.0182571052485688,2.77696713173028,0.472821006961927,0.000322773861192335,4.09218377071404e-05,0.0165867880586451,0.00275513262948754,0.00107385844859281,0.000181913406332534,10,0,1.86098000000027,0.345866099476733,125.04,23.0929083557384,1,0,6,10,2.25,"RS_case6_R10_vara2.25_varb0.1_contam_rho25.rds"
"BLM","contam",0.25,50,1,15.8919352099686,0.34399694102909,0.0149835268347884,0.00041380808741969,0.749176341739418,0.0206904043709845,0.471432156121417,0.0891401105898823,0.000262231131690623,1.9789155178096e-06,8.50113287679838e-05,1.00579172052963e-06,15.6974891796598,0.348086619082259,0.249737837825365,1.97786105548019e-06,0.00998300501074166,2.00982251323373e-07,50.7934117364825,5.57504013331923,0.000287923140469991,4.62050646829524e-09,1,0,0.688900000000722,0.0435917540415127,56.5,0.393051899777074,0,0,6,20,0.5,"RS_case6_R20_vara0.5_varb0.1_contam_rho25.rds"
"CIRG","contam",0.25,50,0.82,17.8783888701976,0.399824032112291,0.0208284532910067,0.000637043788972088,1.04142266455033,0.0318521894486044,1.07898797267644,0.187283410587422,10.5837383120379,0.719759515921372,0.00620223401695683,0.000952886997645421,4.1457903647046,0.16230575313392,127.066412622869,21.2718968276413,0.00884251259129353,0.000169918987505128,24.8541659009127,1.50534126613327,0.0490228905238116,0.0081778197145044,3.38,0.175871010245856,448.516879999999,39.4328306239982,179.58,28.6944649430399,-4.30520488510786e-05,0.000115651522017295,6,20,0.5,"RS_case6_R20_vara0.5_varb0.1_contam_rho25.rds"
"CPF","contam",0.25,50,0.62,12.5679299320228,0.144973556181944,0.013274448527484,0.00039395372274872,0.663722426374198,0.019697686137436,0.444835416227418,0.0921951951081257,0.973584047330511,0.19570496291096,0.0369325461658585,0.00125892828023437,12.1290774868591,0.15719748758212,2.10100304277697,1.06475517751699,0.00405516385344549,0.000161255232322572,11.001967373773,1.18322084117956,0.000885721351576027,0.000410263563187329,15.08,0.228285535490722,4.76075999999884,0.423181992556881,293.9,24.614534448623,0.49291459197452,0.0072130385507029,6,20,0.5,"RS_case6_R20_vara0.5_varb0.1_contam_rho25.rds"
"KM","contam",0.25,50,0.88,15.8921554342395,0.343978933797921,0.0149995815683768,0.000411720364188708,0.74997907841884,0.0205860182094354,0.482164718543678,0.0885138403660954,0.000364728869842333,0.0002879639116364,4.16587695779026e-05,4.69198028699931e-06,15.6955116667207,0.348069316398115,0.249639467394812,0.000283782153247314,0.00999167106025677,9.37738154386952e-07,50.7663366810672,5.57320307720815,0.000288051910960266,1.14359533623291e-07,2,0,558.535100000002,24.8866404818171,297.18,17.9197004803686,-3.64158279821584e-05,7.60979579584114e-05,6,20,0.5,"RS_case6_R20_vara0.5_varb0.1_contam_rho25.rds"
"LM","contam",0.25,50,1,15.8919352099686,0.34399694102909,0.0149835268347884,0.000413808087419688,0.749176341739422,0.0206904043709844,0.471432156121424,0.0891401105899354,0,0,NA,NA,15.6948228462763,0.348044033234692,0.25,0,NA,NA,50.7562507474668,5.57242814626731,NA,NA,1,0,0.0115999999994528,0.00129299525690898,1,0,NA,NA,6,20,0.5,"RS_case6_R20_vara0.5_varb0.1_contam_rho25.rds"
"OBS","contam",0.25,50,0.42,12.514805850355,0.144516935685763,0.0128730363976387,0.00035517585631762,0.643651819881934,0.017758792815881,0.443483488389955,0.089086951452194,0.549462604578686,0.122931639332584,0.0457273174031749,0.00113021029445511,12.0015381966237,0.156215092571742,0.742943758752536,0.273792944098762,0.00300811546643065,0.000125058242035436,10.2049861480037,1.13088508678649,0.000343463872385263,0.000105820852138488,20,0,5.36718000000052,0.388692273950261,364.64,24.3495423415903,0.569457397804223,0.000945251283675142,6,20,0.5,"RS_case6_R20_vara0.5_varb0.1_contam_rho25.rds"
"ORACLE","contam",0.25,50,0.52,9.63735637978581,0.0330355435998162,0.0109136477881035,0.000305095414808813,0.545682389405173,0.0152547707404406,0.304272660317956,0.0539018562056727,0.752985343783079,0.135095954650932,0.0853732667330609,0.00126472093701039,9.02803063452973,0.0193743620315588,0.958296515358332,0.318379940245929,0.000292317759439292,3.53992772996235e-05,0.019178645774505,0.00370277426946258,0.00037405321158412,0.000122552968636667,20,0,4.54386000000173,0.440157894684597,307.66,27.8838642536196,1,0,6,20,0.5,"RS_case6_R20_vara0.5_varb0.1_contam_rho25.rds"
"BLM","contam",0.25,50,1,32.1862062060287,1.41154525154696,0.01806586990414,0.000651415149379531,0.903293495206998,0.0325707574689766,0.0542562989693671,0.0109798663969708,0.000157501600341617,6.71633494437783e-06,0.000120698636648182,5.1249071129136e-06,31.9195044611401,1.38420071863272,0.249842525416761,6.71402642472119e-06,0.00997587612780023,1.02363650651537e-06,619.188254587924,73.887238268859,0.000287826348253277,2.2258853341112e-08,1,0,0.307979999999773,0.0037669334683803,27.04,0.0279941684889506,0,0,7,10,0.5,"RS_case7_R10_vara0.5_varb0.1_contam_rho25.rds"
"CIRG","contam",0.25,50,0.66,32.841958037993,1.44621341472183,0.0249384075247961,0.00156739683871415,1.2469203762398,0.0783698419357073,0.163864700347432,0.0586294237406283,1.37484429496831,0.392703460121107,0.0046864723235844,0.00101253781214801,30.5210855804051,1.34181187442082,8.32193691240199,5.94925040974413,0.00913490496635329,0.000180270574503232,551.379620769621,66.9935256407081,0.00337511809331782,0.00228577572601681,5.66,0.577545828201944,418.04144,52.8710130686275,279.68,25.2220253600956,0.000225497434647348,0.000150118372363203,7,10,0.5,"RS_case7_R10_vara0.5_varb0.1_contam_rho25.rds"
"CPF","contam",0.25,50,1,20.7171361986251,0.655109168863718,0.0147799552605894,0.000527651095609281,0.73899776302947,0.026382554780464,0.0583779868389736,0.0143107956893236,0.228471494190853,0.0166257585164228,0.0435883681839785,0.000895127431902234,20.0601929493833,0.631683586645946,0.087272105933022,0.00827434118065513,0.00322153360699422,0.000102057097838224,141.880051605846,16.18011971118,9.5482040093323e-05,3.75562872427446e-06,9.08,0.106291858501362,0.460599999999611,0.0112395802085925,17.88,0.436722486955097,0.539397285627952,0.00725058549991851,7,10,0.5,"RS_case7_R10_vara0.5_varb0.1_contam_rho25.rds"
"KM","contam",0.25,50,1,32.1861507245336,1.41152818896021,0.0180659970779057,0.000651422528972491,0.903299853895283,0.0325711264486246,0.0538891260749535,0.0108951026360105,0.000393189433448489,1.47214881291243e-05,5.97603692279827e-05,2.18724499879008e-06,31.9146567873318,1.38394325225841,0.249606975783871,1.47107164332731e-05,0.00998805173187413,4.37179002841994e-07,618.931143029319,73.857820261482,0.000287969843282421,1.38765147145102e-08,2,0,391.87032,14.8830632455477,113.06,3.30582787803353,-6.83327115621782e-05,4.73689911156045e-05,7,10,0.5,"RS_case7_R10_vara0.5_varb0.1_contam_rho25.rds"
"LM","contam",0.25,50,1,32.1862062060287,1.41154525154697,0.0180658699041401,0.000651415149379539,0.903293495207003,0.0325707574689769,0.0542562989693671,0.0109798663969708,0,0,NA,NA,31.909687932908,1.38378129848382,0.25,0,NA,NA,618.681484602875,73.8349733266467,NA,NA,1,0,0.00956000000009197,0.000402198042419986,1,0,NA,NA,7,10,0.5,"RS_case7_R10_vara0.5_varb0.1_contam_rho25.rds"
"OBS","contam",0.25,50,1,19.8388311098049,0.623662508312021,0.0143873773939082,0.000493329311753702,0.719368869695411,0.0246664655876851,0.0515572144801522,0.0123022894315976,0.222278908749888,0.0155053308097391,0.0472954386613644,0.000692659613705595,19.1359438431537,0.606878017445663,0.0889093534176056,0.00839075760836565,0.00280127987558048,7.4538909398845e-05,120.784103066446,14.3064225013113,8.80328132243866e-05,3.63624292480108e-06,10,0,0.225000000000003,0.00477741284264432,17.64,0.379860339534177,0.574747545000269,0.00158701924397907,7,10,0.5,"RS_case7_R10_vara0.5_varb0.1_contam_rho25.rds"
"ORACLE","contam",0.25,50,1,9.53394153855137,0.0377390397592575,0.0119516837046389,0.000357251780597537,0.597584185231946,0.0178625890298768,0.0522131796286361,0.0129425853988846,0.424249931648579,0.0263435151219124,0.0879236327552682,0.000860486149043666,9.01378346318698,0.0179488301792846,0.0397431315151877,0.00514047167183646,0.000182120030051735,2.06407999583956e-05,0.0159758485928618,0.00356876782787679,1.87809046588906e-05,2.08055415994326e-06,10,0,0.121239999999796,0.00153584650594741,9,0.124539969815448,1,0,7,10,0.5,"RS_case7_R10_vara0.5_varb0.1_contam_rho25.rds"
"BLM","contam",0.25,50,1,33.7399556576239,1.41231594340708,0.0183100093410793,0.000656473632250027,0.915500467053963,0.0328236816125014,0.232786508582041,0.0478956857693348,0.000164487143454439,6.57104356972066e-06,0.000125985461818507,4.99329648713874e-06,33.4120726297823,1.38221764078861,5.06175983702623,2.95673638303062e-05,0.00997482000169037,9.97309426680937e-07,689.565044800622,78.4408515903838,0.00213783192507141,3.05375317194823e-08,1,0,0.353060000000405,0.00809542123030237,27.08,0.0559883369779012,0,0,7,10,2.25,"RS_case7_R10_vara2.25_varb0.1_contam_rho25.rds"
"CIRG","contam",0.25,50,0.8,34.807366034686,1.47646335958315,0.0288175321704995,0.00206138766460238,1.44087660852498,0.103069383230119,0.620458515873342,0.153201186417909,2.8096455334605,0.814182671115072,0.00939452880130812,0.00180597441984244,30.7896530077044,1.35918886334097,32.7949807983819,17.1606506378161,0.00836916704778812,0.00028749375361323,565.311302141436,69.7770705023154,0.0127694883317075,0.00659618763799624,5.06,0.464591108351401,447.2659,50.6190484512621,200.2,23.8753566059488,8.4792114477615e-05,0.000111364262191976,7,10,2.25,"RS_case7_R10_vara2.25_varb0.1_contam_rho25.rds"
"CPF","contam",0.25,50,1,20.9651112338872,0.658240462779507,0.014763151988235,0.000524863111709904,0.738157599411748,0.0262431555854952,0.226443105479788,0.0584919312523095,1.07302568140128,0.0682243518700082,0.0448376273148857,0.000838188736166172,20.309459800114,0.639085683586818,1.61334209385696,0.150154440074386,0.0030773128177658,9.70505575578695e-05,147.916976007711,17.1311009121958,0.000679433961839774,5.79806021775116e-05,9.36,0.10206040628281,0.572980000000389,0.0174162131828811,18.06,0.462830687074614,0.552317305292611,0.00568925696962347,7,10,2.25,"RS_case7_R10_vara2.25_varb0.1_contam_rho25.rds"
"KM","contam",0.25,50,1,33.7398577078372,1.4122950201154,0.0183101061472623,0.000656470773806421,0.915505307363117,0.0328235386903211,0.231977719486003,0.0477106154811062,0.00039992515213642,1.46448086137218e-05,6.11899951454828e-05,2.19116265838471e-06,33.4069818828496,1.38196762583175,5.06070050726456,6.58905942829515e-05,0.00998776598044491,4.3795191997843e-07,689.282656053255,78.4106875821585,0.00213767351260546,3.34038055314478e-08,2,0,460.058339999999,19.8281292755068,114.48,3.32181902466902,-6.83327115621782e-05,4.73689911156045e-05,7,10,2.25,"RS_case7_R10_vara2.25_varb0.1_contam_rho25.rds"
"LM","contam",0.25,50,1,33.7399556576239,1.41231594340708,0.0183100093410793,0.000656473632250026,0.915500467053965,0.0328236816125013,0.232786508582041,0.0478956857693348,0,0,NA,NA,33.4018170916513,1.38180666269736,5.0625,0,NA,NA,689.008770375071,78.3867656676667,NA,NA,1,0,0.00981999999989057,0.000311271257858915,1,0,NA,NA,7,10,2.25,"RS_case7_R10_vara2.25_varb0.1_contam_rho25.rds"
"OBS","contam",0.25,50,1,20.5086838327197,0.61911062121766,0.0145329143093735,0.000499587067074498,0.726645715468674,0.0249793533537249,0.212806733369639,0.0546801444095055,1.03917221038103,0.0634738409587321,0.0471065245440688,0.000707173985198223,19.8102325508958,0.603660441622683,1.66352143193022,0.146939224891825,0.00282222440302892,7.63265683049483e-05,134.717018314672,15.092675066807,0.000693822626713442,5.65364768615324e-05,10,0,0.264080000000249,0.00752692256255729,18.04,0.363610017598469,0.574747545000269,0.00158701924397907,7,10,2.25,"RS_case7_R10_vara2.25_varb0.1_contam_rho25.rds"
"ORACLE","contam",0.25,50,1,9.53404210612405,0.0377133000016729,0.0119508231695344,0.000356921235862984,0.597541158476718,0.0178460617931492,0.221586215269442,0.0576718087860418,1.89870006288917,0.112054898157588,0.0879233940876022,0.000861645415511075,9.01383633752972,0.0179552123916509,0.738670355668337,0.0962868091993949,0.000182223618644853,2.06546495701833e-05,0.0159885371856719,0.00357819010695219,0.000287497707266659,3.70370029171669e-05,10,0,0.142520000000368,0.00364151123575021,9,0.114285714285714,1,0,7,10,2.25,"RS_case7_R10_vara2.25_varb0.1_contam_rho25.rds"
"BLM","contam",0.25,50,1,31.3841355724611,1.01661959768823,0.0112006505335676,0.000347892862560156,0.560032526678382,0.0173946431280078,0.0358105850984044,0.00616902746669991,0.000152770667148446,4.81555544076792e-06,0.000117111287073416,3.67168457581505e-06,30.9222493716407,0.991095699626118,0.249847253808017,4.81396687313012e-06,0.00997659211822099,7.33411211594669e-07,528.716281117454,50.0617481243622,0.000287841929918903,1.59493030019147e-08,1,0,0.339799999999523,0.00489139185580565,27.02,0.02,0,0,7,20,0.5,"RS_case7_R20_vara0.5_varb0.1_contam_rho25.rds"
"CIRG","contam",0.25,50,0.62,31.8151319226948,1.03094569411846,0.0158677520915129,0.000887576130978472,0.793387604575647,0.0443788065489236,0.141060322711174,0.0563330144049103,1.08766012679762,0.260585681273381,0.00288429361065208,0.000661592472570851,29.9797668080227,0.972300368141675,3.6726843915787,1.51975805238193,0.00945290795289039,0.000122705512858062,486.473647607545,47.2763565328155,0.00159374463253488,0.000583054641846106,5.16,0.533268703567049,430.507199999999,54.8183365532865,272.5,26.1885354259283,1.72009311792382e-05,7.44677989180042e-05,7,20,0.5,"RS_case7_R20_vara0.5_varb0.1_contam_rho25.rds"
"CPF","contam",0.25,50,1,22.3282987146205,0.590877851444181,0.00941861793664234,0.000307767504801894,0.470930896832117,0.0153883752400947,0.0405093976397027,0.00634784435021464,0.291794037699683,0.0155554310706506,0.0366876253353471,0.000892193947312486,21.2904735649991,0.574754771717666,0.0552063230912953,0.00641403488375324,0.00404746127761881,0.00010923576149945,167.242549784941,16.5092895848964,9.90309061792526e-05,3.32379017474806e-06,14.3,0.214285714285714,0.828540000001376,0.015744781059609,29.02,0.696047148297485,0.460860155714949,0.00649246406308329,7,20,0.5,"RS_case7_R20_vara0.5_varb0.1_contam_rho25.rds"
"KM","contam",0.25,50,1,31.384192396547,1.01664087588447,0.0112006698623115,0.000347837503315543,0.560033493115574,0.0173918751657772,0.0360304436217866,0.00622525383162075,0.000402354139355571,1.26286314992033e-05,6.06638224787276e-05,1.94442960096284e-06,30.9176711073423,0.990937751478311,0.249597815564132,1.2619434260408e-05,0.00998787110086313,3.88651768151904e-07,528.500230507568,50.0433382671729,0.00028796284913775,1.21111693745703e-08,2,0,406.7364,14.2401161429281,109.48,2.16488487698821,3.69043865776498e-06,3.81123605473045e-05,7,20,0.5,"RS_case7_R20_vara0.5_varb0.1_contam_rho25.rds"
"LM","contam",0.25,50,1,31.3841355724611,1.01661959768823,0.0112006505335677,0.000347892862560172,0.560032526678383,0.0173946431280086,0.0358105850984043,0.0061690274666999,0,0,NA,NA,30.9127295598605,0.990794934774511,0.25,0,NA,NA,528.269772299549,50.0260293184485,NA,NA,1,0,0.0134600000013597,0.00251318319970644,1,0,NA,NA,7,20,0.5,"RS_case7_R20_vara0.5_varb0.1_contam_rho25.rds"
"OBS","contam",0.25,50,1,20.0354671542844,0.460132694424551,0.00875736252343253,0.000272741819863953,0.437868126171627,0.0136370909931976,0.0312215017586059,0.0061068043187939,0.256030185476287,0.0143979954814612,0.0498468594136147,0.000824774202282777,18.7403988936383,0.443948639446218,0.0696790818190598,0.00688673221192479,0.00254866988243054,7.88213820929399e-05,104.532799936031,10.0339530305583,7.57833817533974e-05,3.17461637421843e-06,20,0,0.458099999999977,0.00997340340667896,28.2,0.50223988089277,0.569457397804223,0.000945251283675142,7,20,0.5,"RS_case7_R20_vara0.5_varb0.1_contam_rho25.rds"
"ORACLE","contam",0.25,50,1,10.0826667229948,0.0428612118576188,0.00677309462270127,0.000199289990613538,0.338654731135064,0.0099644995306769,0.0292129977578967,0.00585655468919877,0.471286633818671,0.022671599386012,0.0923131890059797,0.000787219606097736,9.00236592374451,0.0179410295397491,0.0260105269147342,0.00605630985221885,8.94530839608004e-05,1.34907106815666e-05,0.0157777441015263,0.00289236495535896,1.17197928153688e-05,2.3245929389371e-06,20,0,0.210859999999229,0.00250550577403533,12.5,0.115175110689979,1,0,7,20,0.5,"RS_case7_R20_vara0.5_varb0.1_contam_rho25.rds"
"BLM","contam",0.25,50,1,33.0317404105291,1.01355513674522,0.0113813743924327,0.00035880645484439,0.569068719621636,0.0179403227422195,0.151296988497302,0.0267046923254014,0.00016075542115639,4.78633597890089e-06,0.000123234166971971,3.64968851577429e-06,32.5368711316872,0.984691318162022,5.06177662756964,2.15368664619928e-05,0.0099753690059566,7.28978354002433e-07,601.495535280771,52.3325369040196,0.0021378489342051,2.22931285080607e-08,1,0,0.345939999999828,0.00540184473391159,27.02,0.02,0,0,7,20,2.25,"RS_case7_R20_vara2.25_varb0.1_contam_rho25.rds"
"CIRG","contam",0.25,50,0.82,33.8804555359196,1.06688374956754,0.0195042048123682,0.00155154182241883,0.975210240618411,0.0775770911209416,0.275716941895768,0.0659755443071111,1.47710710303309,0.413153967821528,0.00593177825460759,0.0010986878750075,30.4882887510941,0.988846991562652,8.96147728538882,3.62655437181882,0.00890797897962805,0.000197162799325127,509.659653713799,47.7652071226029,0.00361663830617848,0.00139338056149566,5.26,0.494714925126438,406.385659999999,47.189437060043,219.3,24.1428444632257,-9.28625022216276e-05,8.25611659914454e-05,7,20,2.25,"RS_case7_R20_vara2.25_varb0.1_contam_rho25.rds"
"CPF","contam",0.25,50,1,22.6930139672128,0.565669077977725,0.00951366429574662,0.000312189291314452,0.475683214787331,0.0156094645657226,0.148531426665988,0.02817630200635,1.3115920702199,0.0644133593119314,0.0396496912173283,0.0010074959400607,21.4999045538012,0.547999962181338,1.08391440470872,0.111742337798919,0.00369189712555652,0.000118424308222873,170.962507823125,16.2801574189756,0.000487700600148616,4.26353954373563e-05,14.7,0.244532039551767,0.891860000001034,0.0216028911522834,28.56,0.763536348252027,0.475303445785264,0.0088454163834721,7,20,2.25,"RS_case7_R20_vara2.25_varb0.1_contam_rho25.rds"
"KM","contam",0.25,50,1,33.0318069501295,1.01357704557997,0.0113814048415336,0.000358764920507916,0.569070242076681,0.0179382460253958,0.152029686150806,0.0268593074720825,0.00040646318985075,1.33740258261105e-05,6.17453257445311e-05,2.04583170920576e-06,32.5320076678088,0.984536090702896,5.06067108962236,6.01731552674073e-05,0.00998765495242229,4.08916254663552e-07,601.251639258745,52.3135147828279,0.00213766006814436,3.0636589370836e-08,2,0,419.525199999999,14.7127970268838,111.5,2.00555351411005,3.69043865776498e-06,3.81123605473045e-05,7,20,2.25,"RS_case7_R20_vara2.25_varb0.1_contam_rho25.rds"
"LM","contam",0.25,50,1,33.0317404105291,1.01355513674522,0.0113813743924328,0.000358806454844402,0.569068719621638,0.0179403227422201,0.151296988497302,0.0267046923254014,0,0,NA,NA,32.5268538248886,0.984392394646312,5.0625,0,NA,NA,600.995241842912,52.2954194120015,NA,NA,1,0,0.013959999999206,0.00242520102207111,1,0,NA,NA,7,20,2.25,"RS_case7_R20_vara2.25_varb0.1_contam_rho25.rds"
"OBS","contam",0.25,50,1,20.8078530695156,0.461906653102164,0.00886992645117672,0.000277542633192991,0.443496322558836,0.0138771316596496,0.119059227456579,0.0243489712536252,1.17153025615102,0.0562801932531822,0.0497628821625104,0.000835854047461293,19.4470390608483,0.439436605889924,1.31830253587584,0.105688154661587,0.00255800195606203,7.95969427038562e-05,118.602747138096,10.4337519757256,0.000556017929134542,4.05785463484186e-05,20,0,0.485139999999083,0.0109931336639324,28.98,0.472500944821429,0.569457397804223,0.000945251283675142,7,20,2.25,"RS_case7_R20_vara2.25_varb0.1_contam_rho25.rds"
"ORACLE","contam",0.25,50,1,10.0845156268194,0.0429678589787132,0.00677944701187348,0.00019915551178083,0.338972350593674,0.00995777558904152,0.117245771335033,0.0239478062663214,2.12646199453059,0.0996185611859637,0.0923090788927805,0.000787587081496578,9.00242502845202,0.0179332756393299,0.501530667700678,0.124560006744364,8.95446446135484e-05,1.34918859365622e-05,0.0157643971456461,0.00288607987781291,0.000194543598589526,4.78715876984694e-05,20,0,0.222140000000072,0.00407911655121623,12.56,0.114855721384239,1,0,7,20,2.25,"RS_case7_R20_vara2.25_varb0.1_contam_rho25.rds"
"BLM","contam",0.25,50,1,23.7687138748296,0.795655233151432,0.0168932996533146,0.000513545665097653,0.844664982665729,0.0256772832548826,0.0577100429505391,0.0109817594807484,6.72253501163115e-05,2.72393177628582e-07,7.33384851555404e-05,3.00150462992443e-07,13.6715688796613,0.071156021717036,0.249932779172767,2.72356612288322e-07,0.00998533768591672,5.99861879434767e-08,22.0716515893228,0.685446307025507,0.00028804293097601,1.25746991871423e-09,1,0,0.336679999999974,0.00752489419548159,27.16,0.0523722936566382,0,0,8,10,0.5,"RS_case8_R10_vara0.5_varb0.1_contam_rho25.rds"
"CIRG","contam",0.25,50,1,23.8597683427668,0.794828242545863,0.0169926765348544,0.000511048371276659,0.84963382674272,0.025552418563833,0.057580800270121,0.010996818794702,0.0281713524360787,0.00757660478466763,0.00019786331161181,1.66744916391447e-05,13.6509688094607,0.0718771048901214,0.225435114725088,0.00628199580851626,0.00996048011146262,3.32389923641445e-06,21.8846604587379,0.689721172808216,0.000278146528373018,2.44345266594581e-06,2.86,0.363666139782754,250.24476,32.8658343527515,76.06,11.0860975633301,-9.23324475762419e-05,0.0001896450493115,8,10,0.5,"RS_case8_R10_vara0.5_varb0.1_contam_rho25.rds"
"CPF","contam",0.25,50,1,16.7242573528561,0.358586536299179,0.0146542112955494,0.000413807280300848,0.732710564777472,0.0206903640150424,0.0572431851261789,0.0131425072738146,0.248025218803812,0.0166482289370963,0.0458770565081228,0.000672105259914194,11.1938682294397,0.0517599212909094,0.0770723031692232,0.00740656744442524,0.00295142756076475,7.30319335476569e-05,4.94433319129504,0.248740047471587,8.63681973115958e-05,3.01030705404417e-06,9.26,0.0981876587282262,0.444459999999956,0.0123308211819291,14.32,0.16273178132455,0.55003551189037,0.00529379731708197,8,10,0.5,"RS_case8_R10_vara0.5_varb0.1_contam_rho25.rds"
"KM","contam",0.25,50,1,23.7734744970111,0.796098364933053,0.0168927502962991,0.000513558483449119,0.844637514814957,0.0256779241724559,0.0577585713840999,0.0109769451990983,0.000167416966710891,1.43791926797495e-05,0.0001945014301366,6.04255058630346e-06,13.6686024937361,0.0711624246082566,0.249832621193028,1.43670808284881e-05,0.00996113933388747,1.20632745857609e-06,22.0439896876495,0.685054369717701,0.000287539249476125,2.2985951193944e-08,2,0,295.75962,10.0115137580316,40.72,3.0061216453994,1.15440349267755e-05,6.74031590866551e-05,8,10,0.5,"RS_case8_R10_vara0.5_varb0.1_contam_rho25.rds"
"LM","contam",0.25,50,1,23.7687138748296,0.795655233151431,0.0168932996533146,0.000513545665097654,0.844664982665728,0.0256772832548827,0.0577100429505392,0.0109817594807485,0,0,NA,NA,13.6679290778534,0.0711423863535716,0.25,0,NA,NA,22.0375625935368,0.684800271720304,NA,NA,1,0,0.00902000000006701,0.000363082045022607,1,0,NA,NA,8,10,0.5,"RS_case8_R10_vara0.5_varb0.1_contam_rho25.rds"
"OBS","contam",0.25,50,1,16.4219592239943,0.350290786724181,0.0143363950439056,0.000404272867361231,0.71681975219528,0.0202136433680616,0.0540404680449646,0.0126376022088799,0.237481636841274,0.0149754088914275,0.0481647688586401,0.000580354071581913,11.0563880579197,0.0406088738072199,0.0799047716973435,0.00731508252258088,0.00270339491904989,6.04118099860113e-05,4.3095367957172,0.17774954668073,8.2689164801937e-05,2.99537314517879e-06,10,0,0.206420000000106,0.0042668240829772,14.46,0.162153869984717,0.574747545000269,0.00158701924397907,8,10,0.5,"RS_case8_R10_vara0.5_varb0.1_contam_rho25.rds"
"ORACLE","contam",0.25,50,1,10.0020520503175,0.0561216296881594,0.0130153203223275,0.00034848226359974,0.650766016116376,0.017424113179987,0.0527974024381371,0.0129463854619736,0.424502471663327,0.0260664134085138,0.08624564228961,0.000929506740512009,9.01454396370558,0.0188668605455072,0.0389933142761407,0.00510696452892505,0.00023151751227757,2.57753199241392e-05,0.0176534897956063,0.0030083136447336,1.94422106459128e-05,2.07659143382546e-06,10,0,0.14235999999993,0.00327036913601989,9.58,0.131211000036629,1,0,8,10,0.5,"RS_case8_R10_vara0.5_varb0.1_contam_rho25.rds"
"BLM","contam",0.25,50,1,24.9479756054599,0.89340076966847,0.0172560325428846,0.000529630298383169,0.862801627144231,0.0264815149191584,0.243247554954757,0.0483717830327406,7.28443236724884e-05,6.48043760771255e-07,7.93440337736911e-05,7.06329176691777e-07,15.1885397945353,0.149248916463262,5.06217220587035,2.9161005157439e-06,0.0099841375131671,1.41151502825746e-07,39.3895115027539,1.92078709243742,0.00213816958151815,3.83397675874216e-09,1,0,0.321400000000067,0.00423522642330531,27.84,0.0523722936566382,0,0,8,10,2.25,"RS_case8_R10_vara2.25_varb0.1_contam_rho25.rds"
"CIRG","contam",0.25,50,1,25.0284155660724,0.89634735014706,0.0173816885803761,0.000541418917846871,0.869084429018806,0.0270709458923435,0.247500996291634,0.0490767140339302,0.0428347282154661,0.0118664558409387,0.000318021009885094,5.74029443388194e-05,15.1481062795368,0.147978785401985,4.87847836290872,0.0502786236390352,0.00993665839518863,1.13766503725751e-05,38.8721991500031,1.89378269354659,0.00206663255773477,1.95227571464672e-05,3.94,0.698342059919823,266.3023,40.2918282518747,92.6,12.8972074180294,-0.000316580151167059,0.000214612023946657,8,10,2.25,"RS_case8_R10_vara2.25_varb0.1_contam_rho25.rds"
"CPF","contam",0.25,50,1,17.3620800566188,0.413584315294979,0.0147305802082432,0.000427940583100644,0.736529010412161,0.0213970291550322,0.240133579310335,0.0604123037084571,1.10346556994168,0.067105783373195,0.0452085487065128,0.000802880864682869,11.899749299911,0.0806496198159688,1.53519732125354,0.142336342582805,0.00303368940130741,8.81929298167439e-05,8.72725969998099,0.477734045230969,0.000648551246181818,5.46245397354272e-05,9.22,0.115316777546346,0.468099999999467,0.0142423126417887,15.22,0.259182387912608,0.538976705282725,0.00776800468355772,8,10,2.25,"RS_case8_R10_vara2.25_varb0.1_contam_rho25.rds"
"KM","contam",0.25,50,1,24.9556737412698,0.893671278584294,0.0172543521936076,0.000529679478218514,0.86271760968038,0.0264839739109257,0.24327522486804,0.0483742019164473,0.000368600466961146,0.000198242975055863,0.000211573556850145,5.90536235147956e-06,15.1852752846808,0.149258183081395,5.06084335947856,0.00089006441362561,0.00995773176079185,1.17865164183723e-06,39.3492526029046,1.91996559366364,0.00213715107555485,3.4382703943355e-07,2,0,279.7131,9.79571343395698,39.2,1.36874737908611,1.15440349267755e-05,6.74031590866551e-05,8,10,2.25,"RS_case8_R10_vara2.25_varb0.1_contam_rho25.rds"
"LM","contam",0.25,50,1,24.9479756054599,0.89340076966847,0.0172560325428846,0.000529630298383168,0.862801627144231,0.0264815149191584,0.243247554954756,0.0483717830327405,0,0,NA,NA,15.1845993399046,0.149214542055221,5.0625,0,NA,NA,39.3402529936252,1.91914262239833,NA,NA,1,0,0.0105800000009913,0.00173277882283128,1,0,NA,NA,8,10,2.25,"RS_case8_R10_vara2.25_varb0.1_contam_rho25.rds"
"OBS","contam",0.25,50,1,16.9700271696785,0.397000395376833,0.0144947618302201,0.000417775850189003,0.724738091511005,0.0208887925094502,0.220364637731801,0.0552530348089404,1.06744379216304,0.0639770398267067,0.0481625039826242,0.000585765111963196,11.7231539650062,0.0724087786909739,1.59899920431815,0.140903390390497,0.00270393891090472,6.09698907653725e-05,7.67247604747353,0.411762376612564,0.000666742079916721,5.4108650769922e-05,10,0,0.201859999999288,0.00343130962082001,15.08,0.184810990043385,0.574747545000269,0.00158701924397907,8,10,2.25,"RS_case8_R10_vara2.25_varb0.1_contam_rho25.rds"
"ORACLE","contam",0.25,50,1,10.0013702038217,0.0558276820170834,0.013014088330994,0.000349230410561575,0.650704416549701,0.0174615205280787,0.222747157699844,0.0575059793038474,1.89964498029919,0.111372786697375,0.0862436236641962,0.000930899309923382,9.01457156867385,0.0188637949546855,0.73053962304976,0.0970692376741766,0.000231699992627838,2.58185714383787e-05,0.0176486258581453,0.00301133324860171,0.000285322807643657,3.7323772554027e-05,10,0,0.135800000000236,0.00224517623508106,9.84,0.128920161973468,1,0,8,10,2.25,"RS_case8_R10_vara2.25_varb0.1_contam_rho25.rds"
"BLM","contam",0.25,50,1,23.6324120256357,0.620774120417589,0.00963688583510217,0.000301004290421218,0.481844291755109,0.0150502145210609,0.0389667481232713,0.00688594939094972,6.80487239042159e-05,1.92830077593261e-07,7.4216640465569e-05,2.14844855419221e-07,13.9501265832756,0.0547700533520991,0.249931955908547,1.92803748997259e-07,0.00998516218227837,4.29369339271835e-08,24.6507413689171,0.54672179741303,0.0002880392406853,8.98783195279722e-10,1,0,0.287720000000263,0.00223077546695961,27.38,0.0693409205686377,0,0,8,20,0.5,"RS_case8_R20_vara0.5_varb0.1_contam_rho25.rds"
"CIRG","contam",0.25,50,1,23.6914776780224,0.62089982439052,0.00971850491316074,0.000302395184826746,0.485925245658037,0.0151197592413373,0.0386731476814171,0.00686895001128213,0.0319057422042482,0.00773879917698978,0.000229326030892659,2.67674773188644e-05,13.9245201269644,0.0560044086609736,0.222046795803743,0.00646125591366194,0.00995422249264417,5.32185311233969e-06,24.4045866765616,0.55563680828303,0.000276723537268724,2.55233423509956e-06,3.28,0.541381452906378,196.642220000001,27.8535082740776,82.88,12.917718886262,8.55940052541957e-05,0.000102834042438108,8,20,0.5,"RS_case8_R20_vara0.5_varb0.1_contam_rho25.rds"
"CPF","contam",0.25,50,1,18.4701015330939,0.381617708959758,0.00882410474377662,0.000275181475912655,0.441205237188831,0.0137590737956327,0.0371848979177669,0.00690471576529733,0.279849420264519,0.0133059497120379,0.0397403239204014,0.000797796057482598,11.8000095050612,0.04986036475657,0.0571416443470931,0.00625772738548526,0.00366241601013555,9.99150771441665e-05,7.96186997114205,0.294387198813633,9.23731045189814e-05,2.83763386288415e-06,14.44,0.227066474129206,0.561420000000071,0.005328865560419,21.46,0.313258060143547,0.468605002314407,0.00573568740896786,8,20,0.5,"RS_case8_R20_vara0.5_varb0.1_contam_rho25.rds"
"KM","contam",0.25,50,1,23.6403957544054,0.621163431895824,0.00964917725494071,0.000303022138646682,0.482458862747036,0.0151511069323341,0.0390361266173581,0.00691259413845894,0.000985751059116511,0.00050226882304163,0.000183025391650849,8.28303482007655e-06,13.9464394780788,0.0548149055270632,0.249027582070593,0.000493207973692851,0.00996343178178845,1.65386588633218e-06,24.6144925298259,0.546827795671536,0.000287273806674362,1.85296740556339e-07,2,0,243.600659999999,7.47135281423541,48.7,4.06942306496052,6.25105547606993e-06,6.89943611850054e-05,8,20,0.5,"RS_case8_R20_vara0.5_varb0.1_contam_rho25.rds"
"LM","contam",0.25,50,1,23.6324120256357,0.620774120417589,0.00963688583510217,0.000301004290421219,0.481844291755108,0.015050214521061,0.0389667481232713,0.0068859493909497,0,0,NA,NA,13.9464430570141,0.0547623440641525,0.25,0,NA,NA,24.6142457183257,0.546241961602846,NA,NA,1,0,0.00855999999999767,0.000989809299185185,1,0,NA,NA,8,20,0.5,"RS_case8_R20_vara0.5_varb0.1_contam_rho25.rds"
"OBS","contam",0.25,50,1,17.1538772803544,0.276120105712056,0.00832595705796496,0.000246230979295827,0.416297852898248,0.0123115489647913,0.0323426951600002,0.00651935797401479,0.250740386089646,0.0131696239531972,0.0501067012261922,0.000606818006447298,11.237560769117,0.0353810430661568,0.0706288658851013,0.00642597676296298,0.00250738443908694,6.1659585700799e-05,5.0680172877056,0.164176993256692,7.53548972854473e-05,2.5563148352862e-06,20,0,0.31524000000034,0.00296132347691554,22.4,0.21946130708196,0.569457397804223,0.000945251283675142,8,20,0.5,"RS_case8_R20_vara0.5_varb0.1_contam_rho25.rds"
"ORACLE","contam",0.25,50,1,10.8173165181342,0.0655367825743601,0.00757719402521028,0.000224082397967474,0.378859701260514,0.0112041198983737,0.0298825498794176,0.0060399485765496,0.469616271107343,0.0219121704907439,0.0914482949768053,0.000811122824200708,9.02530135091116,0.0195544657203559,0.0244501885465784,0.00496538213865077,0.000105369750364761,1.59276243952175e-05,0.0193766377087496,0.00380795151152347,1.14258654612904e-05,1.93594698110255e-06,20,0,0.193779999999679,0.00184264450585707,13.34,0.138828921294358,1,0,8,20,0.5,"RS_case8_R20_vara0.5_varb0.1_contam_rho25.rds"
"BLM","contam",0.25,50,1,25.1212058556096,0.725382039408434,0.00994987740737848,0.000320104965193836,0.497493870368924,0.0160052482596918,0.160754369203856,0.0289355320232057,7.43669863915757e-05,5.09945926454497e-07,8.09960722852712e-05,5.58427274502991e-07,15.5800565633728,0.109045385495827,5.06216535410443,2.2946799744701e-06,0.00998380736118688,1.11593952612595e-07,43.8797982859846,1.47054077624373,0.00213816060060122,3.02659369366692e-09,1,0,0.322840000001306,0.00530208738242558,27.98,0.02,0,0,8,20,2.25,"RS_case8_R20_vara2.25_varb0.1_contam_rho25.rds"
"CIRG","contam",0.25,50,1,25.1920279017593,0.72597311894185,0.00998984785746697,0.000332207008630665,0.499492392873348,0.0166103504315333,0.161264460614806,0.0291810024533321,0.0425997351783228,0.0115208344486899,0.000278184582077718,4.3365580783178e-05,15.5456662472954,0.109443687664797,4.87911968082812,0.0487884656809836,0.0099445326183524,8.6040135145013e-06,43.4326647386957,1.47208129202892,0.0020670304927896,1.88880359456751e-05,3.52,0.665928843413315,327.838179999999,74.7711563005945,85.18,14.5858665166255,-9.19624034496116e-06,7.13241018722749e-05,8,20,2.25,"RS_case8_R20_vara2.25_varb0.1_contam_rho25.rds"
"CPF","contam",0.25,50,1,19.0951060662028,0.332892018009175,0.00898133010830297,0.000261572239673321,0.449066505415149,0.013078611983666,0.16670925902518,0.0359429044612283,1.25360365939789,0.057634221340112,0.0410404586758901,0.00070440101634186,12.4672684333232,0.0618648217641542,1.15556913756986,0.111801919985385,0.00350054037194877,8.50659990202017e-05,12.2094859411432,0.434835485288665,0.000511570994297306,4.26559010366687e-05,15.04,0.245714285714286,0.741340000000491,0.0131365702354784,22.62,0.285557099619073,0.478237904539663,0.00714973265392528,8,20,2.25,"RS_case8_R20_vara2.25_varb0.1_contam_rho25.rds"
"KM","contam",0.25,50,1,25.1308357181776,0.725853213336292,0.00996277412143195,0.000321573265983785,0.498138706071597,0.0160786632991892,0.160887560514963,0.028990708298036,0.00127273129739395,0.000565245641891977,0.000199185062067561,7.96443115063136e-06,15.5760863031868,0.109146909194402,5.05678998463583,0.00253343198673915,0.00996020577045145,1.58989700837905e-06,43.8286504085087,1.47114923575237,0.00213564024342884,9.64401789014036e-07,2,0,262.51928,8.54492483023213,46.88,3.52178526156429,6.25105547606993e-06,6.89943611850054e-05,8,20,2.25,"RS_case8_R20_vara2.25_varb0.1_contam_rho25.rds"
"LM","contam",0.25,50,1,25.1212058556096,0.725382039408434,0.00994987740737848,0.000320104965193837,0.497493870368924,0.0160052482596918,0.160754369203856,0.0289355320232057,0,0,NA,NA,15.5760342116057,0.109017995545359,5.0625,0,NA,NA,43.8265871964928,1.46928394135319,NA,NA,1,0,0.010260000001872,0.00099007730047229,1,0,NA,NA,8,20,2.25,"RS_case8_R20_vara2.25_varb0.1_contam_rho25.rds"
"OBS","contam",0.25,50,1,17.8531945269421,0.319772075268647,0.00855898204058168,0.000258760008967506,0.427949102029084,0.0129380004483753,0.12340667517784,0.0253104776749279,1.16935179624105,0.0546428055484508,0.0499317406209688,0.000608831537424124,11.9714621602299,0.0581500806837777,1.31410651399953,0.105953428742386,0.00252499371345309,6.20912397421931e-05,8.99527753197089,0.357415239153345,0.000553770165194994,4.04909947867579e-05,20,0,0.358119999998889,0.00595655289973243,23.68,0.267169593772822,0.569457397804223,0.000945251283675142,8,20,2.25,"RS_case8_R20_vara2.25_varb0.1_contam_rho25.rds"
"ORACLE","contam",0.25,50,1,10.8189645124076,0.0654118944951955,0.00758187342712541,0.000224294742071072,0.379093671356271,0.0112147371035536,0.118519367812558,0.0242255509698487,2.12857164272406,0.0974356301429668,0.0914468956080011,0.000811276159623955,9.02527942747728,0.0195491372721835,0.479936244997228,0.113653235301369,0.000105405876091966,1.593988019012e-05,0.0193653190898262,0.00380654483924164,0.000186546151019541,4.3721057349146e-05,20,0,0.213060000000114,0.00346591684727637,13.58,0.131211000036629,1,0,8,20,2.25,"RS_case8_R20_vara2.25_varb0.1_contam_rho25.rds"
"BLM","contam",0.25,50,1,25.1527666477003,0.398908393187797,0.0059085665796871,0.000192250506634044,0.295428328984355,0.00961252533170222,0.0165951141772989,0.00354926671184138,6.88900534985436e-05,1.63715205704665e-07,7.50802559166817e-05,1.84790619766516e-07,14.2249473710473,0.0500786168990453,0.249931114693654,1.63692525906413e-07,0.00998498958753472,3.69302574723405e-08,27.4229605558695,0.533927810159296,0.000288035599411915,7.71867816526866e-10,1,0,0.351840000000666,0.00641053724393057,27.58,0.0705083581671604,0,0,8,50,0.5,"RS_case8_R50_vara0.5_varb0.1_contam_rho25.rds"
"CIRG","contam",0.25,50,1,25.179571145939,0.401370369977262,0.00602389666278901,0.000214191290350019,0.30119483313945,0.010709564517501,0.0166184520437811,0.00351425916526761,0.0316435490857265,0.00882241522835326,0.000275578670362823,4.0635148378561e-05,14.1959255058586,0.0512595386499281,0.223171680625627,0.00716433271031351,0.0099450411190799,8.06825502840233e-06,27.1263913372594,0.544723991213822,0.00027697952194526,2.88012808276257e-06,3.6,0.645233702322069,232.964280000001,40.0392854111655,73.36,10.1345543482057,-1.59505625934796e-08,3.53291867118344e-05,8,50,0.5,"RS_case8_R50_vara0.5_varb0.1_contam_rho25.rds"
"CPF","contam",0.25,50,0.96,24.4925904071057,0.402016480070327,0.00751058247911283,0.000372832923733823,0.375529123955641,0.0186416461866911,0.0904900178063218,0.0182272140662799,0.612616507305951,0.0479913916791932,0.00716845978396759,0.00123918860049118,13.9048736499545,0.038756894407315,0.125537987807772,0.0252002448709714,0.00869293868987262,0.000221004826122998,24.1313882683584,0.381696747148223,0.000215372903614534,1.12467430995275e-05,4.72,0.285771422858285,2.15138000000152,0.150908635395055,120.7,14.9985645571671,0.0141652422478408,0.00180763505287368,8,50,0.5,"RS_case8_R50_vara0.5_varb0.1_contam_rho25.rds"
"KM","contam",0.25,50,1,25.152434870778,0.39823680991305,0.00591017215390809,0.000192196193231667,0.295508607695405,0.00960980966158336,0.0165959564838083,0.00355754190843369,0.000197755495100578,2.28925909700807e-05,0.000193853051728422,8.67501427243421e-06,14.2210489856199,0.0501212245011674,0.249802309291601,2.28676394765524e-05,0.00996127065619774,1.73141497300543e-06,27.3824472303716,0.533943338968194,0.000287530119992883,2.98262109477554e-08,2,0,256.213899999999,7.5113715947004,47.24,5.07989715467162,3.66176451381431e-05,3.10770959142863e-05,8,50,0.5,"RS_case8_R50_vara0.5_varb0.1_contam_rho25.rds"
"LM","contam",0.25,50,1,25.1527666477003,0.398908393187797,0.0059085665796871,0.000192250506634045,0.295428328984355,0.00961252533170224,0.016595114177299,0.00354926671184139,0,0,NA,NA,14.2212190117607,0.0500727535240376,0.25,0,NA,NA,27.3839847204,0.533487195348155,NA,NA,1,0,0.0125599999999395,0.00250031181740858,1,0,NA,NA,8,50,0.5,"RS_case8_R50_vara0.5_varb0.1_contam_rho25.rds"
"OBS","contam",0.25,50,1,19.4676979286243,0.219139334630866,0.00538241636007447,0.000179572185749406,0.269120818003724,0.00897860928747028,0.0124395266358619,0.00276044665883626,0.266110892617919,0.00961057200460372,0.0543678496011148,0.000595130099150702,11.2514948697198,0.0383089854365882,0.0592299061705146,0.00439834137327319,0.00209964796193732,5.32587697205447e-05,5.14114048826865,0.173674604011112,6.31342961427837e-05,2.03845085482239e-06,50,0,0.965080000000016,0.011574032864095,45.1,0.490938293641131,0.565009465732287,0.000990438950699169,8,50,0.5,"RS_case8_R50_vara0.5_varb0.1_contam_rho25.rds"
"ORACLE","contam",0.25,50,1,12.8155012176314,0.0869761704397363,0.0047849515186812,0.000163973551316143,0.23924757593406,0.00819867756580714,0.0105105637185238,0.00235462430930827,0.471832056147508,0.0162320851713391,0.0955624939754447,0.000782165961433814,8.98866901397184,0.024145999348312,0.0137039819223478,0.00219748465575073,4.96688556880231e-05,7.9753760023922e-06,0.028696826186276,0.005006722249483,6.22353891070702e-06,8.91878255620245e-07,50,0,0.524799999999523,0.00627121704806459,23.82,0.215122176960926,1,0,8,50,0.5,"RS_case8_R50_vara0.5_varb0.1_contam_rho25.rds"
"BLM","contam",0.25,50,1,26.7647295796473,0.435351661253383,0.00623768252387319,0.000196591857178444,0.31188412619366,0.0098295928589222,0.0700141128814562,0.0146565325027579,7.57147643794186e-05,4.25918768359709e-07,8.24369846672083e-05,4.61061779145617e-07,15.872516684832,0.0893226968257832,5.06215928930191,1.91656951776239e-06,0.00998351940933932,9.21357482160924e-08,47.6224342475379,1.24915236692141,0.00213815273347515,2.50697677815602e-09,1,0,0.365100000005332,0.00592009721378023,28,0,0,0,8,50,2.25,"RS_case8_R50_vara2.25_varb0.1_contam_rho25.rds"
"CIRG","contam",0.25,50,1,26.9383845190563,0.468628791879647,0.00641658006124258,0.000204761180053655,0.320829003062129,0.0102380590026828,0.069687979386452,0.0146880594518634,0.0453736311357584,0.011802262538664,0.000264004436032116,4.27633338544512e-05,15.836412915978,0.0888714635224852,4.86720280294208,0.0498477043562844,0.00994735841756922,8.48045668804819e-06,47.1235502721536,1.23845187584541,0.00206250316179183,1.92913488499644e-05,3.58,0.600061221366416,246.873939999999,50.7392580493116,93.34,11.7246856273942,6.12554819663507e-05,5.15618135103506e-05,8,50,2.25,"RS_case8_R50_vara2.25_varb0.1_contam_rho25.rds"
"CPF","contam",0.25,50,0.96,25.3391558677158,0.425726734503036,0.00792819269550237,0.000348712298803816,0.396409634775119,0.0174356149401908,0.291483543662442,0.0630798243875861,2.64591960701253,0.157800286195399,0.0104572698069132,0.00131271127166086,14.8650695784132,0.0665607596066801,1.3768979210611,0.469944745078525,0.00810233786368647,0.000231689850654373,34.6161275608799,0.769725334011017,0.000685126802862523,0.000181889181557394,6.58,0.301140688525669,2.6084199999983,0.183919867399793,131.64,17.3346123023698,0.0244726367971084,0.00246976356006976,8,50,2.25,"RS_case8_R50_vara2.25_varb0.1_contam_rho25.rds"
"KM","contam",0.25,50,1,26.7641485960814,0.434972306145775,0.00623925302983016,0.000196524043988798,0.311962651491508,0.0098262021994399,0.0700580724611381,0.0146634589659626,0.000201175748043808,2.11350069199931e-05,0.00020668810347359,8.34614311935802e-06,15.8683979610065,0.089419177223272,5.06159477149322,9.50854392933327e-05,0.00995870851252454,1.66579061472178e-06,47.5666842242674,1.24974894413931,0.00213745874552843,3.33811819739896e-08,2,0,269.115740000002,8.54147100645598,48.38,4.99361960252219,3.66176451381431e-05,3.10770959142863e-05,8,50,2.25,"RS_case8_R50_vara2.25_varb0.1_contam_rho25.rds"
"LM","contam",0.25,50,1,26.7647295796473,0.435351661253383,0.00623768252387319,0.000196591857178444,0.31188412619366,0.00982959285892222,0.0700141128814562,0.0146565325027579,0,0,NA,NA,15.8684212209585,0.0892996258297124,5.0625,0,NA,NA,47.5659568040059,1.2480935722188,NA,NA,1,0,0.00949999999953434,0.0003478798761525,1,0,NA,NA,8,50,2.25,"RS_case8_R50_vara2.25_varb0.1_contam_rho25.rds"
"OBS","contam",0.25,50,1,20.3135040804813,0.241315816788961,0.00557933705302606,0.000194025839602085,0.278966852651303,0.00970129198010427,0.0466432605456165,0.0107014558342679,1.21295829731031,0.0356577672078549,0.0542829503567442,0.000604899478180805,11.9752419413827,0.0519240949352424,1.13775783486776,0.0708315988854577,0.00210797789364038,5.42147655263345e-05,8.98417407987001,0.315072326683856,0.000477953375451664,2.73232661415256e-05,50,0,1.07370000000054,0.0137214341485722,47.8,0.519811582818864,0.565009465732287,0.000990438950699169,8,50,2.25,"RS_case8_R50_vara2.25_varb0.1_contam_rho25.rds"
"ORACLE","contam",0.25,50,1,12.82956214352,0.0876125042419056,0.00479395555450166,0.00016459924030987,0.239697777725083,0.00822996201549349,0.0415983096148214,0.00968120650721438,2.14167337234644,0.0651731232106361,0.0955504032629589,0.000782282811090342,8.98871006632438,0.0242065348488475,0.219863921721201,0.0396432348135668,4.978526455213e-05,7.95392448241523e-06,0.0288393227424348,0.00504385614489882,8.5487575912652e-05,1.52874261260086e-05,50,0,0.568179999998538,0.00583170014067831,24.7,0.202534955410826,1,0,8,50,2.25,"RS_case8_R50_vara2.25_varb0.1_contam_rho25.rds"
"BLM","contam",0.25,50,1,18.1394095057834,0.224182851167605,0.0156598467841395,0.00049036007757711,0.782992339206975,0.0245180038788555,0.0589102432109695,0.0119097819499146,7.01303989297305e-05,2.46030839209465e-07,7.01054158843104e-05,2.46362082287505e-07,13.6520494553843,0.047863734076645,0.249929874522309,2.45996217061571e-07,0.00998598383456649,4.92377790612769e-08,21.7538200502898,0.45025614968674,0.000288054235390478,1.04068886323651e-09,1,0,0.301880000000091,0.00299041188889303,26,0,0,0,9,10,0.5,"RS_case9_R10_vara0.5_varb0.1_contam_rho25.rds"
"CIRG","contam",0.25,50,0.74,18.6912805059254,0.23565319557972,0.0249684032116187,0.00116437622000347,1.24842016058093,0.0582188110001737,0.0626927083523177,0.0144046416239816,1.13534720002848,0.106019772089,0.000341398456652544,4.7779229458207e-05,13.0090287839808,0.0867324744614525,0.954435476200402,0.172264506262274,0.00993194872145931,9.49170938869719e-06,16.4409153749706,0.66058555809199,0.000557875014330399,6.61619488261472e-05,4.74,0.488069918042445,353.31794,47.9065440323426,254.84,28.7612318432792,-0.000105914073264594,0.000104847819780081,9,10,0.5,"RS_case9_R10_vara0.5_varb0.1_contam_rho25.rds"
"CPF","contam",0.25,50,1,14.2523763769067,0.116293473230634,0.0134197831661498,0.000374842370980243,0.670989158307488,0.0187421185490121,0.0634187336455691,0.0151378354748227,0.237786549079614,0.0149865894402765,0.0466577964730101,0.000706440814428963,11.1845481429689,0.0348830741040299,0.0797611891330966,0.00711040028705064,0.00286984454970508,7.80448984942493e-05,4.83187520303734,0.154182131776167,8.58336857433105e-05,3.19927114575702e-06,9.26,0.120576844834338,0.375139999999689,0.00965139347029741,11.92,0.156074288957116,0.553158461465305,0.00500923357076443,9,10,0.5,"RS_case9_R10_vara0.5_varb0.1_contam_rho25.rds"
"KM","contam",0.25,50,1,18.1394333068094,0.224509122142904,0.0156712724295019,0.000491685953642981,0.783563621475097,0.024584297682149,0.0589557445679867,0.0119222328177949,0.000573539424644806,0.000301681426157472,0.000221179117311419,6.36546409848811e-06,13.6487353376163,0.0477896011568788,0.249431249095288,0.000297676144717725,0.00995581508217718,1.27030993794582e-06,21.7226486921601,0.449248239206405,0.000287282584853575,1.08448145055052e-07,2,0,354.49074,13.896698725804,32.4,1.35736840231082,-4.23233687222407e-05,3.76750512027236e-05,9,10,0.5,"RS_case9_R10_vara0.5_varb0.1_contam_rho25.rds"
"LM","contam",0.25,50,1,18.1394095057834,0.224182851167605,0.0156598467841395,0.000490360077577109,0.782992339206974,0.0245180038788555,0.0589102432109695,0.0119097819499146,0,0,NA,NA,13.6484754345151,0.0478511995385201,0.25,0,NA,NA,21.7205209928564,0.449795168822073,NA,NA,1,0,0.0102599999999222,0.00127128731156346,1,0,NA,NA,9,10,0.5,"RS_case9_R10_vara0.5_varb0.1_contam_rho25.rds"
"OBS","contam",0.25,50,1,14.0799597665941,0.110571346135586,0.013067678550679,0.000363347752400223,0.653383927533948,0.0181673876200112,0.0555974498729481,0.0134110289869059,0.23246424568793,0.0144645203130379,0.0488991523942371,0.000503365701355101,11.0639214889391,0.0290004982062218,0.0818272748817561,0.0073206537158068,0.00262371210046314,5.15521852427186e-05,4.300982328419,0.121293792290413,8.18965320664795e-05,2.82486632595446e-06,10,0,0.166859999999914,0.00228035264016823,12.16,0.135103890486136,0.574747545000269,0.00158701924397907,9,10,0.5,"RS_case9_R10_vara0.5_varb0.1_contam_rho25.rds"
"ORACLE","contam",0.25,50,1,10.1139119185976,0.0484206474951338,0.0122133323857551,0.000329666676961233,0.610666619287753,0.0164833338480616,0.0538136183408021,0.0132163680540696,0.423918250170384,0.0260310874119282,0.0877131964073962,0.000724047831992722,9.01375237062918,0.0185865935683115,0.0389916907376612,0.00520535614284095,0.000176653560410877,1.85674200560631e-05,0.0171167392611287,0.00282801772131536,1.838691609312e-05,2.0710591118012e-06,10,0,0.115120000000103,0.00137755773242372,8.08,0.117247340163904,1,0,9,10,0.5,"RS_case9_R10_vara0.5_varb0.1_contam_rho25.rds"
"BLM","contam",0.25,50,1,19.6781155569388,0.273151606347808,0.0158922055704765,0.000507629420354261,0.794610278523825,0.0253814710177131,0.24584152382067,0.0502982413089227,7.78683318278935e-05,6.96372828929712e-07,7.78407991615726e-05,6.96155275229262e-07,15.1583735855081,0.135562114134924,5.06214959859401,3.13356725158372e-06,0.00998443792310468,1.39120812292578e-07,38.8260424713316,1.75293850811909,0.00213816666464792,3.87852060408176e-09,1,0,0.302079999999405,0.00610311663443481,26,0,0,0,9,10,2.25,"RS_case9_R10_vara2.25_varb0.1_contam_rho25.rds"
"CIRG","contam",0.25,50,0.74,20.252556120615,0.290392959556054,0.0255551705866418,0.00172071698445499,1.27775852933209,0.0860358492227494,0.232778016354358,0.0470221429238675,1.25102163205337,0.17664574744786,0.000538107119310085,9.33612530402276e-05,14.446774251241,0.147805826792404,2.52694006410455,0.40933125210672,0.00989309523526473,1.83939969142833e-05,30.7378313032375,1.62601671828029,0.00116170504646974,0.000157467752718031,4.76,0.517103392337883,324.892000000001,47.1557072748206,203.12,28.9092547853607,2.82099550160402e-05,0.000129117597549186,9,10,2.25,"RS_case9_R10_vara2.25_varb0.1_contam_rho25.rds"
"CPF","contam",0.25,50,1,14.9628353800323,0.136495448842225,0.0133009326901359,0.000377374095395053,0.665046634506795,0.0188687047697527,0.219618565588996,0.0558610047428685,1.08834840188059,0.0643107662078811,0.0459768910050388,0.000663803444622818,11.881602218466,0.0728254659024887,1.55209229327537,0.142152781085646,0.00294008742112302,7.44750576420334e-05,8.56350522118016,0.429038902186406,0.00065324746802442,5.43952711655381e-05,9.26,0.0939387555587063,0.429719999999943,0.0156748867131525,12.62,0.199775384073295,0.552396283145295,0.00514943677111748,9,10,2.25,"RS_case9_R10_vara2.25_varb0.1_contam_rho25.rds"
"KM","contam",0.25,50,1,19.6780669325996,0.273473517086364,0.0159059775374298,0.00050913721033928,0.795298876871491,0.025456860516964,0.245899126184636,0.0503149547385662,0.000637262377774667,0.000314327552340772,0.00023909648036271,5.85997471183001e-06,15.1548048856626,0.135501405760186,5.05963756669205,0.00141080146398172,0.00995223955368026,1.16921936410415e-06,38.7812940977623,1.75124286309339,0.00213658190864132,5.34652474604725e-07,2,0,357.06992,14.2079130896818,32.34,1.00310131337665,-4.23233687222407e-05,3.76750512027236e-05,9,10,2.25,"RS_case9_R10_vara2.25_varb0.1_contam_rho25.rds"
"LM","contam",0.25,50,1,19.6781155569388,0.273151606347808,0.0158922055704765,0.000507629420354261,0.794610278523825,0.0253814710177131,0.24584152382067,0.0502982413089228,0,0,NA,NA,15.1544052176921,0.13552662116204,5.0625,0,NA,NA,38.7767093706922,1.7513844603624,NA,NA,1,0,0.00945999999996275,0.00102308457177619,1,0,NA,NA,9,10,2.25,"RS_case9_R10_vara2.25_varb0.1_contam_rho25.rds"
"OBS","contam",0.25,50,1,14.7838772493296,0.132303189874691,0.0131668061155271,0.000373680647422417,0.658340305776354,0.0186840323711208,0.223622984994285,0.0567432773351244,1.05846339328575,0.0622911471295135,0.0487634741121436,0.000507472465674454,11.7322100841422,0.0679035592120495,1.60988864866494,0.140175159322906,0.00263780047192445,5.20256585539996e-05,7.69090571821764,0.393233100177581,0.000669657313441431,5.36554048418119e-05,10,0,0.174520000001066,0.00398171740203246,12.74,0.147938211039996,0.574747545000269,0.00158701924397907,9,10,2.25,"RS_case9_R10_vara2.25_varb0.1_contam_rho25.rds"
"ORACLE","contam",0.25,50,1,10.1140183855324,0.0483217539627019,0.0122140313814119,0.000329341000962488,0.610701569070593,0.0164670500481244,0.225048306297175,0.0581005800476678,1.89738711929714,0.111063332612907,0.0877159190470468,0.000723806898339146,9.01374240761616,0.0185817753285352,0.72875397234074,0.0970150559988923,0.000176569569736791,1.85480392391716e-05,0.0171076901107364,0.00282884788083847,0.000283576490129788,3.73216318681625e-05,10,0,0.120119999999733,0.00327397156314906,8.28,0.107057108543973,1,0,9,10,2.25,"RS_case9_R10_vara2.25_varb0.1_contam_rho25.rds"
"BLM","contam",0.25,50,1,18.5777724059153,0.164003875010225,0.00874602278441669,0.000273809131751103,0.437301139220835,0.0136904565875551,0.0391687995932195,0.00705308123341825,7.2095236338575e-05,2.36178931159552e-07,7.20787606076905e-05,2.36559864255592e-07,14.0354272024011,0.0458649037982125,0.249927909964118,2.36144858662452e-07,0.00998558944596826,4.72778328226886e-08,25.4586029913013,0.463115085641577,0.000288045898601511,9.99290393360804e-10,1,0,0.335619999999762,0.0048750836728212,26,0,0,0,9,20,0.5,"RS_case9_R20_vara0.5_varb0.1_contam_rho25.rds"
"CIRG","contam",0.25,50,0.7,19.1783696322674,0.179949409486033,0.018002899525955,0.000929659912531871,0.900144976297748,0.0464829956265936,0.0461506784934883,0.00816247591726276,1.21604038785216,0.101864946362659,0.000427286471322578,9.42291110773256e-05,13.2873067847546,0.0803618333922307,1.02116073461138,0.207725835192073,0.00991516035660741,1.85134929027912e-05,18.6974426556443,0.669360440390687,0.000583205979408591,7.97492110068311e-05,6.2,0.676123403782813,454.42586,68.9782170532531,288.76,27.7778146684562,3.46210484614773e-05,7.53778139803732e-05,9,20,0.5,"RS_case9_R20_vara0.5_varb0.1_contam_rho25.rds"
"CPF","contam",0.25,50,1,15.8169861046816,0.125340446094621,0.00786364271137102,0.00018750079196625,0.393182135568551,0.00937503959831252,0.038321018056748,0.00717540477966886,0.293996771936087,0.0141416300669723,0.0397095801721112,0.000860650426887684,11.8936668871593,0.0387963181820576,0.0522366293193561,0.00600712750415556,0.00367122996173088,0.000103161583805074,8.44706061476193,0.225266872591273,9.06567194947713e-05,3.10596096567618e-06,14.18,0.222582248040712,0.645860000001267,0.010466389744583,18.52,0.345513519036137,0.462933488648256,0.00754444893627123,9,20,0.5,"RS_case9_R20_vara0.5_varb0.1_contam_rho25.rds"
"KM","contam",0.25,50,1,18.5798921722385,0.164094594246227,0.00875962509165562,0.000279194594676584,0.437981254582781,0.0139597297338292,0.0389513382538932,0.0069827605717085,0.000939402843690004,0.000611207037053067,0.000224975876601701,5.96509872267038e-06,14.031711526119,0.0459238487014737,0.249079784762078,0.000593886050559932,0.00995505718236245,1.19046482898832e-06,25.4214618761774,0.463388851866654,0.00028713288884283,2.28887028526764e-07,2,0,377.306560000001,14.7879203106594,32.76,1.05967264872175,2.1733507199694e-05,4.02453318855145e-05,9,20,0.5,"RS_case9_R20_vara0.5_varb0.1_contam_rho25.rds"
"LM","contam",0.25,50,1,18.5777724059153,0.164003875010225,0.00874602278441669,0.000273809131751103,0.437301139220834,0.0136904565875552,0.0391687995932196,0.00705308123341826,0,0,NA,NA,14.0317527908964,0.0458528976711042,0.25,0,NA,NA,25.4215580717108,0.462656849091168,NA,NA,1,0,0.0119800000006217,0.00208639714847351,1,0,NA,NA,9,20,0.5,"RS_case9_R20_vara0.5_varb0.1_contam_rho25.rds"
"OBS","contam",0.25,50,1,15.1338398306751,0.102439308970896,0.00734348326270988,0.000187388051107208,0.367174163135494,0.00936940255536041,0.0324933733471616,0.00629845844732485,0.25503914181755,0.0129694525465554,0.051100279196194,0.000477508648722986,11.278817220793,0.0306646684673796,0.0682479503099925,0.00633618916629333,0.00240235540566083,4.49860514479761e-05,5.23908369850134,0.141605613642285,7.24205000357686e-05,2.58589183867964e-06,20,0,0.334399999999441,0.00527411855490285,19.14,0.178451388224311,0.569457397804223,0.000945251283675142,9,20,0.5,"RS_case9_R20_vara0.5_varb0.1_contam_rho25.rds"
"ORACLE","contam",0.25,50,1,10.9428670734006,0.0477094596968357,0.00668152020497443,0.000175541142069553,0.334076010248722,0.00877705710347766,0.0310551394114735,0.00611987106107977,0.463823896333479,0.0221751779841282,0.0931674745543938,0.000738110072183747,9.02300889583709,0.0190126623228206,0.0254038978892512,0.00573053369987286,7.33789214191524e-05,1.00895719606963e-05,0.0182419943891206,0.00354446223021412,1.11775639985424e-05,2.20405970342783e-06,20,0,0.19834000000119,0.00375316030093817,10.88,0.129803619332578,1,0,9,20,0.5,"RS_case9_R20_vara0.5_varb0.1_contam_rho25.rds"
"BLM","contam",0.25,50,1,20.2501539858509,0.181725878430525,0.00903202095438992,0.000291981293993192,0.451601047719496,0.0145990646996596,0.161218294800085,0.0292460451431359,8.04329632417698e-05,5.39012575843749e-07,8.04155817306577e-05,5.42311748532119e-07,15.6586082973142,0.104873074853723,5.06213805814911,2.42546945978618e-06,0.00998392336473065,1.08374656592684e-07,44.8759841866953,1.41591307607842,0.00213815233617287,3.01522558883436e-09,1,0,0.352419999999693,0.0061383431920003,26,0,0,0,9,20,2.25,"RS_case9_R20_vara2.25_varb0.1_contam_rho25.rds"
"CIRG","contam",0.25,50,0.74,20.9208915226355,0.192132221538373,0.0196241342977366,0.00165531906451951,0.981206714886832,0.0827659532259756,0.162729785251135,0.0304313446944833,1.3217141068515,0.158421844215999,0.000498666584952008,8.4105562899177e-05,14.8602589009597,0.136180698426177,2.09149125493362,0.294147531218895,0.00990086196491237,1.66196933750667e-05,35.2513483348462,1.63597757355739,0.000994438428750187,0.000113210581609606,5.6,0.691050664139876,480.23126,73.1446401452758,248.68,29.4813319002423,-8.91912006891572e-05,0.000102326481949145,9,20,2.25,"RS_case9_R20_vara2.25_varb0.1_contam_rho25.rds"
"CPF","contam",0.25,50,1,16.5179994126907,0.109796108424624,0.00796511377372292,0.000194768192176358,0.398255688686146,0.00973840960881788,0.144181626020168,0.0293373080037885,1.28630232340869,0.0578969388676235,0.0410873534195834,0.000759052214363713,12.552944439648,0.0537269699593899,1.09296393284932,0.0991194733994502,0.00349893178005146,9.17516959668113e-05,12.7648569689752,0.377711774327602,0.000487470404402881,3.82421221553139e-05,14.82,0.264482552180977,0.783639999995939,0.0156950469244048,19.52,0.333491119118054,0.474191920784355,0.00761477685364091,9,20,2.25,"RS_case9_R20_vara2.25_varb0.1_contam_rho25.rds"
"KM","contam",0.25,50,1,20.2522284629458,0.181872757485116,0.00903686553321117,0.000292361552059984,0.451843276660559,0.0146180776029992,0.160804713551386,0.0291136267362769,0.000760138911698614,0.000566575628965843,0.000243712615371844,6.53498524562476e-06,15.6546071905792,0.104918172934911,5.05909568209774,0.00253332662117626,0.0099513189653601,1.3040478680387e-06,44.823180188497,1.41557339953264,0.00213635587480421,9.74327212370284e-07,2,0,399.6614,17.5545941826504,33.82,1.21376123126858,2.1733507199694e-05,4.02453318855145e-05,9,20,2.25,"RS_case9_R20_vara2.25_varb0.1_contam_rho25.rds"
"LM","contam",0.25,50,1,20.2501539858509,0.181725878430525,0.00903202095438993,0.000291981293993192,0.451601047719496,0.0145990646996596,0.161218294800085,0.0292460451431359,0,0,NA,NA,15.6545089445165,0.104845620744706,5.0625,0,NA,NA,44.8211268979276,1.41467894891286,NA,NA,1,0,0.0108200000008219,0.00148205318130602,1,0,NA,NA,9,20,2.25,"RS_case9_R20_vara2.25_varb0.1_contam_rho25.rds"
"OBS","contam",0.25,50,1,15.9318032492725,0.110910200585141,0.00750024671111705,0.000192641599855982,0.375012335555853,0.00963207999279912,0.123638886079836,0.0248790140518798,1.17545742081198,0.0542352655439568,0.0509841379442284,0.000480982322383173,12.0064837251508,0.0548454624373356,1.29877349189059,0.105449663748622,0.00241389058879825,4.53934862910363e-05,9.18633760234511,0.33760842440751,0.000545739339227412,4.04819094766868e-05,20,0,0.361580000000831,0.00616302933738787,20.12,0.203319392853225,0.569457397804223,0.000945251283675142,9,20,2.25,"RS_case9_R20_vara2.25_varb0.1_contam_rho25.rds"
"ORACLE","contam",0.25,50,1,10.9438057785001,0.0477320896696725,0.0066828657848486,0.000175098792573727,0.33414328924243,0.00875493962868635,0.121186017323015,0.0243646085076415,2.1123158521149,0.0982391541118379,0.0931640306696945,0.000739310977454438,9.02310087815596,0.0189878159809859,0.49185256320871,0.118146989249101,7.35129320327246e-05,1.01172634206848e-05,0.0181999712022378,0.00353523713585102,0.00019051449819698,4.54042099315264e-05,20,0,0.211259999999893,0.00357859965790226,11.32,0.119317788673263,1,0,9,20,2.25,"RS_case9_R20_vara2.25_varb0.1_contam_rho25.rds"
