"model","case","R","Var_a","method","n","mean_MSPE","MCSE","lower","upper","R_factor","Var_a_label"
"Random-intercept model (RI)",1,10,0.5,"ORACLE",20,9.00026056421463,0.0557454770052192,8.8909994292844,9.10952169914486,"10","Var(a) = 0.50"
"Random-intercept model (RI)",1,10,0.5,"CIRG",20,9.40817820635383,0.0841824201366977,9.24318066288591,9.57317574982176,"10","Var(a) = 0.50"
"Random-intercept model (RI)",1,10,0.5,"KM",20,9.40807442860809,0.0841870968957933,9.24306771869233,9.57308113852384,"10","Var(a) = 0.50"
"Random-intercept model (RI)",1,10,0.5,"BLM",20,9.41006910162839,0.0840998591903896,9.24523337761523,9.57490482564156,"10","Var(a) = 0.50"
"Random-intercept model (RI)",1,10,0.5,"CPF",20,9.40908809496688,0.0841365450254829,9.24418046671694,9.57399572321683,"10","Var(a) = 0.50"
"Random-intercept model (RI)",1,10,0.5,"OBS",20,9.40850906310522,0.0841836658020252,9.24350907813326,9.57350904807719,"10","Var(a) = 0.50"
"Random-intercept model (RI)",1,10,0.5,"LM",20,9.40807979315614,0.084186689911129,9.24307388093033,9.57308570538196,"10","Var(a) = 0.50"
"Random-intercept model (RI)",1,20,0.5,"ORACLE",20,9.00575107000998,0.0527998898574553,8.90226328588937,9.1092388541306,"20","Var(a) = 0.50"
"Random-intercept model (RI)",1,20,0.5,"CIRG",20,9.4347036752217,0.070765203915298,9.29600387554772,9.57340347489568,"20","Var(a) = 0.50"
"Random-intercept model (RI)",1,20,0.5,"KM",20,9.43432002664395,0.0707919391342043,9.29556782594091,9.57307222734699,"20","Var(a) = 0.50"
"Random-intercept model (RI)",1,20,0.5,"BLM",20,9.45193042076659,0.0717684620345304,9.31126423517891,9.59259660635427,"20","Var(a) = 0.50"
"Random-intercept model (RI)",1,20,0.5,"CPF",20,9.44432392371664,0.0714166703450783,9.30434724984029,9.584300597593,"20","Var(a) = 0.50"
"Random-intercept model (RI)",1,20,0.5,"OBS",20,9.43718010691464,0.0709114685733421,9.29819362851089,9.5761665853184,"20","Var(a) = 0.50"
"Random-intercept model (RI)",1,20,0.5,"LM",20,9.4343457132751,0.0707941756305227,9.29558912903928,9.57310229751093,"20","Var(a) = 0.50"
"Random-intercept model (RI)",1,50,0.5,"ORACLE",20,9.0504737396988,0.0512145957411708,8.95009313204611,9.1508543473515,"50","Var(a) = 0.50"
"Random-intercept model (RI)",1,50,0.5,"CIRG",20,9.44182763778792,0.0495622735486561,9.34468558163256,9.53896969394329,"50","Var(a) = 0.50"
"Random-intercept model (RI)",1,50,0.5,"KM",20,9.44179874016596,0.0495451237392622,9.34469029763701,9.53890718269492,"50","Var(a) = 0.50"
"Random-intercept model (RI)",1,50,0.5,"BLM",20,9.4827200413597,0.0491159513958093,9.38645277662392,9.57898730609549,"50","Var(a) = 0.50"
"Random-intercept model (RI)",1,50,0.5,"CPF",20,9.45652406282735,0.0497103799113875,9.35909171820103,9.55395640745367,"50","Var(a) = 0.50"
"Random-intercept model (RI)",1,50,0.5,"OBS",20,9.44227416010509,0.04941298120229,9.3454247169486,9.53912360326157,"50","Var(a) = 0.50"
"Random-intercept model (RI)",1,50,0.5,"LM",20,9.44177913029678,0.0495475930575629,9.34466584790395,9.5388924126896,"50","Var(a) = 0.50"
"Random-intercept model (RI)",1,10,2.25,"ORACLE",20,9.00013232256389,0.0557784743670306,8.89080651280451,9.10945813232327,"10","Var(a) = 2.25"
"Random-intercept model (RI)",1,10,2.25,"CIRG",20,10.8558031944954,0.226757005816173,10.4113594630957,11.3002469258951,"10","Var(a) = 2.25"
"Random-intercept model (RI)",1,10,2.25,"KM",20,10.8556036568241,0.22679675604872,10.4110820149687,11.3001252986796,"10","Var(a) = 2.25"
"Random-intercept model (RI)",1,10,2.25,"BLM",20,10.8578438452998,0.226711288050172,10.4134897207215,11.3021979698781,"10","Var(a) = 2.25"
"Random-intercept model (RI)",1,10,2.25,"CPF",20,10.8565901303908,0.226767044171816,10.412126723814,11.3010535369676,"10","Var(a) = 2.25"
"Random-intercept model (RI)",1,10,2.25,"OBS",20,10.8561033041717,0.226795926068954,10.4115832890766,11.3006233192669,"10","Var(a) = 2.25"
"Random-intercept model (RI)",1,10,2.25,"LM",20,10.8556129815142,0.226798699950095,10.411087529612,11.3001384334164,"10","Var(a) = 2.25"
"Random-intercept model (RI)",1,20,2.25,"ORACLE",20,9.00738122785503,0.0530136802805354,8.90347441450518,9.11128804120488,"20","Var(a) = 2.25"
"Random-intercept model (RI)",1,20,2.25,"CIRG",20,11.0267626820215,0.184044381725447,10.6660356938396,11.3874896702034,"20","Var(a) = 2.25"
"Random-intercept model (RI)",1,20,2.25,"KM",20,11.0267478715504,0.184094827849621,10.6659220089652,11.3875737341357,"20","Var(a) = 2.25"
"Random-intercept model (RI)",1,20,2.25,"BLM",20,11.0494175846621,0.185399039639313,10.6860354669691,11.4127997023552,"20","Var(a) = 2.25"
"Random-intercept model (RI)",1,20,2.25,"CPF",20,11.0383224015095,0.185081976486646,10.6755617275957,11.4010830754234,"20","Var(a) = 2.25"
"Random-intercept model (RI)",1,20,2.25,"OBS",20,11.0300173866806,0.18425631911355,10.6688750012181,11.3911597721432,"20","Var(a) = 2.25"
"Random-intercept model (RI)",1,20,2.25,"LM",20,11.0266688017857,0.184089984241466,10.6658524326724,11.387485170899,"20","Var(a) = 2.25"
"Random-intercept model (RI)",1,50,2.25,"ORACLE",20,9.0555019854831,0.0514953466516412,8.95457110604589,9.15643286492032,"50","Var(a) = 2.25"
"Random-intercept model (RI)",1,50,2.25,"CIRG",20,10.9992465874852,0.105027193209961,10.7933932887937,11.2050998861767,"50","Var(a) = 2.25"
"Random-intercept model (RI)",1,50,2.25,"KM",20,10.9991959197915,0.105018248046024,10.7933601536213,11.2050316859617,"50","Var(a) = 2.25"
"Random-intercept model (RI)",1,50,2.25,"BLM",20,11.0446090703537,0.10663599496382,10.8356025202246,11.2536156204828,"50","Var(a) = 2.25"
"Random-intercept model (RI)",1,50,2.25,"CPF",20,11.0167034474945,0.106523156055964,10.8079180616248,11.2254888333642,"50","Var(a) = 2.25"
"Random-intercept model (RI)",1,50,2.25,"OBS",20,10.9998466628709,0.105006277799921,10.7940343583831,11.2056589673588,"50","Var(a) = 2.25"
"Random-intercept model (RI)",1,50,2.25,"LM",20,10.9991692829001,0.105023314417394,10.793323586642,11.2050149791582,"50","Var(a) = 2.25"
"Random-slope model (RS)",1,10,0.5,"ORACLE",20,9.35935874044658,0.0588989061886604,9.24391688431681,9.47480059657636,"10","Var(a) = 0.50"
"Random-slope model (RS)",1,10,0.5,"CIRG",20,10.8515036814669,0.0923299843576858,10.6705369121258,11.0324704508079,"10","Var(a) = 0.50"
"Random-slope model (RS)",1,10,0.5,"KM",20,10.8518440204214,0.0922906327388973,10.6709543802532,11.0327336605897,"10","Var(a) = 0.50"
"Random-slope model (RS)",1,10,0.5,"BLM",20,10.8514591804648,0.092416769454895,10.6703223123332,11.0325960485963,"10","Var(a) = 0.50"
"Random-slope model (RS)",1,10,0.5,"CPF",20,10.8558735649854,0.0926060465891055,10.6743657136708,11.0373814163001,"10","Var(a) = 0.50"
"Random-slope model (RS)",1,10,0.5,"OBS",20,10.8550437061678,0.092611420146793,10.67352532268,11.0365620896555,"10","Var(a) = 0.50"
"Random-slope model (RS)",1,10,0.5,"LM",20,10.8514591804648,0.0924167694548949,10.6703223123332,11.0325960485963,"10","Var(a) = 0.50"
"Random-slope model (RS)",1,20,0.5,"ORACLE",20,9.66530976604543,0.0480836536516479,9.5710658048882,9.75955372720266,"20","Var(a) = 0.50"
"Random-slope model (RS)",1,20,0.5,"CIRG",20,11.026046290372,0.0686618916049123,10.8914689828264,11.1606235979176,"20","Var(a) = 0.50"
"Random-slope model (RS)",1,20,0.5,"KM",20,11.0253976667708,0.0687144570465548,10.8907173309596,11.1600780025821,"20","Var(a) = 0.50"
"Random-slope model (RS)",1,20,0.5,"BLM",20,11.0241705193457,0.0688037681151344,10.88931513384,11.1590259048513,"20","Var(a) = 0.50"
"Random-slope model (RS)",1,20,0.5,"CPF",20,11.0316248446518,0.06788357517376,10.8985730373112,11.1646766519923,"20","Var(a) = 0.50"
"Random-slope model (RS)",1,20,0.5,"OBS",20,11.0252100359423,0.0681133888937323,10.8917077937106,11.158712278174,"20","Var(a) = 0.50"
"Random-slope model (RS)",1,20,0.5,"LM",20,11.0241705193457,0.0688037681151344,10.88931513384,11.1590259048513,"20","Var(a) = 0.50"
"Random-slope model (RS)",1,50,0.5,"ORACLE",20,10.1306152451683,0.0585374571442805,10.0158818291655,10.2453486611711,"50","Var(a) = 0.50"
"Random-slope model (RS)",1,50,0.5,"CIRG",20,11.0882224592901,0.0604184999112402,10.969802199464,11.2066427191161,"50","Var(a) = 0.50"
"Random-slope model (RS)",1,50,0.5,"KM",20,11.0888098566781,0.0602562301853562,10.9707076455148,11.2069120678414,"50","Var(a) = 0.50"
"Random-slope model (RS)",1,50,0.5,"BLM",20,11.0883074890281,0.0602922649690169,10.9701346496889,11.2064803283674,"50","Var(a) = 0.50"
"Random-slope model (RS)",1,50,0.5,"CPF",20,11.1080248825747,0.0612885379882872,10.9878993481177,11.2281504170318,"50","Var(a) = 0.50"
"Random-slope model (RS)",1,50,0.5,"OBS",20,11.0925613030055,0.0610258595562844,10.9729506182752,11.2121719877358,"50","Var(a) = 0.50"
"Random-slope model (RS)",1,50,0.5,"LM",20,11.0883074890281,0.0602922649690169,10.9701346496889,11.2064803283674,"50","Var(a) = 0.50"
"Random-slope model (RS)",1,10,2.25,"ORACLE",20,9.35943101777223,0.0588144761598309,9.24415464449896,9.4747073910455,"10","Var(a) = 2.25"
"Random-slope model (RS)",1,10,2.25,"CIRG",20,12.3263597944841,0.228536300263439,11.8784286459677,12.7742909430004,"10","Var(a) = 2.25"
"Random-slope model (RS)",1,10,2.25,"KM",20,12.3266530990012,0.228371656300074,11.8790446526531,12.7742615453494,"10","Var(a) = 2.25"
"Random-slope model (RS)",1,10,2.25,"BLM",20,12.3261234248212,0.228581053706048,11.8781045595574,12.7741422900851,"10","Var(a) = 2.25"
"Random-slope model (RS)",1,10,2.25,"CPF",20,12.3312488669779,0.228689715079284,11.8830170254225,12.7794807085333,"10","Var(a) = 2.25"
"Random-slope model (RS)",1,10,2.25,"OBS",20,12.3305440822389,0.22883223637981,11.8820328989344,12.7790552655433,"10","Var(a) = 2.25"
"Random-slope model (RS)",1,10,2.25,"LM",20,12.3261234248212,0.228581053706048,11.8781045595574,12.7741422900851,"10","Var(a) = 2.25"
"Random-slope model (RS)",1,20,2.25,"ORACLE",20,9.6648932993074,0.0481462006669148,9.57052674600024,9.75925985261455,"20","Var(a) = 2.25"
"Random-slope model (RS)",1,20,2.25,"CIRG",20,12.6732396649912,0.178077146556191,12.324208457741,13.0222708722413,"20","Var(a) = 2.25"
"Random-slope model (RS)",1,20,2.25,"KM",20,12.6725470528322,0.17825002712309,12.3231769996709,13.0219171059935,"20","Var(a) = 2.25"
"Random-slope model (RS)",1,20,2.25,"BLM",20,12.6718266282926,0.178275953215529,12.3224057599902,13.0212474965951,"20","Var(a) = 2.25"
"Random-slope model (RS)",1,20,2.25,"CPF",20,12.6802850575703,0.177862000773021,12.3316755360552,13.0288945790854,"20","Var(a) = 2.25"
"Random-slope model (RS)",1,20,2.25,"OBS",20,12.6730293334722,0.177500729403321,12.3251279038417,13.0209307631027,"20","Var(a) = 2.25"
"Random-slope model (RS)",1,20,2.25,"LM",20,12.6718266282926,0.178275953215529,12.3224057599902,13.0212474965951,"20","Var(a) = 2.25"
"Random-slope model (RS)",1,50,2.25,"ORACLE",20,10.1408100645738,0.0588490663304078,10.0254658945662,10.2561542345814,"50","Var(a) = 2.25"
"Random-slope model (RS)",1,50,2.25,"CIRG",20,12.622752707031,0.114984837675575,12.3973824251869,12.8481229888751,"50","Var(a) = 2.25"
"Random-slope model (RS)",1,50,2.25,"KM",20,12.6237743907359,0.115117294116295,12.3981444942679,12.8494042872038,"50","Var(a) = 2.25"
"Random-slope model (RS)",1,50,2.25,"BLM",20,12.6227069816758,0.114943258682042,12.397418194659,12.8479957686926,"50","Var(a) = 2.25"
"Random-slope model (RS)",1,50,2.25,"CPF",20,12.6515837667759,0.115493902669543,12.4252157175436,12.8779518160082,"50","Var(a) = 2.25"
"Random-slope model (RS)",1,50,2.25,"OBS",20,12.6267921880036,0.115505712073498,12.4004009923396,12.8531833836677,"50","Var(a) = 2.25"
"Random-slope model (RS)",1,50,2.25,"LM",20,12.6227069816758,0.114943258682042,12.397418194659,12.8479957686926,"50","Var(a) = 2.25"
"Random-intercept model (RI)",2,10,0.5,"ORACLE",20,8.98772770238404,0.0542755629426908,8.88134759901637,9.09410780575171,"10","Var(a) = 0.50"
"Random-intercept model (RI)",2,10,0.5,"CIRG",20,9.39343522268352,0.082804462415403,9.23113847634933,9.55573196901771,"10","Var(a) = 0.50"
"Random-intercept model (RI)",2,10,0.5,"KM",20,9.39344260191928,0.0828209863425947,9.2311134686878,9.55577173515077,"10","Var(a) = 0.50"
"Random-intercept model (RI)",2,10,0.5,"BLM",20,9.39561402973467,0.0827556272876932,9.23341300025079,9.55781505921854,"10","Var(a) = 0.50"
"Random-intercept model (RI)",2,10,0.5,"CPF",20,9.39467814363178,0.0827611055208879,9.23246637681084,9.55688991045272,"10","Var(a) = 0.50"
"Random-intercept model (RI)",2,10,0.5,"OBS",20,9.39396130947743,0.0828364187699875,9.23160192868825,9.5563206902666,"10","Var(a) = 0.50"
"Random-intercept model (RI)",2,10,0.5,"LM",20,9.39341581640016,0.082810608295834,9.23110702414032,9.55572460865999,"10","Var(a) = 0.50"
"Random-intercept model (RI)",2,20,0.5,"ORACLE",20,9.01732178472959,0.0538638211030618,8.91174869536759,9.12289487409159,"20","Var(a) = 0.50"
"Random-intercept model (RI)",2,20,0.5,"CIRG",20,9.44568156427588,0.0708517488324571,9.30681213656427,9.5845509919875,"20","Var(a) = 0.50"
"Random-intercept model (RI)",2,20,0.5,"KM",20,9.44609683850054,0.0707112962214526,9.30750269790649,9.58469097909459,"20","Var(a) = 0.50"
"Random-intercept model (RI)",2,20,0.5,"BLM",20,9.46374517633342,0.0716690876090779,9.32327376461963,9.60421658804722,"20","Var(a) = 0.50"
"Random-intercept model (RI)",2,20,0.5,"CPF",20,9.45651809722996,0.0712921580940578,9.3167854673656,9.59625072709431,"20","Var(a) = 0.50"
"Random-intercept model (RI)",2,20,0.5,"OBS",20,9.44868676764591,0.0707909417875907,9.30993652174223,9.58743701354958,"20","Var(a) = 0.50"
"Random-intercept model (RI)",2,20,0.5,"LM",20,9.44606739039014,0.0707215359116517,9.3074531800033,9.58468160077697,"20","Var(a) = 0.50"
"Random-intercept model (RI)",2,50,0.5,"ORACLE",20,9.0419666238535,0.0497327737716518,8.94449038726106,9.13944286044594,"50","Var(a) = 0.50"
"Random-intercept model (RI)",2,50,0.5,"CIRG",20,9.43669744421532,0.0498497193450812,9.33899199429896,9.53440289413168,"50","Var(a) = 0.50"
"Random-intercept model (RI)",2,50,0.5,"KM",20,9.43664241061158,0.0498636165152952,9.3389097222416,9.53437509898156,"50","Var(a) = 0.50"
"Random-intercept model (RI)",2,50,0.5,"BLM",20,9.47963518889377,0.0502262007028604,9.38119183551616,9.57807854227137,"50","Var(a) = 0.50"
"Random-intercept model (RI)",2,50,0.5,"CPF",20,9.4493569324206,0.0503642476247854,9.35064300707602,9.54807085776518,"50","Var(a) = 0.50"
"Random-intercept model (RI)",2,50,0.5,"OBS",20,9.43765956577514,0.049748484677622,9.340152535807,9.53516659574328,"50","Var(a) = 0.50"
"Random-intercept model (RI)",2,50,0.5,"LM",20,9.43669295806656,0.0498519465345327,9.33898314285887,9.53440277327424,"50","Var(a) = 0.50"
"Random-intercept model (RI)",2,10,2.25,"ORACLE",20,8.98766600223563,0.0542906752167523,8.8812562788108,9.09407572566047,"10","Var(a) = 2.25"
"Random-intercept model (RI)",2,10,2.25,"CIRG",20,10.8378979927671,0.225710675155118,10.395505069463,11.2802909160711,"10","Var(a) = 2.25"
"Random-intercept model (RI)",2,10,2.25,"KM",20,10.8379040579987,0.225732736237496,10.3954678949732,11.2803402210242,"10","Var(a) = 2.25"
"Random-intercept model (RI)",2,10,2.25,"BLM",20,10.8402377081407,0.225689921295801,10.3978854624009,11.2825899538805,"10","Var(a) = 2.25"
"Random-intercept model (RI)",2,10,2.25,"CPF",20,10.8391905415918,0.225720688805313,10.3967779915334,11.2816030916502,"10","Var(a) = 2.25"
"Random-intercept model (RI)",2,10,2.25,"OBS",20,10.83841805082,0.225756795617372,10.39593473141,11.2809013702301,"10","Var(a) = 2.25"
"Random-intercept model (RI)",2,10,2.25,"LM",20,10.8378806426613,0.225721500566159,10.3954665015516,11.280294783771,"10","Var(a) = 2.25"
"Random-intercept model (RI)",2,20,2.25,"ORACLE",20,9.01889037261073,0.0541509462483576,8.91275451796395,9.1250262272575,"20","Var(a) = 2.25"
"Random-intercept model (RI)",2,20,2.25,"CIRG",20,11.0396443428784,0.182200333805253,10.6825316886201,11.3967569971367,"20","Var(a) = 2.25"
"Random-intercept model (RI)",2,20,2.25,"KM",20,11.0399472244845,0.182150087090184,10.6829330537877,11.3969613951812,"20","Var(a) = 2.25"
"Random-intercept model (RI)",2,20,2.25,"BLM",20,11.0626395644756,0.183377222003043,10.7032202093496,11.4220589196015,"20","Var(a) = 2.25"
"Random-intercept model (RI)",2,20,2.25,"CPF",20,11.0541297600799,0.183025419175454,10.695399938496,11.4128595816638,"20","Var(a) = 2.25"
"Random-intercept model (RI)",2,20,2.25,"OBS",20,11.0430331879902,0.182287503016532,10.6857496820778,11.4003166939026,"20","Var(a) = 2.25"
"Random-intercept model (RI)",2,20,2.25,"LM",20,11.0399107552954,0.182166060094188,10.6828652775108,11.39695623308,"20","Var(a) = 2.25"
"Random-intercept model (RI)",2,50,2.25,"ORACLE",20,9.04730245769419,0.0501356286477212,8.94903662554466,9.14556828984372,"50","Var(a) = 2.25"
"Random-intercept model (RI)",2,50,2.25,"CIRG",20,11.0022041995993,0.109355935483322,10.787866566052,11.2165418331466,"50","Var(a) = 2.25"
"Random-intercept model (RI)",2,50,2.25,"KM",20,11.0022154770092,0.109356727078596,10.7878762919351,11.2165546620832,"50","Var(a) = 2.25"
"Random-intercept model (RI)",2,50,2.25,"BLM",20,11.0520142398125,0.111595608022564,10.8332868480883,11.2707416315367,"50","Var(a) = 2.25"
"Random-intercept model (RI)",2,50,2.25,"CPF",20,11.0272324860372,0.111460137587958,10.8087706163648,11.2456943557096,"50","Var(a) = 2.25"
"Random-intercept model (RI)",2,50,2.25,"OBS",20,11.0033471710888,0.109390197749406,10.7889423835,11.2177519586777,"50","Var(a) = 2.25"
"Random-intercept model (RI)",2,50,2.25,"LM",20,11.0021894983722,0.109364947045529,10.787834202163,11.2165447945815,"50","Var(a) = 2.25"
"Random-slope model (RS)",2,10,0.5,"ORACLE",20,9.4336191400584,0.0547658020319264,9.32627816807582,9.54096011204097,"10","Var(a) = 0.50"
"Random-slope model (RS)",2,10,0.5,"CIRG",20,13.6579323379644,0.123940969939039,13.4150080368839,13.900856639045,"10","Var(a) = 0.50"
"Random-slope model (RS)",2,10,0.5,"KM",20,13.6584950541946,0.124072532473486,13.4153128905465,13.9016772178426,"10","Var(a) = 0.50"
"Random-slope model (RS)",2,10,0.5,"BLM",20,13.6571276506983,0.123860182263386,13.4143616934621,13.8998936079345,"10","Var(a) = 0.50"
"Random-slope model (RS)",2,10,0.5,"CPF",20,13.6622529128227,0.123098245841405,13.4209803509736,13.9035254746719,"10","Var(a) = 0.50"
"Random-slope model (RS)",2,10,0.5,"OBS",20,13.6605577414716,0.123390691476414,13.4187119861778,13.9024034967654,"10","Var(a) = 0.50"
"Random-slope model (RS)",2,10,0.5,"LM",20,13.6571276506983,0.123860182263386,13.4143616934621,13.8998936079345,"10","Var(a) = 0.50"
"Random-slope model (RS)",2,20,0.5,"ORACLE",20,9.89004331689784,0.0483612689033622,9.79525522984725,9.98483140394843,"20","Var(a) = 0.50"
"Random-slope model (RS)",2,20,0.5,"CIRG",20,14.2227709380516,0.104750447365728,14.0174600612147,14.4280818148884,"20","Var(a) = 0.50"
"Random-slope model (RS)",2,20,0.5,"KM",20,14.2223249320006,0.105083942628211,14.0163604044494,14.4282894595519,"20","Var(a) = 0.50"
"Random-slope model (RS)",2,20,0.5,"BLM",20,14.2221353095126,0.105199008875273,14.0159452521171,14.4283253669082,"20","Var(a) = 0.50"
"Random-slope model (RS)",2,20,0.5,"CPF",20,14.231947335948,0.105644631509302,14.0248838581897,14.4390108137062,"20","Var(a) = 0.50"
"Random-slope model (RS)",2,20,0.5,"OBS",20,14.2274437148957,0.105771806347952,14.0201309744538,14.4347564553377,"20","Var(a) = 0.50"
"Random-slope model (RS)",2,20,0.5,"LM",20,14.2221353095126,0.105199008875273,14.0159452521171,14.4283253669082,"20","Var(a) = 0.50"
"Random-slope model (RS)",2,50,0.5,"ORACLE",20,10.7316778199642,0.0584326939552773,10.6171497398119,10.8462059001165,"50","Var(a) = 0.50"
"Random-slope model (RS)",2,50,0.5,"CIRG",20,14.2169559076055,0.0835037332957747,14.0532885903458,14.3806232248652,"50","Var(a) = 0.50"
"Random-slope model (RS)",2,50,0.5,"KM",20,14.2161531117533,0.0833514766199567,14.0527842175782,14.3795220059284,"50","Var(a) = 0.50"
"Random-slope model (RS)",2,50,0.5,"BLM",20,14.2170093288444,0.0835239563372267,14.0533023744234,14.3807162832653,"50","Var(a) = 0.50"
"Random-slope model (RS)",2,50,0.5,"CPF",20,14.246516652891,0.0818098565242577,14.0861693341034,14.4068639716785,"50","Var(a) = 0.50"
"Random-slope model (RS)",2,50,0.5,"OBS",20,14.2309640692887,0.0809372720062582,14.0723270161565,14.389601122421,"50","Var(a) = 0.50"
"Random-slope model (RS)",2,50,0.5,"LM",20,14.2170093288444,0.0835239563372268,14.0533023744234,14.3807162832653,"50","Var(a) = 0.50"
"Random-slope model (RS)",2,10,2.25,"ORACLE",20,9.43314092126438,0.0549226079196533,9.32549260974186,9.5407892327869,"10","Var(a) = 2.25"
"Random-slope model (RS)",2,10,2.25,"CIRG",20,15.1366255776049,0.252276760761974,14.6421631265114,15.6310880286983,"10","Var(a) = 2.25"
"Random-slope model (RS)",2,10,2.25,"KM",20,15.13768432908,0.25267878294938,14.6424339144992,15.6329347436608,"10","Var(a) = 2.25"
"Random-slope model (RS)",2,10,2.25,"BLM",20,15.1356584860489,0.251990981179949,14.6417561629362,15.6295608091616,"10","Var(a) = 2.25"
"Random-slope model (RS)",2,10,2.25,"CPF",20,15.139846996029,0.251425956873508,14.6470521205569,15.6326418715011,"10","Var(a) = 2.25"
"Random-slope model (RS)",2,10,2.25,"OBS",20,15.1399677188707,0.251743675261127,14.6465501153589,15.6333853223825,"10","Var(a) = 2.25"
"Random-slope model (RS)",2,10,2.25,"LM",20,15.1356584860489,0.251990981179949,14.6417561629362,15.6295608091616,"10","Var(a) = 2.25"
"Random-slope model (RS)",2,20,2.25,"ORACLE",20,9.89043460371267,0.0484017012609782,9.79556726924116,9.98530193818419,"20","Var(a) = 2.25"
"Random-slope model (RS)",2,20,2.25,"CIRG",20,15.8564618428759,0.179642791852979,15.504361970844,16.2085617149077,"20","Var(a) = 2.25"
"Random-slope model (RS)",2,20,2.25,"KM",20,15.8562140478587,0.179918932285648,15.5035729405788,16.2088551551385,"20","Var(a) = 2.25"
"Random-slope model (RS)",2,20,2.25,"BLM",20,15.8558690674512,0.179951286226105,15.503164546448,16.2085735884544,"20","Var(a) = 2.25"
"Random-slope model (RS)",2,20,2.25,"CPF",20,15.8691315469709,0.180285257961234,15.5157724413669,16.222490652575,"20","Var(a) = 2.25"
"Random-slope model (RS)",2,20,2.25,"OBS",20,15.8623802440302,0.180352920683281,15.508888519491,16.2158719685694,"20","Var(a) = 2.25"
"Random-slope model (RS)",2,20,2.25,"LM",20,15.8558690674512,0.179951286226106,15.503164546448,16.2085735884544,"20","Var(a) = 2.25"
"Random-slope model (RS)",2,50,2.25,"ORACLE",20,10.7468347773542,0.0583103803782077,10.6325464318129,10.8611231228955,"50","Var(a) = 2.25"
"Random-slope model (RS)",2,50,2.25,"CIRG",20,15.7684339571172,0.144828167005763,15.4845707497859,16.0522971644485,"50","Var(a) = 2.25"
"Random-slope model (RS)",2,50,2.25,"KM",20,15.7675045961193,0.144687709129534,15.4839166862254,16.0510925060131,"50","Var(a) = 2.25"
"Random-slope model (RS)",2,50,2.25,"BLM",20,15.7682775409938,0.144728148653866,15.4846103696322,16.0519447123554,"50","Var(a) = 2.25"
"Random-slope model (RS)",2,50,2.25,"CPF",20,15.7963344002629,0.143443056162591,15.5151860101842,16.0774827903416,"50","Var(a) = 2.25"
"Random-slope model (RS)",2,50,2.25,"OBS",20,15.78257105653,0.142862126307985,15.5025612889664,16.0625808240937,"50","Var(a) = 2.25"
"Random-slope model (RS)",2,50,2.25,"LM",20,15.7682775409938,0.144728148653866,15.4846103696322,16.0519447123554,"50","Var(a) = 2.25"
"Random-intercept model (RI)",3,10,0.5,"ORACLE",20,8.99990671736231,0.0557346327640184,8.89066683714484,9.10914659757979,"10","Var(a) = 0.50"
"Random-intercept model (RI)",3,10,0.5,"CIRG",20,9.34345962972939,0.0781549822860209,9.19027586444879,9.49664339500999,"10","Var(a) = 0.50"
"Random-intercept model (RI)",3,10,0.5,"KM",20,9.34869856813576,0.0786100302854033,9.19462290877637,9.50277422749515,"10","Var(a) = 0.50"
"Random-intercept model (RI)",3,10,0.5,"BLM",20,9.35319333863214,0.0785777139039221,9.19918101938045,9.50720565788382,"10","Var(a) = 0.50"
"Random-intercept model (RI)",3,10,0.5,"CPF",20,9.35222310100027,0.0786094551861136,9.19814856883549,9.50629763316506,"10","Var(a) = 0.50"
"Random-intercept model (RI)",3,10,0.5,"OBS",20,9.3515977046782,0.0786313594476332,9.19748024016084,9.50571516919556,"10","Var(a) = 0.50"
"Random-intercept model (RI)",3,10,0.5,"LM",20,9.35101856248451,0.0786313645813484,9.19690108790506,9.50513603706395,"10","Var(a) = 0.50"
"Random-intercept model (RI)",3,20,0.5,"ORACLE",20,9.00672975211862,0.0528020664896729,8.90323770179887,9.11022180243838,"20","Var(a) = 0.50"
"Random-intercept model (RI)",3,20,0.5,"CIRG",20,9.37280583303905,0.0662690915428888,9.24291841361499,9.50269325246312,"20","Var(a) = 0.50"
"Random-intercept model (RI)",3,20,0.5,"KM",20,9.39279739574651,0.0672370641851056,9.2610127499437,9.52458204154932,"20","Var(a) = 0.50"
"Random-intercept model (RI)",3,20,0.5,"BLM",20,9.42466442255683,0.0695767914251042,9.28829391136363,9.56103493375003,"20","Var(a) = 0.50"
"Random-intercept model (RI)",3,20,0.5,"CPF",20,9.41765427516494,0.06928164051804,9.28186225974958,9.5534462905803,"20","Var(a) = 0.50"
"Random-intercept model (RI)",3,20,0.5,"OBS",20,9.41052282848402,0.0687442945279306,9.27578401120928,9.54526164575877,"20","Var(a) = 0.50"
"Random-intercept model (RI)",3,20,0.5,"LM",20,9.40757940199772,0.0685852680516126,9.27315227661656,9.54200652737888,"20","Var(a) = 0.50"
"Random-intercept model (RI)",3,50,0.5,"ORACLE",20,9.04948657709779,0.0509959000140825,8.94953461307019,9.14943854112539,"50","Var(a) = 0.50"
"Random-intercept model (RI)",3,50,0.5,"CIRG",20,9.41077966355154,0.0500354624638834,9.31271015712232,9.50884916998075,"50","Var(a) = 0.50"
"Random-intercept model (RI)",3,50,0.5,"KM",20,9.40178391472025,0.0493842855558132,9.30499071503086,9.49857711440965,"50","Var(a) = 0.50"
"Random-intercept model (RI)",3,50,0.5,"BLM",20,9.46671112590725,0.0494807357430449,9.36972888385088,9.56369336796362,"50","Var(a) = 0.50"
"Random-intercept model (RI)",3,50,0.5,"CPF",20,9.44028643628964,0.0500136965114819,9.34225959112713,9.53831328145214,"50","Var(a) = 0.50"
"Random-intercept model (RI)",3,50,0.5,"OBS",20,9.42602804057135,0.0497054243435698,9.32860540885796,9.52345067228475,"50","Var(a) = 0.50"
"Random-intercept model (RI)",3,50,0.5,"LM",20,9.42548383008517,0.0498334458577598,9.32781027620396,9.52315738396638,"50","Var(a) = 0.50"
"Random-intercept model (RI)",3,10,2.25,"ORACLE",20,9.0000643544053,0.0557485796817614,8.89079713822905,9.10933157058156,"10","Var(a) = 2.25"
"Random-intercept model (RI)",3,10,2.25,"CIRG",20,10.5731480756171,0.192007716117355,10.1968129520271,10.9494831992071,"10","Var(a) = 2.25"
"Random-intercept model (RI)",3,10,2.25,"KM",20,10.5956332697621,0.195904897537916,10.2116596705878,10.9796068689364,"10","Var(a) = 2.25"
"Random-intercept model (RI)",3,10,2.25,"BLM",20,10.6180669752039,0.196375070014501,10.2331718379755,11.0029621124323,"10","Var(a) = 2.25"
"Random-intercept model (RI)",3,10,2.25,"CPF",20,10.6170126611496,0.196391471212418,10.2320853775733,11.0019399447259,"10","Var(a) = 2.25"
"Random-intercept model (RI)",3,10,2.25,"OBS",20,10.6161934197175,0.196406457565214,10.2312367628897,11.0011500765453,"10","Var(a) = 2.25"
"Random-intercept model (RI)",3,10,2.25,"LM",20,10.6155123058288,0.196387354238313,10.2305930915217,11.0004315201359,"10","Var(a) = 2.25"
"Random-intercept model (RI)",3,20,2.25,"ORACLE",20,9.00781480338894,0.0530096482508022,8.90391589281737,9.11171371396051,"20","Var(a) = 2.25"
"Random-intercept model (RI)",3,20,2.25,"CIRG",20,10.7211241434098,0.158464653627511,10.4105334222998,11.0317148645197,"20","Var(a) = 2.25"
"Random-intercept model (RI)",3,20,2.25,"KM",20,10.8230524307185,0.158560718980653,10.5122734215164,11.1338314399206,"20","Var(a) = 2.25"
"Random-intercept model (RI)",3,20,2.25,"BLM",20,10.9139831403936,0.170456578248179,10.5798882470272,11.2480780337601,"20","Var(a) = 2.25"
"Random-intercept model (RI)",3,20,2.25,"CPF",20,10.903052022485,0.169743143847925,10.5703554605431,11.2357485844269,"20","Var(a) = 2.25"
"Random-intercept model (RI)",3,20,2.25,"OBS",20,10.8947461398946,0.169128923412798,10.5632534500055,11.2262388297836,"20","Var(a) = 2.25"
"Random-intercept model (RI)",3,20,2.25,"LM",20,10.8913607233171,0.168979201523823,10.5601614883304,11.2225599583038,"20","Var(a) = 2.25"
"Random-intercept model (RI)",3,50,2.25,"ORACLE",20,9.05521325954935,0.0512561651494905,8.95475117585635,9.15567534324235,"50","Var(a) = 2.25"
"Random-intercept model (RI)",3,50,2.25,"CIRG",20,10.8394660977207,0.0999401258169352,10.6435834511195,11.0353487443219,"50","Var(a) = 2.25"
"Random-intercept model (RI)",3,50,2.25,"KM",20,10.7862435333626,0.0999350681112063,10.5903707998646,10.9821162668606,"50","Var(a) = 2.25"
"Random-intercept model (RI)",3,50,2.25,"BLM",20,10.9728101421196,0.103369009205051,10.7702068840777,11.1754134001615,"50","Var(a) = 2.25"
"Random-intercept model (RI)",3,50,2.25,"CPF",20,10.9473430493643,0.103070730783496,10.7453244170287,11.1493616817,"50","Var(a) = 2.25"
"Random-intercept model (RI)",3,50,2.25,"OBS",20,10.9286429960438,0.101581229574541,10.7295437860777,11.1277422060099,"50","Var(a) = 2.25"
"Random-intercept model (RI)",3,50,2.25,"LM",20,10.9278447150463,0.101554582229649,10.7287977338761,11.1268916962164,"50","Var(a) = 2.25"
"Random-slope model (RS)",3,10,0.5,"ORACLE",20,9.35553771948016,0.0583772681125521,9.24111827397956,9.46995716498076,"10","Var(a) = 0.50"
"Random-slope model (RS)",3,10,0.5,"CIRG",20,10.9604726043603,0.128915662535567,10.7077979057905,11.21314730293,"10","Var(a) = 0.50"
"Random-slope model (RS)",3,10,0.5,"KM",20,10.9620070422827,0.128899816040054,10.7093634028442,11.2146506817212,"10","Var(a) = 0.50"
"Random-slope model (RS)",3,10,0.5,"BLM",20,11.0712951327234,0.130947870992948,10.8146373055772,11.3279529598696,"10","Var(a) = 0.50"
"Random-slope model (RS)",3,10,0.5,"CPF",20,11.0774003279547,0.130883035435908,10.8208695785003,11.3339310774091,"10","Var(a) = 0.50"
"Random-slope model (RS)",3,10,0.5,"OBS",20,11.0764250537028,0.130818291685925,10.8200212019984,11.3328289054072,"10","Var(a) = 0.50"
"Random-slope model (RS)",3,10,0.5,"LM",20,11.0712951327234,0.130947870992948,10.8146373055772,11.3279529598696,"10","Var(a) = 0.50"
"Random-slope model (RS)",3,20,0.5,"ORACLE",20,9.65930569618417,0.04811399097853,9.56500227386625,9.75360911850209,"20","Var(a) = 0.50"
"Random-slope model (RS)",3,20,0.5,"CIRG",20,11.2257084108137,0.0913897972043523,11.0465844082932,11.4048324133343,"20","Var(a) = 0.50"
"Random-slope model (RS)",3,20,0.5,"KM",20,11.3166906853397,0.0951725127899183,11.1301525602715,11.503228810408,"20","Var(a) = 0.50"
"Random-slope model (RS)",3,20,0.5,"BLM",20,11.4460151276512,0.0973466458721234,11.2552157017418,11.6368145535605,"20","Var(a) = 0.50"
"Random-slope model (RS)",3,20,0.5,"CPF",20,11.4542101263276,0.0964790642791353,11.2651111603405,11.6433090923147,"20","Var(a) = 0.50"
"Random-slope model (RS)",3,20,0.5,"OBS",20,11.4500822537237,0.0966264165167844,11.2606944773508,11.6394700300966,"20","Var(a) = 0.50"
"Random-slope model (RS)",3,20,0.5,"LM",20,11.4460151276512,0.0973466458721235,11.2552157017418,11.6368145535605,"20","Var(a) = 0.50"
"Random-slope model (RS)",3,50,0.5,"ORACLE",20,10.1221737395728,0.0574982364221149,10.0094771961855,10.2348702829602,"50","Var(a) = 0.50"
"Random-slope model (RS)",3,50,0.5,"CIRG",20,15.0154100892538,0.328234842373946,14.3720697982009,15.6587503803067,"50","Var(a) = 0.50"
"Random-slope model (RS)",3,50,0.5,"KM",20,14.7518563081706,0.32455317852138,14.1157320782687,15.3879805380725,"50","Var(a) = 0.50"
"Random-slope model (RS)",3,50,0.5,"BLM",20,15.5401272149339,0.361045528297147,14.8324779794715,16.2477764503963,"50","Var(a) = 0.50"
"Random-slope model (RS)",3,50,0.5,"CPF",20,15.5607609873637,0.360113009083482,14.85493948956,16.2665824851673,"50","Var(a) = 0.50"
"Random-slope model (RS)",3,50,0.5,"OBS",20,15.5707194848035,0.360884959218678,14.8633849647349,16.2780540048722,"50","Var(a) = 0.50"
"Random-slope model (RS)",3,50,0.5,"LM",20,15.5401272149339,0.361045528297147,14.8324779794715,16.2477764503963,"50","Var(a) = 0.50"
"Random-slope model (RS)",3,10,2.25,"ORACLE",20,9.3576186806158,0.0585045338276189,9.24294979431367,9.47228756691793,"10","Var(a) = 2.25"
"Random-slope model (RS)",3,10,2.25,"CIRG",20,12.1490419116917,0.254835056413182,11.6495652011218,12.6485186222615,"10","Var(a) = 2.25"
"Random-slope model (RS)",3,10,2.25,"KM",20,12.1496937079919,0.255422339574958,11.649065922425,12.6503214935588,"10","Var(a) = 2.25"
"Random-slope model (RS)",3,10,2.25,"BLM",20,12.3520590474984,0.27318030834167,11.8166256431487,12.887492451848,"10","Var(a) = 2.25"
"Random-slope model (RS)",3,10,2.25,"CPF",20,12.3579264757703,0.27297543689753,11.8228946194511,12.8929583320894,"10","Var(a) = 2.25"
"Random-slope model (RS)",3,10,2.25,"OBS",20,12.3574797447835,0.273164752831863,11.822076829233,12.8928826603339,"10","Var(a) = 2.25"
"Random-slope model (RS)",3,10,2.25,"LM",20,12.3520590474984,0.27318030834167,11.8166256431487,12.887492451848,"10","Var(a) = 2.25"
"Random-slope model (RS)",3,20,2.25,"ORACLE",20,9.66170094447822,0.0481608289398586,9.5673057197561,9.75609616920034,"20","Var(a) = 2.25"
"Random-slope model (RS)",3,20,2.25,"CIRG",20,12.6328043346987,0.170801473218774,12.2980334471899,12.9675752222075,"20","Var(a) = 2.25"
"Random-slope model (RS)",3,20,2.25,"KM",20,12.7835337505943,0.179536168749077,12.4316428598461,13.1354246413425,"20","Var(a) = 2.25"
"Random-slope model (RS)",3,20,2.25,"BLM",20,13.0612232814179,0.160572736580239,12.7465007177206,13.3759458451151,"20","Var(a) = 2.25"
"Random-slope model (RS)",3,20,2.25,"CPF",20,13.0704544194151,0.159515503595293,12.7578040323683,13.3831048064619,"20","Var(a) = 2.25"
"Random-slope model (RS)",3,20,2.25,"OBS",20,13.0663585579365,0.159905621997451,12.7529435388215,13.3797735770515,"20","Var(a) = 2.25"
"Random-slope model (RS)",3,20,2.25,"LM",20,13.0612232814179,0.160572736580239,12.7465007177206,13.3759458451151,"20","Var(a) = 2.25"
"Random-slope model (RS)",3,50,2.25,"ORACLE",20,10.1299297693551,0.0575665627658686,10.017099306334,10.2427602323762,"50","Var(a) = 2.25"
"Random-slope model (RS)",3,50,2.25,"CIRG",20,16.5130470989858,0.329678148517759,15.866877927891,17.1592162700806,"50","Var(a) = 2.25"
"Random-slope model (RS)",3,50,2.25,"KM",20,16.1866934418948,0.321803326927936,15.555958921116,16.8174279626735,"50","Var(a) = 2.25"
"Random-slope model (RS)",3,50,2.25,"BLM",20,17.1569368487599,0.363725586623149,16.4440346989785,17.8698389985413,"50","Var(a) = 2.25"
"Random-slope model (RS)",3,50,2.25,"CPF",20,17.1741247374429,0.362686402579424,16.4632593883872,17.8849900864985,"50","Var(a) = 2.25"
"Random-slope model (RS)",3,50,2.25,"OBS",20,17.1892381018759,0.363370195200252,16.4770325192834,17.9014436844684,"50","Var(a) = 2.25"
"Random-slope model (RS)",3,50,2.25,"LM",20,17.1569368487599,0.363725586623149,16.4440346989785,17.8698389985413,"50","Var(a) = 2.25"
"Random-intercept model (RI)",4,10,0.5,"ORACLE",20,8.98767316912964,0.0543097572464585,8.88122604492658,9.0941202933327,"10","Var(a) = 0.50"
"Random-intercept model (RI)",4,10,0.5,"CIRG",20,9.31945214623807,0.0754686633856883,9.17153356600212,9.46737072647402,"10","Var(a) = 0.50"
"Random-intercept model (RI)",4,10,0.5,"KM",20,9.32847274365567,0.0758807285730032,9.17974651565259,9.47719897165876,"10","Var(a) = 0.50"
"Random-intercept model (RI)",4,10,0.5,"BLM",20,9.33613546163225,0.0767766783848553,9.18565317199793,9.48661775126657,"10","Var(a) = 0.50"
"Random-intercept model (RI)",4,10,0.5,"CPF",20,9.33522509571109,0.0767683154295772,9.18475919746912,9.48569099395306,"10","Var(a) = 0.50"
"Random-intercept model (RI)",4,10,0.5,"OBS",20,9.33436179506,0.0768388647994683,9.18375762005305,9.48496597006696,"10","Var(a) = 0.50"
"Random-intercept model (RI)",4,10,0.5,"LM",20,9.33358453379492,0.0768229445841428,9.18301156241,9.48415750517984,"10","Var(a) = 0.50"
"Random-intercept model (RI)",4,20,0.5,"ORACLE",20,9.01831175436394,0.0538943536496904,8.91267882121055,9.12394468751733,"20","Var(a) = 0.50"
"Random-intercept model (RI)",4,20,0.5,"CIRG",20,9.38028639640597,0.0652254586920587,9.25244449736954,9.50812829544241,"20","Var(a) = 0.50"
"Random-intercept model (RI)",4,20,0.5,"KM",20,9.35885444394101,0.0646143355436312,9.23221034627549,9.48549854160653,"20","Var(a) = 0.50"
"Random-intercept model (RI)",4,20,0.5,"BLM",20,9.43482884416798,0.069569547844921,9.29847253039194,9.57118515794403,"20","Var(a) = 0.50"
"Random-intercept model (RI)",4,20,0.5,"CPF",20,9.4280338770484,0.0691390399258883,9.29252135879366,9.56354639530315,"20","Var(a) = 0.50"
"Random-intercept model (RI)",4,20,0.5,"OBS",20,9.42033051156086,0.0686349950573813,9.28580592124839,9.55485510187333,"20","Var(a) = 0.50"
"Random-intercept model (RI)",4,20,0.5,"LM",20,9.41767635494579,0.0685322422534402,9.28335316012905,9.55199954976253,"20","Var(a) = 0.50"
"Random-intercept model (RI)",4,50,0.5,"ORACLE",20,9.04081251790426,0.0497087234298396,8.94338341998178,9.13824161582675,"50","Var(a) = 0.50"
"Random-intercept model (RI)",4,50,0.5,"CIRG",20,9.40102085131617,0.0493276374397836,9.3043386819342,9.49770302069815,"50","Var(a) = 0.50"
"Random-intercept model (RI)",4,50,0.5,"KM",20,9.38971646478712,0.048839329830156,9.29399137832002,9.48544155125423,"50","Var(a) = 0.50"
"Random-intercept model (RI)",4,50,0.5,"BLM",20,9.4607548481989,0.0504767154531401,9.36182048591075,9.55968921048706,"50","Var(a) = 0.50"
"Random-intercept model (RI)",4,50,0.5,"CPF",20,9.43315679973579,0.0504025525691086,9.33436779670034,9.53194580277125,"50","Var(a) = 0.50"
"Random-intercept model (RI)",4,50,0.5,"OBS",20,9.41981291584345,0.0499907316341355,9.32183108184054,9.51779474984635,"50","Var(a) = 0.50"
"Random-intercept model (RI)",4,50,0.5,"LM",20,9.41882479349516,0.050097700639522,9.3206333002417,9.51701628674863,"50","Var(a) = 0.50"
"Random-intercept model (RI)",4,10,2.25,"ORACLE",20,8.98780335582142,0.0542997656438073,8.88137581515956,9.09423089648328,"10","Var(a) = 2.25"
"Random-intercept model (RI)",4,10,2.25,"CIRG",20,10.4864521431976,0.183621783819161,10.126553446912,10.8463508394831,"10","Var(a) = 2.25"
"Random-intercept model (RI)",4,10,2.25,"KM",20,10.5375577379267,0.189323812348855,10.166483065723,10.9086324101305,"10","Var(a) = 2.25"
"Random-intercept model (RI)",4,10,2.25,"BLM",20,10.5833283045978,0.193448772547867,10.2041687104039,10.9624878987916,"10","Var(a) = 2.25"
"Random-intercept model (RI)",4,10,2.25,"CPF",20,10.582143922992,0.193518815373869,10.2028470448592,10.9614408011248,"10","Var(a) = 2.25"
"Random-intercept model (RI)",4,10,2.25,"OBS",20,10.5813309340767,0.193523983244293,10.2020239269179,10.9606379412355,"10","Var(a) = 2.25"
"Random-intercept model (RI)",4,10,2.25,"LM",20,10.580447188641,0.193543667980297,10.2011015993996,10.9597927778824,"10","Var(a) = 2.25"
"Random-intercept model (RI)",4,20,2.25,"ORACLE",20,9.01912298606034,0.054171779618254,8.91294629800856,9.12529967411212,"20","Var(a) = 2.25"
"Random-intercept model (RI)",4,20,2.25,"CIRG",20,10.7444494251259,0.151367469554287,10.4477691847995,11.0411296654523,"20","Var(a) = 2.25"
"Random-intercept model (RI)",4,20,2.25,"KM",20,10.618321242412,0.151922675968338,10.3205527975141,10.91608968731,"20","Var(a) = 2.25"
"Random-intercept model (RI)",4,20,2.25,"BLM",20,10.9203350861937,0.168440817604883,10.5901910836882,11.2504790886993,"20","Var(a) = 2.25"
"Random-intercept model (RI)",4,20,2.25,"CPF",20,10.9119679493751,0.167927323623154,10.5828303950738,11.2411055036765,"20","Var(a) = 2.25"
"Random-intercept model (RI)",4,20,2.25,"OBS",20,10.9016729632533,0.167347485734988,10.5736718912128,11.2296740352939,"20","Var(a) = 2.25"
"Random-intercept model (RI)",4,20,2.25,"LM",20,10.8986165577876,0.167249019603743,10.5708084793643,11.226424636211,"20","Var(a) = 2.25"
"Random-intercept model (RI)",4,50,2.25,"ORACLE",20,9.04640614422944,0.0501329639951103,8.94814553479902,9.14466675365985,"50","Var(a) = 2.25"
"Random-intercept model (RI)",4,50,2.25,"CIRG",20,10.8172126166907,0.104859936014454,10.6116871421024,11.0227380912791,"50","Var(a) = 2.25"
"Random-intercept model (RI)",4,50,2.25,"KM",20,10.7600904276009,0.102312090152969,10.5595587309011,10.9606221243008,"50","Var(a) = 2.25"
"Random-intercept model (RI)",4,50,2.25,"BLM",20,10.9742200215557,0.108019325525183,10.7625021435264,11.1859378995851,"50","Var(a) = 2.25"
"Random-intercept model (RI)",4,50,2.25,"CPF",20,10.948231172087,0.107551716821669,10.7374298071165,11.1590325370575,"50","Var(a) = 2.25"
"Random-intercept model (RI)",4,50,2.25,"OBS",20,10.9276980783313,0.106001407762267,10.7199353191173,11.1354608375453,"50","Var(a) = 2.25"
"Random-intercept model (RI)",4,50,2.25,"LM",20,10.9264155514755,0.105933958870821,10.7187849920887,11.1340461108623,"50","Var(a) = 2.25"
"Random-slope model (RS)",4,10,0.5,"ORACLE",20,9.43123871433888,0.0548507373863241,9.32373126906169,9.53874615961607,"10","Var(a) = 0.50"
"Random-slope model (RS)",4,10,0.5,"CIRG",20,17.132764232646,0.565638397633921,16.0241129732835,18.2414154920085,"10","Var(a) = 0.50"
"Random-slope model (RS)",4,10,0.5,"KM",20,17.2622765677234,0.580042139777038,16.1253939737604,18.3991591616864,"10","Var(a) = 0.50"
"Random-slope model (RS)",4,10,0.5,"BLM",20,18.0988531312927,0.597705285440722,16.9273507718289,19.2703554907565,"10","Var(a) = 0.50"
"Random-slope model (RS)",4,10,0.5,"CPF",20,18.1151133251486,0.598304511661012,16.942436482293,19.2877901680042,"10","Var(a) = 0.50"
"Random-slope model (RS)",4,10,0.5,"OBS",20,18.1151993334891,0.598411471984264,16.9423128483999,19.2880858185782,"10","Var(a) = 0.50"
"Random-slope model (RS)",4,10,0.5,"LM",20,18.0988531312927,0.597705285440721,16.9273507718289,19.2703554907565,"10","Var(a) = 0.50"
"Random-slope model (RS)",4,20,0.5,"ORACLE",20,9.88418895905818,0.0489325606915961,9.78828114010265,9.9800967780137,"20","Var(a) = 0.50"
"Random-slope model (RS)",4,20,0.5,"CIRG",20,18.8655665620423,0.781895419848533,17.3330515391392,20.3980815849454,"20","Var(a) = 0.50"
"Random-slope model (RS)",4,20,0.5,"KM",20,18.1111072832412,0.609281577105234,16.9169153921149,19.3052991743674,"20","Var(a) = 0.50"
"Random-slope model (RS)",4,20,0.5,"BLM",20,20.5169747085185,0.910384874349341,18.7326203547938,22.3013290622433,"20","Var(a) = 0.50"
"Random-slope model (RS)",4,20,0.5,"CPF",20,20.5400462569561,0.91001285985957,18.7564210516313,22.3236714622808,"20","Var(a) = 0.50"
"Random-slope model (RS)",4,20,0.5,"OBS",20,20.5409166394133,0.910984262304076,18.7553874852973,22.3264457935293,"20","Var(a) = 0.50"
"Random-slope model (RS)",4,20,0.5,"LM",20,20.5169747085185,0.910384874349342,18.7326203547938,22.3013290622433,"20","Var(a) = 0.50"
"Random-slope model (RS)",4,50,0.5,"ORACLE",20,10.7065467923584,0.0570396961994646,10.5947489878075,10.8183445969094,"50","Var(a) = 0.50"
"Random-slope model (RS)",4,50,0.5,"CIRG",20,71.8813355226273,5.05528664099418,61.9729737062787,81.7896973389759,"50","Var(a) = 0.50"
"Random-slope model (RS)",4,50,0.5,"KM",20,68.8940473401096,4.80618117384992,59.4739322393638,78.3141624408555,"50","Var(a) = 0.50"
"Random-slope model (RS)",4,50,0.5,"BLM",20,84.0531396710083,5.64862855905315,72.9818276952641,95.1244516467525,"50","Var(a) = 0.50"
"Random-slope model (RS)",4,50,0.5,"CPF",20,84.201029202723,5.67017415672287,73.0874878555462,95.3145705498998,"50","Var(a) = 0.50"
"Random-slope model (RS)",4,50,0.5,"OBS",20,84.3526248898558,5.654151491115,73.2704879672704,95.4347618124412,"50","Var(a) = 0.50"
"Random-slope model (RS)",4,50,0.5,"LM",20,84.0531396710084,5.64862855905316,72.9818276952642,95.1244516467526,"50","Var(a) = 0.50"
"Random-slope model (RS)",4,10,2.25,"ORACLE",20,9.43217263670349,0.0545970509986796,9.32516241674608,9.5391828566609,"10","Var(a) = 2.25"
"Random-slope model (RS)",4,10,2.25,"CIRG",20,18.1925564771573,0.726340677337104,16.7689287495766,19.616184204738,"10","Var(a) = 2.25"
"Random-slope model (RS)",4,10,2.25,"KM",20,18.3423628610303,0.750888899170207,16.8706206186567,19.8141051034039,"10","Var(a) = 2.25"
"Random-slope model (RS)",4,10,2.25,"BLM",20,19.3096618737202,0.7985983162979,17.7444091737763,20.8749145736641,"10","Var(a) = 2.25"
"Random-slope model (RS)",4,10,2.25,"CPF",20,19.3260625499745,0.800461818234482,17.7571573862349,20.8949677137141,"10","Var(a) = 2.25"
"Random-slope model (RS)",4,10,2.25,"OBS",20,19.3264758360363,0.800346186803347,17.7577973099018,20.8951543621709,"10","Var(a) = 2.25"
"Random-slope model (RS)",4,10,2.25,"LM",20,19.3096618737202,0.7985983162979,17.7444091737763,20.8749145736641,"10","Var(a) = 2.25"
"Random-slope model (RS)",4,20,2.25,"ORACLE",20,9.88745981000547,0.0486341320190835,9.79213691124806,9.98278270876287,"20","Var(a) = 2.25"
"Random-slope model (RS)",4,20,2.25,"CIRG",20,20.3821139036415,0.801229975004064,18.8117031526335,21.9525246546494,"20","Var(a) = 2.25"
"Random-slope model (RS)",4,20,2.25,"KM",20,19.5613468745017,0.625009534445058,18.3363281869894,20.786365562014,"20","Var(a) = 2.25"
"Random-slope model (RS)",4,20,2.25,"BLM",20,22.3624486721032,0.938556307206189,20.5228783099791,24.2020190342273,"20","Var(a) = 2.25"
"Random-slope model (RS)",4,20,2.25,"CPF",20,22.387524027649,0.938771449446923,20.5475319867331,24.227516068565,"20","Var(a) = 2.25"
"Random-slope model (RS)",4,20,2.25,"OBS",20,22.3886624681246,0.938486154631764,20.5492296050463,24.2280953312028,"20","Var(a) = 2.25"
"Random-slope model (RS)",4,20,2.25,"LM",20,22.3624486721032,0.938556307206187,20.5228783099791,24.2020190342273,"20","Var(a) = 2.25"
"Random-slope model (RS)",4,50,2.25,"ORACLE",20,10.7171447998974,0.0573467809687687,10.6047451091986,10.8295444905962,"50","Var(a) = 2.25"
"Random-slope model (RS)",4,50,2.25,"CIRG",20,73.5909791410318,5.00110761394146,63.7888082177065,83.393150064357,"50","Var(a) = 2.25"
"Random-slope model (RS)",4,50,2.25,"KM",20,70.6799988790006,4.79397221493873,61.2838133377207,80.0761844202805,"50","Var(a) = 2.25"
"Random-slope model (RS)",4,50,2.25,"BLM",20,86.1179004623456,5.61768750425143,75.1072329540128,97.1285679706784,"50","Var(a) = 2.25"
"Random-slope model (RS)",4,50,2.25,"CPF",20,86.2619661870948,5.64176372608533,75.2041092839676,97.3198230902221,"50","Var(a) = 2.25"
"Random-slope model (RS)",4,50,2.25,"OBS",20,86.4216283600303,5.62001862659305,75.4063918519079,97.4368648681527,"50","Var(a) = 2.25"
"Random-slope model (RS)",4,50,2.25,"LM",20,86.1179004623457,5.61768750425145,75.1072329540128,97.1285679706785,"50","Var(a) = 2.25"
"Random-intercept model (RI)",5,10,0.5,"ORACLE",20,8.99875788561314,0.0496741959634049,8.90139646152487,9.09611930970142,"10","Var(a) = 0.50"
"Random-intercept model (RI)",5,10,0.5,"CIRG",20,9.40644807490327,0.0778499774381639,9.25386211912447,9.55903403068208,"10","Var(a) = 0.50"
"Random-intercept model (RI)",5,10,0.5,"KM",20,9.40624982548553,0.0780100923967089,9.25335004438799,9.55914960658308,"10","Var(a) = 0.50"
"Random-intercept model (RI)",5,10,0.5,"BLM",20,9.40809441861661,0.0779162373893993,9.25537859333339,9.56081024389983,"10","Var(a) = 0.50"
"Random-intercept model (RI)",5,10,0.5,"CPF",20,9.4072124236516,0.0779626278371612,9.25440567309077,9.56001917421244,"10","Var(a) = 0.50"
"Random-intercept model (RI)",5,10,0.5,"OBS",20,9.40657678414077,0.0780067204569659,9.25368361204511,9.55946995623642,"10","Var(a) = 0.50"
"Random-intercept model (RI)",5,10,0.5,"LM",20,9.40612086635636,0.0779859320712756,9.25326843949666,9.55897329321606,"10","Var(a) = 0.50"
"Random-intercept model (RI)",5,20,0.5,"ORACLE",20,9.00584467032377,0.0529714620417692,8.90202060472191,9.10966873592564,"20","Var(a) = 0.50"
"Random-intercept model (RI)",5,20,0.5,"CIRG",20,9.42940067627418,0.0716493554898698,9.28896793951404,9.56983341303433,"20","Var(a) = 0.50"
"Random-intercept model (RI)",5,20,0.5,"KM",20,9.4289197622267,0.0716470752534268,9.28849149472999,9.56934802972342,"20","Var(a) = 0.50"
"Random-intercept model (RI)",5,20,0.5,"BLM",20,9.44631280254033,0.0725907273757099,9.30403497688394,9.58859062819672,"20","Var(a) = 0.50"
"Random-intercept model (RI)",5,20,0.5,"CPF",20,9.43874253433885,0.0721851310737771,9.29725967743425,9.58022539124346,"20","Var(a) = 0.50"
"Random-intercept model (RI)",5,20,0.5,"OBS",20,9.43143900867662,0.0716820887939024,9.29094211464058,9.57193590271267,"20","Var(a) = 0.50"
"Random-intercept model (RI)",5,20,0.5,"LM",20,9.42891385018421,0.0716448997017698,9.28848984676874,9.56933785359968,"20","Var(a) = 0.50"
"Random-intercept model (RI)",5,50,0.5,"ORACLE",20,9.04301524512921,0.0520557413851699,8.94098599201428,9.14504449824415,"50","Var(a) = 0.50"
"Random-intercept model (RI)",5,50,0.5,"CIRG",20,9.44232815342556,0.0506894999660354,9.34297673349213,9.54167957335899,"50","Var(a) = 0.50"
"Random-intercept model (RI)",5,50,0.5,"KM",20,9.44270520658974,0.0506340410923236,9.34346248604879,9.5419479271307,"50","Var(a) = 0.50"
"Random-intercept model (RI)",5,50,0.5,"BLM",20,9.48360135501919,0.0511595252368686,9.38332868555493,9.58387402448346,"50","Var(a) = 0.50"
"Random-intercept model (RI)",5,50,0.5,"CPF",20,9.45435054615254,0.0513279423896547,9.35374777906882,9.55495331323627,"50","Var(a) = 0.50"
"Random-intercept model (RI)",5,50,0.5,"OBS",20,9.4430198190494,0.0505760486931799,9.34389076361076,9.54214887448803,"50","Var(a) = 0.50"
"Random-intercept model (RI)",5,50,0.5,"LM",20,9.44262473445002,0.0506560261673093,9.34333892316209,9.54191054573795,"50","Var(a) = 0.50"
"Random-intercept model (RI)",5,10,2.25,"ORACLE",20,8.99865740193351,0.049701026818421,8.90124338936941,9.09607141449762,"10","Var(a) = 2.25"
"Random-intercept model (RI)",5,10,2.25,"CIRG",20,10.8529799456761,0.221119208268337,10.4195862974702,11.286373593882,"10","Var(a) = 2.25"
"Random-intercept model (RI)",5,10,2.25,"KM",20,10.8521620368999,0.221233208295769,10.4185449486402,11.2857791251597,"10","Var(a) = 2.25"
"Random-intercept model (RI)",5,10,2.25,"BLM",20,10.8543781010079,0.221143174460168,10.420937479066,11.2878187229499,"10","Var(a) = 2.25"
"Random-intercept model (RI)",5,10,2.25,"CPF",20,10.8535916781818,0.22120894717879,10.4200221417114,11.2871612146523,"10","Var(a) = 2.25"
"Random-intercept model (RI)",5,10,2.25,"OBS",20,10.8526058570701,0.221244516312827,10.4189666050969,11.2862451090432,"10","Var(a) = 2.25"
"Random-intercept model (RI)",5,10,2.25,"LM",20,10.8521446903963,0.221222436604826,10.4185487146508,11.2857406661417,"10","Var(a) = 2.25"
"Random-intercept model (RI)",5,20,2.25,"ORACLE",20,9.00753973659302,0.0532059825122985,8.90325601086891,9.11182346231712,"20","Var(a) = 2.25"
"Random-intercept model (RI)",5,20,2.25,"CIRG",20,11.0151976087418,0.183728183328893,10.6550903694171,11.3753048480664,"20","Var(a) = 2.25"
"Random-intercept model (RI)",5,20,2.25,"KM",20,11.0148492281049,0.183782088905935,10.6546363338492,11.3750621223605,"20","Var(a) = 2.25"
"Random-intercept model (RI)",5,20,2.25,"BLM",20,11.0369895160875,0.184804278371316,10.6747731304798,11.3992059016953,"20","Var(a) = 2.25"
"Random-intercept model (RI)",5,20,2.25,"CPF",20,11.0270684756143,0.184533966297542,10.6653819016711,11.3887550495575,"20","Var(a) = 2.25"
"Random-intercept model (RI)",5,20,2.25,"OBS",20,11.0180055115024,0.183889318914432,10.6575824464301,11.3784285765747,"20","Var(a) = 2.25"
"Random-intercept model (RI)",5,20,2.25,"LM",20,11.0148303601666,0.18377791291495,10.6546256508533,11.3750350694799,"20","Var(a) = 2.25"
"Random-intercept model (RI)",5,50,2.25,"ORACLE",20,9.04769489994263,0.0523461206883449,8.94509650339347,9.15029329649178,"50","Var(a) = 2.25"
"Random-intercept model (RI)",5,50,2.25,"CIRG",20,11.011784979959,0.108155614600874,10.7997999753413,11.2237699845767,"50","Var(a) = 2.25"
"Random-intercept model (RI)",5,50,2.25,"KM",20,11.0116096803366,0.108141048672539,10.7996532249385,11.2235661357348,"50","Var(a) = 2.25"
"Random-intercept model (RI)",5,50,2.25,"BLM",20,11.0558258837188,0.109993386222344,10.840238846723,11.2714129207146,"50","Var(a) = 2.25"
"Random-intercept model (RI)",5,50,2.25,"CPF",20,11.0280272029129,0.110084935745198,10.8122607288524,11.2437936769735,"50","Var(a) = 2.25"
"Random-intercept model (RI)",5,50,2.25,"OBS",20,11.012007545209,0.108121627796689,10.8000891547275,11.2239259356905,"50","Var(a) = 2.25"
"Random-intercept model (RI)",5,50,2.25,"LM",20,11.0115389977609,0.108151483802266,10.7995620895085,11.2235159060134,"50","Var(a) = 2.25"
"Random-slope model (RS)",5,10,0.5,"ORACLE",20,9.52177099468113,0.0606887349939409,9.402821074093,9.64072091526925,"10","Var(a) = 0.50"
"Random-slope model (RS)",5,10,0.5,"CIRG",20,14.7800387932015,0.14184818724815,14.5020163461951,15.0580612402078,"10","Var(a) = 0.50"
"Random-slope model (RS)",5,10,0.5,"KM",20,14.7802103868235,0.141813152826889,14.5022566072828,15.0581641663642,"10","Var(a) = 0.50"
"Random-slope model (RS)",5,10,0.5,"BLM",20,14.779230949037,0.142081978221147,14.5007502717236,15.0577116263505,"10","Var(a) = 0.50"
"Random-slope model (RS)",5,10,0.5,"CPF",20,14.7838836202995,0.142268195221019,14.5050379576664,15.0627292829327,"10","Var(a) = 0.50"
"Random-slope model (RS)",5,10,0.5,"OBS",20,14.7827547577158,0.142352528025396,14.5037438027861,15.0617657126456,"10","Var(a) = 0.50"
"Random-slope model (RS)",5,10,0.5,"LM",20,14.779230949037,0.142081978221147,14.5007502717236,15.0577116263505,"10","Var(a) = 0.50"
"Random-slope model (RS)",5,20,0.5,"ORACLE",20,10.0662274662718,0.0598338874538001,9.94895304686237,10.1835018856813,"20","Var(a) = 0.50"
"Random-slope model (RS)",5,20,0.5,"CIRG",20,15.2733439639257,0.102800146737165,15.0718556763208,15.4748322515305,"20","Var(a) = 0.50"
"Random-slope model (RS)",5,20,0.5,"KM",20,15.2737662515677,0.102840593856761,15.0721986876084,15.4753338155269,"20","Var(a) = 0.50"
"Random-slope model (RS)",5,20,0.5,"BLM",20,15.2726599814015,0.10281860045498,15.0711355245097,15.4741844382933,"20","Var(a) = 0.50"
"Random-slope model (RS)",5,20,0.5,"CPF",20,15.2806424189466,0.103835121061989,15.0771255816651,15.4841592562281,"20","Var(a) = 0.50"
"Random-slope model (RS)",5,20,0.5,"OBS",20,15.275845873448,0.103066810689745,15.0738349244961,15.4778568223999,"20","Var(a) = 0.50"
"Random-slope model (RS)",5,20,0.5,"LM",20,15.2726599814015,0.10281860045498,15.0711355245097,15.4741844382933,"20","Var(a) = 0.50"
"Random-slope model (RS)",5,50,0.5,"ORACLE",20,11.2170870908166,0.0739165718806481,11.0722106099305,11.3619635717026,"50","Var(a) = 0.50"
"Random-slope model (RS)",5,50,0.5,"CIRG",20,15.6784513133247,0.0879189991957751,15.506130074901,15.8507725517484,"50","Var(a) = 0.50"
"Random-slope model (RS)",5,50,0.5,"KM",20,15.6781856821671,0.0879666971120354,15.5057709558275,15.8506004085067,"50","Var(a) = 0.50"
"Random-slope model (RS)",5,50,0.5,"BLM",20,15.6772758731559,0.0879143209284894,15.5049638041361,15.8495879421758,"50","Var(a) = 0.50"
"Random-slope model (RS)",5,50,0.5,"CPF",20,15.7295164344058,0.0867928096582661,15.5594025274756,15.899630341336,"50","Var(a) = 0.50"
"Random-slope model (RS)",5,50,0.5,"OBS",20,15.6908062471165,0.0865065289987406,15.521253450279,15.860359043954,"50","Var(a) = 0.50"
"Random-slope model (RS)",5,50,0.5,"LM",20,15.6772758731559,0.0879143209284894,15.5049638041361,15.8495879421758,"50","Var(a) = 0.50"
"Random-slope model (RS)",5,10,2.25,"ORACLE",20,9.52148717557705,0.0605372270465689,9.40283421056578,9.64014014058833,"10","Var(a) = 2.25"
"Random-slope model (RS)",5,10,2.25,"CIRG",20,16.2737356374692,0.256566596877425,15.7708651075895,16.776606167349,"10","Var(a) = 2.25"
"Random-slope model (RS)",5,10,2.25,"KM",20,16.2740735164228,0.256494976414287,15.7713433626508,16.7768036701948,"10","Var(a) = 2.25"
"Random-slope model (RS)",5,10,2.25,"BLM",20,16.2728529209495,0.256947090125387,15.7692366243037,16.7764692175952,"10","Var(a) = 2.25"
"Random-slope model (RS)",5,10,2.25,"CPF",20,16.2801858531565,0.25731221261788,15.7758539164255,16.7845177898876,"10","Var(a) = 2.25"
"Random-slope model (RS)",5,10,2.25,"OBS",20,16.2769988256817,0.257262754308476,15.772763827237,16.7812338241263,"10","Var(a) = 2.25"
"Random-slope model (RS)",5,10,2.25,"LM",20,16.2728529209495,0.256947090125387,15.7692366243037,16.7764692175952,"10","Var(a) = 2.25"
"Random-slope model (RS)",5,20,2.25,"ORACLE",20,10.0661378680759,0.0597648525658451,9.94899875704682,10.1832769791049,"20","Var(a) = 2.25"
"Random-slope model (RS)",5,20,2.25,"CIRG",20,16.9319041363188,0.171803349549416,16.5951695712019,17.2686387014356,"20","Var(a) = 2.25"
"Random-slope model (RS)",5,20,2.25,"KM",20,16.9325564303026,0.171788827358533,16.5958503286799,17.2692625319253,"20","Var(a) = 2.25"
"Random-slope model (RS)",5,20,2.25,"BLM",20,16.931350942255,0.171821840676732,16.5945801345286,17.2681217499814,"20","Var(a) = 2.25"
"Random-slope model (RS)",5,20,2.25,"CPF",20,16.9383637147394,0.171347430630392,16.6025227507038,17.274204678775,"20","Var(a) = 2.25"
"Random-slope model (RS)",5,20,2.25,"OBS",20,16.9342993200114,0.171830288080708,16.5975119553732,17.2710866846496,"20","Var(a) = 2.25"
"Random-slope model (RS)",5,20,2.25,"LM",20,16.931350942255,0.171821840676732,16.5945801345286,17.2681217499814,"20","Var(a) = 2.25"
"Random-slope model (RS)",5,50,2.25,"ORACLE",20,11.2294109874423,0.0737384894189955,11.0848835481811,11.3739384267035,"50","Var(a) = 2.25"
"Random-slope model (RS)",5,50,2.25,"CIRG",20,17.2493576874308,0.142218835188094,16.9706087704621,17.5281066043994,"50","Var(a) = 2.25"
"Random-slope model (RS)",5,50,2.25,"KM",20,17.24898624468,0.142104040889566,16.9704623245365,17.5275101648236,"50","Var(a) = 2.25"
"Random-slope model (RS)",5,50,2.25,"BLM",20,17.2479946027751,0.142225735826253,16.9692321605557,17.5267570449946,"50","Var(a) = 2.25"
"Random-slope model (RS)",5,50,2.25,"CPF",20,17.2946846518438,0.144565652555622,17.0113359728348,17.5780333308528,"50","Var(a) = 2.25"
"Random-slope model (RS)",5,50,2.25,"OBS",20,17.2619493675197,0.140936883065568,16.9857130767112,17.5381856583282,"50","Var(a) = 2.25"
"Random-slope model (RS)",5,50,2.25,"LM",20,17.2479946027751,0.142225735826253,16.9692321605557,17.5267570449946,"50","Var(a) = 2.25"
"Random-intercept model (RI)",6,10,0.5,"ORACLE",20,8.99121705441813,0.0540256835043138,8.88532671474967,9.09710739408658,"10","Var(a) = 0.50"
"Random-intercept model (RI)",6,10,0.5,"CIRG",20,9.39523534701335,0.082567048109222,9.23340393271928,9.55706676130743,"10","Var(a) = 0.50"
"Random-intercept model (RI)",6,10,0.5,"KM",20,9.39597027195742,0.0825643943464888,9.2341440590383,9.55779648487654,"10","Var(a) = 0.50"
"Random-intercept model (RI)",6,10,0.5,"BLM",20,9.3980979546756,0.0824990349905525,9.23639984609412,9.55979606325708,"10","Var(a) = 0.50"
"Random-intercept model (RI)",6,10,0.5,"CPF",20,9.39726317301154,0.0825557972489854,9.23545381040353,9.55907253561955,"10","Var(a) = 0.50"
"Random-intercept model (RI)",6,10,0.5,"OBS",20,9.39652828545617,0.0825971181509112,9.23463793388038,9.55841863703196,"10","Var(a) = 0.50"
"Random-intercept model (RI)",6,10,0.5,"LM",20,9.3959448873487,0.0825703854699706,9.23410693182756,9.55778284286984,"10","Var(a) = 0.50"
"Random-intercept model (RI)",6,20,0.5,"ORACLE",20,9.01421330761898,0.0531940154324768,8.90995303737133,9.11847357786664,"20","Var(a) = 0.50"
"Random-intercept model (RI)",6,20,0.5,"CIRG",20,9.44300339632365,0.0703388135206787,9.30513932182312,9.58086747082418,"20","Var(a) = 0.50"
"Random-intercept model (RI)",6,20,0.5,"KM",20,9.44238266674905,0.070379803347336,9.30443825218828,9.58032708130983,"20","Var(a) = 0.50"
"Random-intercept model (RI)",6,20,0.5,"BLM",20,9.46050407886088,0.0713230901096308,9.320710822246,9.60029733547576,"20","Var(a) = 0.50"
"Random-intercept model (RI)",6,20,0.5,"CPF",20,9.45413885459551,0.0709842650973335,9.31500969500473,9.59326801418628,"20","Var(a) = 0.50"
"Random-intercept model (RI)",6,20,0.5,"OBS",20,9.44518947392505,0.0704235853067142,9.30715924672389,9.58321970112621,"20","Var(a) = 0.50"
"Random-intercept model (RI)",6,20,0.5,"LM",20,9.44244272458325,0.0703662025563695,9.30452496757277,9.58036048159374,"20","Var(a) = 0.50"
"Random-intercept model (RI)",6,50,0.5,"ORACLE",20,9.04611597039085,0.0492491497148383,8.94958763694977,9.14264430383194,"50","Var(a) = 0.50"
"Random-intercept model (RI)",6,50,0.5,"CIRG",20,9.44105489859991,0.049104124106288,9.34481081535159,9.53729898184823,"50","Var(a) = 0.50"
"Random-intercept model (RI)",6,50,0.5,"KM",20,9.44088206630287,0.0490656695421315,9.3447133540003,9.53705077860545,"50","Var(a) = 0.50"
"Random-intercept model (RI)",6,50,0.5,"BLM",20,9.4841641217388,0.0495573400428385,9.38703173525484,9.58129650822277,"50","Var(a) = 0.50"
"Random-intercept model (RI)",6,50,0.5,"CPF",20,9.45407809215404,0.049401206943777,9.35725172654424,9.55090445776384,"50","Var(a) = 0.50"
"Random-intercept model (RI)",6,50,0.5,"OBS",20,9.44180231137122,0.048975461898399,9.34581040605036,9.53779421669209,"50","Var(a) = 0.50"
"Random-intercept model (RI)",6,50,0.5,"LM",20,9.44086056069707,0.0490608222754305,9.34470134903722,9.53701977235691,"50","Var(a) = 0.50"
"Random-intercept model (RI)",6,10,2.25,"ORACLE",20,8.99114055018549,0.0540379053144525,8.88522625576917,9.09705484460182,"10","Var(a) = 2.25"
"Random-intercept model (RI)",6,10,2.25,"CIRG",20,10.8387856250416,0.225344112692036,10.3971111641653,11.280460085918,"10","Var(a) = 2.25"
"Random-intercept model (RI)",6,10,2.25,"KM",20,10.839591772393,0.225483156317522,10.3976447860106,11.2815387587753,"10","Var(a) = 2.25"
"Random-intercept model (RI)",6,10,2.25,"BLM",20,10.8419724927065,0.225483682187217,10.4000244756195,11.2839205097934,"10","Var(a) = 2.25"
"Random-intercept model (RI)",6,10,2.25,"CPF",20,10.8411970428582,0.225532011055463,10.3991543011894,11.2832397845269,"10","Var(a) = 2.25"
"Random-intercept model (RI)",6,10,2.25,"OBS",20,10.8401160569608,0.225527650666368,10.3980818616547,11.2821502522668,"10","Var(a) = 2.25"
"Random-intercept model (RI)",6,10,2.25,"LM",20,10.8395557508062,0.225486760470731,10.3976017002835,11.2815098013288,"10","Var(a) = 2.25"
"Random-intercept model (RI)",6,20,2.25,"ORACLE",20,9.01572055628447,0.053497531463175,8.91086539461665,9.12057571795229,"20","Var(a) = 2.25"
"Random-intercept model (RI)",6,20,2.25,"CIRG",20,11.0368437008841,0.181994232680314,10.6801350048306,11.3935523969375,"20","Var(a) = 2.25"
"Random-intercept model (RI)",6,20,2.25,"KM",20,11.0362897130618,0.18205592598376,10.6794600981336,11.39311932799,"20","Var(a) = 2.25"
"Random-intercept model (RI)",6,20,2.25,"BLM",20,11.0595438585494,0.183141337429762,10.7005868371871,11.4185008799117,"20","Var(a) = 2.25"
"Random-intercept model (RI)",6,20,2.25,"CPF",20,11.0492538246887,0.18283128201284,10.6909045119435,11.4076031374339,"20","Var(a) = 2.25"
"Random-intercept model (RI)",6,20,2.25,"OBS",20,11.0397374728741,0.182144764745385,10.6827337339732,11.3967412117751,"20","Var(a) = 2.25"
"Random-intercept model (RI)",6,20,2.25,"LM",20,11.0364145438156,0.182031664892608,10.6796324806261,11.3931966070051,"20","Var(a) = 2.25"
"Random-intercept model (RI)",6,50,2.25,"ORACLE",20,9.05137895752269,0.0496317232523696,8.95410077994805,9.14865713509734,"50","Var(a) = 2.25"
"Random-intercept model (RI)",6,50,2.25,"CIRG",20,11.0064452410001,0.10780654473652,10.7951444133166,11.2177460686837,"50","Var(a) = 2.25"
"Random-intercept model (RI)",6,50,2.25,"KM",20,11.0059085006196,0.107838287041171,10.7945454580189,11.2172715432203,"50","Var(a) = 2.25"
"Random-intercept model (RI)",6,50,2.25,"BLM",20,11.054250270587,0.109904161212635,10.8388381146102,11.2696624265637,"50","Var(a) = 2.25"
"Random-intercept model (RI)",6,50,2.25,"CPF",20,11.0297256396136,0.109899013723672,10.8143235727152,11.245127706512,"50","Var(a) = 2.25"
"Random-intercept model (RI)",6,50,2.25,"OBS",20,11.0069830915109,0.107841251252456,10.7956142390561,11.2183519439657,"50","Var(a) = 2.25"
"Random-intercept model (RI)",6,50,2.25,"LM",20,11.0058875297854,0.107835128640767,10.7945306776495,11.2172443819213,"50","Var(a) = 2.25"
"Random-slope model (RS)",6,10,0.5,"ORACLE",20,9.33530200983135,0.0538296665066293,9.22979586347835,9.44080815618434,"10","Var(a) = 0.50"
"Random-slope model (RS)",6,10,0.5,"CIRG",20,16.2118204820912,0.710656233387679,14.8189342646514,17.6047066995311,"10","Var(a) = 0.50"
"Random-slope model (RS)",6,10,0.5,"KM",20,16.2109418225153,0.710402302139698,14.8185533103215,17.6033303347091,"10","Var(a) = 0.50"
"Random-slope model (RS)",6,10,0.5,"BLM",20,16.2106744899477,0.710519076745158,14.8180570995272,17.6032918803682,"10","Var(a) = 0.50"
"Random-slope model (RS)",6,10,0.5,"CPF",20,16.225022802911,0.711489662076794,14.8305030652405,17.6195425405815,"10","Var(a) = 0.50"
"Random-slope model (RS)",6,10,0.5,"OBS",20,16.2252578094008,0.711491445591626,14.8307345760412,17.6197810427604,"10","Var(a) = 0.50"
"Random-slope model (RS)",6,10,0.5,"LM",20,16.2106744899477,0.710519076745157,14.8180570995272,17.6032918803682,"10","Var(a) = 0.50"
"Random-slope model (RS)",6,20,0.5,"ORACLE",20,9.60625731425464,0.045902316187514,9.51628877452712,9.69622585398217,"20","Var(a) = 0.50"
"Random-slope model (RS)",6,20,0.5,"CIRG",20,16.5611870514504,0.622306698041921,15.3414659232882,17.7809081796125,"20","Var(a) = 0.50"
"Random-slope model (RS)",6,20,0.5,"KM",20,16.5618671996708,0.622237326132034,15.342282040452,17.7814523588896,"20","Var(a) = 0.50"
"Random-slope model (RS)",6,20,0.5,"BLM",20,16.5617316385561,0.622213319714474,15.3421935319157,17.7812697451965,"20","Var(a) = 0.50"
"Random-slope model (RS)",6,20,0.5,"CPF",20,16.586654556978,0.622652241823538,15.3662561630038,17.8070529509521,"20","Var(a) = 0.50"
"Random-slope model (RS)",6,20,0.5,"OBS",20,16.581746789133,0.622392368879073,15.3618577461301,17.801635832136,"20","Var(a) = 0.50"
"Random-slope model (RS)",6,20,0.5,"LM",20,16.5617316385561,0.622213319714474,15.3421935319157,17.7812697451965,"20","Var(a) = 0.50"
"Random-slope model (RS)",6,50,0.5,"ORACLE",20,10.0669847569401,0.062669987547365,9.94415158134728,10.189817932533,"50","Var(a) = 0.50"
"Random-slope model (RS)",6,50,0.5,"CIRG",20,16.704152677605,0.360517910273821,15.9975375734683,17.4107677817417,"50","Var(a) = 0.50"
"Random-slope model (RS)",6,50,0.5,"KM",20,16.7035816414667,0.360513183166175,15.996975802461,17.4101874804724,"50","Var(a) = 0.50"
"Random-slope model (RS)",6,50,0.5,"BLM",20,16.7031828518143,0.360562483633433,15.9964803838928,17.4098853197359,"50","Var(a) = 0.50"
"Random-slope model (RS)",6,50,0.5,"CPF",20,16.72524121447,0.361865556042256,16.0159847246272,17.4344977043128,"50","Var(a) = 0.50"
"Random-slope model (RS)",6,50,0.5,"OBS",20,16.7250355001291,0.359686304820435,16.0200503426811,17.4300206575772,"50","Var(a) = 0.50"
"Random-slope model (RS)",6,50,0.5,"LM",20,16.7031828518143,0.360562483633431,15.9964803838928,17.4098853197359,"50","Var(a) = 0.50"
"Random-slope model (RS)",6,10,2.25,"ORACLE",20,9.33932778350855,0.054110706209498,9.23327079933793,9.44538476767917,"10","Var(a) = 2.25"
"Random-slope model (RS)",6,10,2.25,"CIRG",20,17.7726040530609,0.879883776964528,16.0480318502104,19.4971762559113,"10","Var(a) = 2.25"
"Random-slope model (RS)",6,10,2.25,"KM",20,17.7718133447408,0.879578899052645,16.0478387025976,19.495787986884,"10","Var(a) = 2.25"
"Random-slope model (RS)",6,10,2.25,"BLM",20,17.7715495146467,0.879701764926273,16.0473340553912,19.4957649739022,"10","Var(a) = 2.25"
"Random-slope model (RS)",6,10,2.25,"CPF",20,17.7882543216208,0.881192788412231,16.0611164563329,19.5153921869088,"10","Var(a) = 2.25"
"Random-slope model (RS)",6,10,2.25,"OBS",20,17.7873640161638,0.881114132541318,16.0603803163829,19.5143477159448,"10","Var(a) = 2.25"
"Random-slope model (RS)",6,10,2.25,"LM",20,17.7715495146467,0.879701764926273,16.0473340553912,19.4957649739022,"10","Var(a) = 2.25"
"Random-slope model (RS)",6,20,2.25,"ORACLE",20,9.60895110327057,0.0459563684459872,9.51887662111644,9.69902558542471,"20","Var(a) = 2.25"
"Random-slope model (RS)",6,20,2.25,"CIRG",20,18.5675919938802,0.755023021456278,17.0877468718259,20.0474371159345,"20","Var(a) = 2.25"
"Random-slope model (RS)",6,20,2.25,"KM",20,18.5691861259174,0.754898705803402,17.0895846625427,20.0487875892921,"20","Var(a) = 2.25"
"Random-slope model (RS)",6,20,2.25,"BLM",20,18.5690645684123,0.754872318682632,17.0895148237943,20.0486143130302,"20","Var(a) = 2.25"
"Random-slope model (RS)",6,20,2.25,"CPF",20,18.5954349788605,0.755724501740145,17.1142149554499,20.0766550022712,"20","Var(a) = 2.25"
"Random-slope model (RS)",6,20,2.25,"OBS",20,18.5902741613916,0.755294845318416,17.1098962645675,20.0706520582157,"20","Var(a) = 2.25"
"Random-slope model (RS)",6,20,2.25,"LM",20,18.5690645684123,0.754872318682633,17.0895148237943,20.0486143130302,"20","Var(a) = 2.25"
"Random-slope model (RS)",6,50,2.25,"ORACLE",20,10.0721777615304,0.0628895447437408,9.9489142538327,10.1954412692282,"50","Var(a) = 2.25"
"Random-slope model (RS)",6,50,2.25,"CIRG",20,18.4797106640357,0.410940702613146,17.6742668869139,19.2851544411575,"50","Var(a) = 2.25"
"Random-slope model (RS)",6,50,2.25,"KM",20,18.4796102066073,0.411037839993466,17.6739760402201,19.2852443729945,"50","Var(a) = 2.25"
"Random-slope model (RS)",6,50,2.25,"BLM",20,18.4792340049458,0.411036285681223,17.6736028850106,19.284865124881,"50","Var(a) = 2.25"
"Random-slope model (RS)",6,50,2.25,"CPF",20,18.5088897192329,0.411731953606402,17.7018950901643,19.3158843483014,"50","Var(a) = 2.25"
"Random-slope model (RS)",6,50,2.25,"OBS",20,18.502761767437,0.409663448837931,17.6998214077147,19.3057021271594,"50","Var(a) = 2.25"
"Random-slope model (RS)",6,50,2.25,"LM",20,18.4792340049458,0.411036285681223,17.6736028850106,19.284865124881,"50","Var(a) = 2.25"
"Random-intercept model (RI)",7,10,0.5,"ORACLE",20,8.98913045010597,0.0534638084528429,8.88434138553839,9.09391951467354,"10","Var(a) = 0.50"
"Random-intercept model (RI)",7,10,0.5,"CIRG",20,9.39183508704382,0.0812131109095598,9.23265738966108,9.55101278442656,"10","Var(a) = 0.50"
"Random-intercept model (RI)",7,10,0.5,"KM",20,9.39194693393186,0.081181549501545,9.23283109690883,9.55106277095489,"10","Var(a) = 0.50"
"Random-intercept model (RI)",7,10,0.5,"BLM",20,9.39414994446452,0.0810957389059326,9.23520229620889,9.55309759272015,"10","Var(a) = 0.50"
"Random-intercept model (RI)",7,10,0.5,"CPF",20,9.39316988883982,0.0811408566546395,9.23413380979673,9.55220596788291,"10","Var(a) = 0.50"
"Random-intercept model (RI)",7,10,0.5,"OBS",20,9.39233610584866,0.0812077891393809,9.23316883913547,9.55150337256185,"10","Var(a) = 0.50"
"Random-intercept model (RI)",7,10,0.5,"LM",20,9.39194713937411,0.0811814982973696,9.23283140271127,9.55106287603696,"10","Var(a) = 0.50"
"Random-intercept model (RI)",7,20,0.5,"ORACLE",20,9.01110259376185,0.0519118461927631,8.90935537522404,9.11284981229967,"20","Var(a) = 0.50"
"Random-intercept model (RI)",7,20,0.5,"CIRG",20,9.43764379187187,0.0707418833801386,9.2989897004468,9.57629788329694,"20","Var(a) = 0.50"
"Random-intercept model (RI)",7,20,0.5,"KM",20,9.43770875196232,0.0707754087031477,9.29898895090415,9.57642855302049,"20","Var(a) = 0.50"
"Random-intercept model (RI)",7,20,0.5,"BLM",20,9.45488303743392,0.071579291054311,9.31458762696747,9.59517844790037,"20","Var(a) = 0.50"
"Random-intercept model (RI)",7,20,0.5,"CPF",20,9.44753394145627,0.0712944847469621,9.30779675135222,9.58727113156032,"20","Var(a) = 0.50"
"Random-intercept model (RI)",7,20,0.5,"OBS",20,9.44049587990241,0.0708427817135909,9.30164402774377,9.57934773206105,"20","Var(a) = 0.50"
"Random-intercept model (RI)",7,20,0.5,"LM",20,9.43770812608065,0.0707754182147569,9.29898830637972,9.57642794578157,"20","Var(a) = 0.50"
"Random-intercept model (RI)",7,50,0.5,"ORACLE",20,9.04867063533531,0.0521150295009115,8.94652517751352,9.15081609315709,"50","Var(a) = 0.50"
"Random-intercept model (RI)",7,50,0.5,"CIRG",20,9.44445540082053,0.0522282435154651,9.34208804353022,9.54682275811084,"50","Var(a) = 0.50"
"Random-intercept model (RI)",7,50,0.5,"KM",20,9.44414399250463,0.0521977322779592,9.34183643723983,9.54645154776943,"50","Var(a) = 0.50"
"Random-intercept model (RI)",7,50,0.5,"BLM",20,9.48619883256797,0.0524050881993642,9.38348485969722,9.58891280543873,"50","Var(a) = 0.50"
"Random-intercept model (RI)",7,50,0.5,"CPF",20,9.45973723165406,0.0525633352659076,9.35671309453288,9.56276136877524,"50","Var(a) = 0.50"
"Random-intercept model (RI)",7,50,0.5,"OBS",20,9.44456989549195,0.0520795660686446,9.34249394599741,9.54664584498649,"50","Var(a) = 0.50"
"Random-intercept model (RI)",7,50,0.5,"LM",20,9.44414412420053,0.0521977265036955,9.34183658025328,9.54645166814777,"50","Var(a) = 0.50"
"Random-intercept model (RI)",7,10,2.25,"ORACLE",20,8.98911746513056,0.0535109625991499,8.88423597843623,9.0939989518249,"10","Var(a) = 2.25"
"Random-intercept model (RI)",7,10,2.25,"CIRG",20,10.8317854506011,0.223229248781291,10.3942561229898,11.2693147782124,"10","Var(a) = 2.25"
"Random-intercept model (RI)",7,10,2.25,"KM",20,10.8318162078519,0.223171786480875,10.3943995063494,11.2692329093544,"10","Var(a) = 2.25"
"Random-intercept model (RI)",7,10,2.25,"BLM",20,10.8342728513644,0.223148745173448,10.3969013108244,11.2716443919044,"10","Var(a) = 2.25"
"Random-intercept model (RI)",7,10,2.25,"CPF",20,10.8325779697979,0.223226004201929,10.3950550015622,11.2701009380337,"10","Var(a) = 2.25"
"Random-intercept model (RI)",7,10,2.25,"OBS",20,10.8323079469655,0.223244305602971,10.3947491079836,11.2698667859473,"10","Var(a) = 2.25"
"Random-intercept model (RI)",7,10,2.25,"LM",20,10.8318161928381,0.22317162065165,10.3943998163609,11.2692325693153,"10","Var(a) = 2.25"
"Random-intercept model (RI)",7,20,2.25,"ORACLE",20,9.01273733381334,0.0521385925548244,8.91054569240589,9.1149289752208,"20","Var(a) = 2.25"
"Random-intercept model (RI)",7,20,2.25,"CIRG",20,11.0272455260162,0.183694225000573,10.6672048450151,11.3872862070174,"20","Var(a) = 2.25"
"Random-intercept model (RI)",7,20,2.25,"KM",20,11.0273611225931,0.183726754742772,10.6672566832973,11.387465561889,"20","Var(a) = 2.25"
"Random-intercept model (RI)",7,20,2.25,"BLM",20,11.0499238818556,0.184737217929019,10.6878389347148,11.4120088289965,"20","Var(a) = 2.25"
"Random-intercept model (RI)",7,20,2.25,"CPF",20,11.0396740453127,0.184193437658312,10.6786549075024,11.400693183123,"20","Var(a) = 2.25"
"Random-intercept model (RI)",7,20,2.25,"OBS",20,11.0307844828048,0.183862654160087,10.670413680651,11.3911552849585,"20","Var(a) = 2.25"
"Random-intercept model (RI)",7,20,2.25,"LM",20,11.0273605792391,0.183726842143206,10.6672559686385,11.3874651898398,"20","Var(a) = 2.25"
"Random-intercept model (RI)",7,50,2.25,"ORACLE",20,9.05374051114152,0.0524003625572053,8.95103580052939,9.15644522175364,"50","Var(a) = 2.25"
"Random-intercept model (RI)",7,50,2.25,"CIRG",20,11.0058487797736,0.1089944299818,10.7922196970092,11.2194778625379,"50","Var(a) = 2.25"
"Random-intercept model (RI)",7,50,2.25,"KM",20,11.0054412326413,0.109076890887126,10.7916505265025,11.21923193878,"50","Var(a) = 2.25"
"Random-intercept model (RI)",7,50,2.25,"BLM",20,11.05191934744,0.111138448905718,10.8340879875848,11.2697507072952,"50","Var(a) = 2.25"
"Random-intercept model (RI)",7,50,2.25,"CPF",20,11.0253706675841,0.110285871268006,10.8092103598988,11.2415309752693,"50","Var(a) = 2.25"
"Random-intercept model (RI)",7,50,2.25,"OBS",20,11.0059717091728,0.109075255056269,10.7921842092625,11.2197592090831,"50","Var(a) = 2.25"
"Random-intercept model (RI)",7,50,2.25,"LM",20,11.0054412459883,0.109076948136714,10.7916504276403,11.2192320643362,"50","Var(a) = 2.25"
"Random-slope model (RS)",7,10,0.5,"ORACLE",20,9.4577824888347,0.0591762372712944,9.34179706378297,9.57376791388644,"10","Var(a) = 0.50"
"Random-slope model (RS)",7,10,0.5,"CIRG",20,31.8490897403466,2.16096139751621,27.6136054012148,36.0845740794783,"10","Var(a) = 0.50"
"Random-slope model (RS)",7,10,0.5,"KM",20,31.8483478134874,2.16140786056492,27.6119884067802,36.0847072201947,"10","Var(a) = 0.50"
"Random-slope model (RS)",7,10,0.5,"BLM",20,31.8484395511102,2.16142360565121,27.6120492840339,36.0848298181866,"10","Var(a) = 0.50"
"Random-slope model (RS)",7,10,0.5,"CPF",20,31.8756072585111,2.16228483510022,27.6375289817147,36.1136855353075,"10","Var(a) = 0.50"
"Random-slope model (RS)",7,10,0.5,"OBS",20,31.8746327217857,2.16313395158795,27.6348901766733,36.1143752668981,"10","Var(a) = 0.50"
"Random-slope model (RS)",7,10,0.5,"LM",20,31.8484395511102,2.16142360565121,27.6120492840339,36.0848298181866,"10","Var(a) = 0.50"
"Random-slope model (RS)",7,20,0.5,"ORACLE",20,10.0284090693764,0.059805475097748,9.91119033818485,10.145627800568,"20","Var(a) = 0.50"
"Random-slope model (RS)",7,20,0.5,"CIRG",20,31.7989372846935,1.81668116490431,28.2382422014811,35.359632367906,"20","Var(a) = 0.50"
"Random-slope model (RS)",7,20,0.5,"KM",20,31.7993038377876,1.81669433114006,28.2385829487531,35.3600247268222,"20","Var(a) = 0.50"
"Random-slope model (RS)",7,20,0.5,"BLM",20,31.7992809095039,1.81666719899066,28.2386131994822,35.3599486195256,"20","Var(a) = 0.50"
"Random-slope model (RS)",7,20,0.5,"CPF",20,31.8181687262863,1.81870038161282,28.2535159783252,35.3828214742474,"20","Var(a) = 0.50"
"Random-slope model (RS)",7,20,0.5,"OBS",20,31.8307161341264,1.81576504355347,28.2718166487616,35.3896156194912,"20","Var(a) = 0.50"
"Random-slope model (RS)",7,20,0.5,"LM",20,31.7992809095039,1.81666719899066,28.2386131994822,35.3599486195256,"20","Var(a) = 0.50"
"Random-slope model (RS)",7,50,0.5,"ORACLE",20,11.0297400784572,0.064444108457884,10.9034296258797,11.1560505310346,"50","Var(a) = 0.50"
"Random-slope model (RS)",7,50,0.5,"CIRG",20,33.1945888655328,1.15936597831925,30.9222315480271,35.4669461830386,"50","Var(a) = 0.50"
"Random-slope model (RS)",7,50,0.5,"KM",20,33.1947354904289,1.15914170484067,30.9228177489412,35.4666532319166,"50","Var(a) = 0.50"
"Random-slope model (RS)",7,50,0.5,"BLM",20,33.1946503944447,1.15921912877487,30.9225809020459,35.4667198868434,"50","Var(a) = 0.50"
"Random-slope model (RS)",7,50,0.5,"CPF",20,33.2512882897363,1.16168120999795,30.9743931181403,35.5281834613322,"50","Var(a) = 0.50"
"Random-slope model (RS)",7,50,0.5,"OBS",20,33.2449922901538,1.1591558271901,30.9730468688612,35.5169377114464,"50","Var(a) = 0.50"
"Random-slope model (RS)",7,50,0.5,"LM",20,33.1946503944447,1.15921912877487,30.9225809020459,35.4667198868434,"50","Var(a) = 0.50"
"Random-slope model (RS)",7,10,2.25,"ORACLE",20,9.45740977908555,0.059191582161003,9.34139427804998,9.57342528012111,"10","Var(a) = 2.25"
"Random-slope model (RS)",7,10,2.25,"CIRG",20,33.3447631075525,2.12743138004621,29.174997602662,37.5145286124431,"10","Var(a) = 2.25"
"Random-slope model (RS)",7,10,2.25,"KM",20,33.3437204157863,2.12793509533778,29.1729676289242,37.5144732026483,"10","Var(a) = 2.25"
"Random-slope model (RS)",7,10,2.25,"BLM",20,33.3438486680094,2.12795991297904,29.1730472385705,37.5146500974483,"10","Var(a) = 2.25"
"Random-slope model (RS)",7,10,2.25,"CPF",20,33.3617004182573,2.1277897781122,29.1912324531574,37.5321683833572,"10","Var(a) = 2.25"
"Random-slope model (RS)",7,10,2.25,"OBS",20,33.3683328298573,2.12896713803861,29.1955572393016,37.5411084204129,"10","Var(a) = 2.25"
"Random-slope model (RS)",7,10,2.25,"LM",20,33.3438486680094,2.12795991297904,29.1730472385705,37.5146500974483,"10","Var(a) = 2.25"
"Random-slope model (RS)",7,20,2.25,"ORACLE",20,10.0287596893045,0.059976921465544,9.91120492323206,10.146314455377,"20","Var(a) = 2.25"
"Random-slope model (RS)",7,20,2.25,"CIRG",20,33.4263968573761,1.7837958617895,29.9301569682686,36.9226367464835,"20","Var(a) = 2.25"
"Random-slope model (RS)",7,20,2.25,"KM",20,33.4275260221064,1.78406879237784,29.9307511890459,36.924300855167,"20","Var(a) = 2.25"
"Random-slope model (RS)",7,20,2.25,"BLM",20,33.4275705275165,1.78403717620208,29.9308576621604,36.9242833928725,"20","Var(a) = 2.25"
"Random-slope model (RS)",7,20,2.25,"CPF",20,33.4625585671403,1.78482788854214,29.9642959055977,36.9608212286829,"20","Var(a) = 2.25"
"Random-slope model (RS)",7,20,2.25,"OBS",20,33.4632870802383,1.78350998536322,29.9676075089264,36.9589666515502,"20","Var(a) = 2.25"
"Random-slope model (RS)",7,20,2.25,"LM",20,33.4275705275165,1.78403717620208,29.9308576621604,36.9242833928725,"20","Var(a) = 2.25"
"Random-slope model (RS)",7,50,2.25,"ORACLE",20,11.0449449445701,0.0643325057988922,10.9188532332042,11.1710366559359,"50","Var(a) = 2.25"
"Random-slope model (RS)",7,50,2.25,"CIRG",20,34.7426345211798,1.14768582097387,32.493170312071,36.9920987302886,"50","Var(a) = 2.25"
"Random-slope model (RS)",7,50,2.25,"KM",20,34.74269430562,1.14739809644245,32.4937940365928,36.9915945746473,"50","Var(a) = 2.25"
"Random-slope model (RS)",7,50,2.25,"BLM",20,34.742566222656,1.14747852751222,32.4935083087321,36.99162413658,"50","Var(a) = 2.25"
"Random-slope model (RS)",7,50,2.25,"CPF",20,34.7995687578442,1.15095745097865,32.5436921539261,37.0554453617624,"50","Var(a) = 2.25"
"Random-slope model (RS)",7,50,2.25,"OBS",20,34.7946351532402,1.14676520032151,32.54697536061,37.0422949458703,"50","Var(a) = 2.25"
"Random-slope model (RS)",7,50,2.25,"LM",20,34.742566222656,1.14747852751222,32.4935083087321,36.99162413658,"50","Var(a) = 2.25"
"Random-intercept model (RI)",8,10,0.5,"ORACLE",20,9.08769671797717,0.0566330779952647,8.97669588510645,9.19869755084788,"10","Var(a) = 0.50"
"Random-intercept model (RI)",8,10,0.5,"CIRG",20,9.50237556822396,0.0846088759587832,9.33654217134475,9.66820896510318,"10","Var(a) = 0.50"
"Random-intercept model (RI)",8,10,0.5,"KM",20,9.50238729451403,0.0846063274849533,9.33655889264352,9.66821569638453,"10","Var(a) = 0.50"
"Random-intercept model (RI)",8,10,0.5,"BLM",20,9.50571491983728,0.0848623927142828,9.33938463011728,9.67204520955727,"10","Var(a) = 0.50"
"Random-intercept model (RI)",8,10,0.5,"CPF",20,9.50469500469439,0.0847673973945865,9.338550905801,9.67083910358778,"10","Var(a) = 0.50"
"Random-intercept model (RI)",8,10,0.5,"OBS",20,9.50409927640895,0.0848462666948784,9.33780059368699,9.67039795913092,"10","Var(a) = 0.50"
"Random-intercept model (RI)",8,10,0.5,"LM",20,9.50366952823417,0.0847224006516529,9.33761362295693,9.66972543351141,"10","Var(a) = 0.50"
"Random-intercept model (RI)",8,20,0.5,"ORACLE",20,9.05389305062431,0.0598176901897104,8.93665037785247,9.17113572339614,"20","Var(a) = 0.50"
"Random-intercept model (RI)",8,20,0.5,"CIRG",20,9.48338876552234,0.0735194402928501,9.33929066254836,9.62748686849633,"20","Var(a) = 0.50"
"Random-intercept model (RI)",8,20,0.5,"KM",20,9.48345515428777,0.0735278786396128,9.33934051215413,9.62756979642142,"20","Var(a) = 0.50"
"Random-intercept model (RI)",8,20,0.5,"BLM",20,9.50076090096334,0.0743754002846092,9.35498511640551,9.64653668552118,"20","Var(a) = 0.50"
"Random-intercept model (RI)",8,20,0.5,"CPF",20,9.49382241030648,0.0740499843859823,9.34868444090996,9.63896037970301,"20","Var(a) = 0.50"
"Random-intercept model (RI)",8,20,0.5,"OBS",20,9.48590270175461,0.0735581574346364,9.34172871318272,9.63007669032649,"20","Var(a) = 0.50"
"Random-intercept model (RI)",8,20,0.5,"LM",20,9.48326238479284,0.0735221864486997,9.33915889935339,9.6273658702323,"20","Var(a) = 0.50"
"Random-intercept model (RI)",8,50,0.5,"ORACLE",20,9.08648103169386,0.0503106062394006,8.98787224346464,9.18508981992309,"50","Var(a) = 0.50"
"Random-intercept model (RI)",8,50,0.5,"CIRG",20,9.47473714233785,0.0516470987480403,9.37350882879169,9.575965455884,"50","Var(a) = 0.50"
"Random-intercept model (RI)",8,50,0.5,"KM",20,9.47467629220015,0.0516157349672645,9.37350945166431,9.57584313273598,"50","Var(a) = 0.50"
"Random-intercept model (RI)",8,50,0.5,"BLM",20,9.520192724597,0.0518992854191145,9.41847012517554,9.62191532401846,"50","Var(a) = 0.50"
"Random-intercept model (RI)",8,50,0.5,"CPF",20,9.49096226763829,0.0520638850144447,9.38891705300998,9.5930074822666,"50","Var(a) = 0.50"
"Random-intercept model (RI)",8,50,0.5,"OBS",20,9.47907916379825,0.0511844175742258,9.37875770535277,9.57940062224374,"50","Var(a) = 0.50"
"Random-intercept model (RI)",8,50,0.5,"LM",20,9.47841039491692,0.0513037657025757,9.37785501413987,9.57896577569396,"50","Var(a) = 0.50"
"Random-intercept model (RI)",8,10,2.25,"ORACLE",20,9.08758291559013,0.0565871962110222,8.97667201101653,9.19849382016374,"10","Var(a) = 2.25"
"Random-intercept model (RI)",8,10,2.25,"CIRG",20,10.9621594704395,0.228333946276995,10.5146249357366,11.4096940051424,"10","Var(a) = 2.25"
"Random-intercept model (RI)",8,10,2.25,"KM",20,10.9621767560528,0.228331468022719,10.5146470787283,11.4097064333774,"10","Var(a) = 2.25"
"Random-intercept model (RI)",8,10,2.25,"BLM",20,10.9662977500329,0.228810835656403,10.5178285121463,11.4147669879194,"10","Var(a) = 2.25"
"Random-intercept model (RI)",8,10,2.25,"CPF",20,10.9652345036636,0.228763718439511,10.5168576155222,11.413611391805,"10","Var(a) = 2.25"
"Random-intercept model (RI)",8,10,2.25,"OBS",20,10.9645246557555,0.228774962489386,10.5161257292763,11.4129235822347,"10","Var(a) = 2.25"
"Random-intercept model (RI)",8,10,2.25,"LM",20,10.9640248448825,0.228642286238907,10.5158859638542,11.4121637259108,"10","Var(a) = 2.25"
"Random-intercept model (RI)",8,20,2.25,"ORACLE",20,9.05544080641478,0.0601204326939422,8.93760475833466,9.17327685449491,"20","Var(a) = 2.25"
"Random-intercept model (RI)",8,20,2.25,"CIRG",20,11.0849480148027,0.182272435872057,10.7276940404935,11.4422019891119,"20","Var(a) = 2.25"
"Random-intercept model (RI)",8,20,2.25,"KM",20,11.0850024327906,0.182261702435147,10.7277694960178,11.4422353695635,"20","Var(a) = 2.25"
"Random-intercept model (RI)",8,20,2.25,"BLM",20,11.1072498469863,0.183565838855328,10.7474608028299,11.4670388911428,"20","Var(a) = 2.25"
"Random-intercept model (RI)",8,20,2.25,"CPF",20,11.0990027293723,0.18322328527817,10.7398850902271,11.4581203685175,"20","Var(a) = 2.25"
"Random-intercept model (RI)",8,20,2.25,"OBS",20,11.0880076339231,0.182434433996697,10.7304361432896,11.4455791245566,"20","Var(a) = 2.25"
"Random-intercept model (RI)",8,20,2.25,"LM",20,11.0848846547044,0.182315647631597,10.7275459853464,11.4422233240623,"20","Var(a) = 2.25"
"Random-intercept model (RI)",8,50,2.25,"ORACLE",20,9.09200202709962,0.0508240237245773,8.99238694059945,9.1916171135998,"50","Var(a) = 2.25"
"Random-intercept model (RI)",8,50,2.25,"CIRG",20,11.0387543709402,0.110249389559844,10.8226655674029,11.2548431744775,"50","Var(a) = 2.25"
"Random-intercept model (RI)",8,50,2.25,"KM",20,11.0387500463985,0.110243908798032,10.8226719851543,11.2548281076426,"50","Var(a) = 2.25"
"Random-intercept model (RI)",8,50,2.25,"BLM",20,11.0945343144467,0.111507398910644,10.8759798125818,11.3130888163115,"50","Var(a) = 2.25"
"Random-intercept model (RI)",8,50,2.25,"CPF",20,11.0705623776361,0.111337323379915,10.8523412238114,11.2887835314607,"50","Var(a) = 2.25"
"Random-intercept model (RI)",8,50,2.25,"OBS",20,11.0463841592358,0.109214341676266,10.8323240495504,11.2604442689213,"50","Var(a) = 2.25"
"Random-intercept model (RI)",8,50,2.25,"LM",20,11.0455337737826,0.1091734006854,10.8315539084392,11.259513639126,"50","Var(a) = 2.25"
"Random-slope model (RS)",8,10,0.5,"ORACLE",20,9.89566005474989,0.0707897918567365,9.75691206271068,10.0344080467891,"10","Var(a) = 0.50"
"Random-slope model (RS)",8,10,0.5,"CIRG",20,23.9585140204532,1.2710561394177,21.4672439871945,26.4497840537119,"10","Var(a) = 0.50"
"Random-slope model (RS)",8,10,0.5,"KM",20,23.9579039784079,1.27115289613339,21.4664443019864,26.4493636548293,"10","Var(a) = 0.50"
"Random-slope model (RS)",8,10,0.5,"BLM",20,23.9633576395648,1.26921666828846,21.4756929697195,26.4510223094102,"10","Var(a) = 0.50"
"Random-slope model (RS)",8,10,0.5,"CPF",20,23.9781651732343,1.26920886800569,21.4905157919432,26.4658145545255,"10","Var(a) = 0.50"
"Random-slope model (RS)",8,10,0.5,"OBS",20,23.9800770901541,1.26886592434209,21.4930998784436,26.4670543018646,"10","Var(a) = 0.50"
"Random-slope model (RS)",8,10,0.5,"LM",20,23.9633576395648,1.26921666828846,21.4756929697195,26.4510223094102,"10","Var(a) = 0.50"
"Random-slope model (RS)",8,20,0.5,"ORACLE",20,10.7614840532526,0.0916941992309193,10.58176342276,10.9412046837452,"20","Var(a) = 0.50"
"Random-slope model (RS)",8,20,0.5,"CIRG",20,24.7200092680804,1.09426274803134,22.575254281939,26.8647642542219,"20","Var(a) = 0.50"
"Random-slope model (RS)",8,20,0.5,"KM",20,24.7221364451808,1.09443068592447,22.5770523007688,26.8672205895928,"20","Var(a) = 0.50"
"Random-slope model (RS)",8,20,0.5,"BLM",20,24.7111151089258,1.09410994772961,22.5666596113757,26.8555706064758,"20","Var(a) = 0.50"
"Random-slope model (RS)",8,20,0.5,"CPF",20,24.7352704754096,1.09777888069535,22.5836238692467,26.8869170815724,"20","Var(a) = 0.50"
"Random-slope model (RS)",8,20,0.5,"OBS",20,24.728717280098,1.09613988952921,22.5802830966208,26.8771514635753,"20","Var(a) = 0.50"
"Random-slope model (RS)",8,20,0.5,"LM",20,24.7111151089258,1.09410994772961,22.5666596113757,26.8555706064758,"20","Var(a) = 0.50"
"Random-slope model (RS)",8,50,0.5,"ORACLE",20,12.8544879379989,0.118618127785062,12.6219964075402,13.0869794684577,"50","Var(a) = 0.50"
"Random-slope model (RS)",8,50,0.5,"CIRG",20,24.8778330880965,0.671945377997003,23.5608201472224,26.1948460289706,"50","Var(a) = 0.50"
"Random-slope model (RS)",8,50,0.5,"KM",20,24.8776111237609,0.671883127807704,23.5607201932578,26.194502054264,"50","Var(a) = 0.50"
"Random-slope model (RS)",8,50,0.5,"BLM",20,24.8810925859723,0.672568553929756,23.56285822027,26.1993269516746,"50","Var(a) = 0.50"
"Random-slope model (RS)",8,50,0.5,"CPF",20,24.9063498310424,0.669363823455732,23.5943967370692,26.2183029250157,"50","Var(a) = 0.50"
"Random-slope model (RS)",8,50,0.5,"OBS",20,24.9500725286994,0.672334306878322,23.6322972872179,26.2678477701809,"50","Var(a) = 0.50"
"Random-slope model (RS)",8,50,0.5,"LM",20,24.8810925859723,0.672568553929756,23.56285822027,26.1993269516746,"50","Var(a) = 0.50"
"Random-slope model (RS)",8,10,2.25,"ORACLE",20,9.89411242065491,0.0706761952778062,9.75558707791041,10.0326377633994,"10","Var(a) = 2.25"
"Random-slope model (RS)",8,10,2.25,"CIRG",20,25.5536973605191,1.45801873129372,22.6959806471834,28.4114140738548,"10","Var(a) = 2.25"
"Random-slope model (RS)",8,10,2.25,"KM",20,25.5531250786782,1.45810150361158,22.6952461315995,28.4110040257569,"10","Var(a) = 2.25"
"Random-slope model (RS)",8,10,2.25,"BLM",20,25.5544759069678,1.45707841213803,22.6986022191772,28.4103495947583,"10","Var(a) = 2.25"
"Random-slope model (RS)",8,10,2.25,"CPF",20,25.5676424269137,1.45728998092979,22.7113540642913,28.4239307895361,"10","Var(a) = 2.25"
"Random-slope model (RS)",8,10,2.25,"OBS",20,25.571077614919,1.45709285756553,22.7151756140906,28.4269796157474,"10","Var(a) = 2.25"
"Random-slope model (RS)",8,10,2.25,"LM",20,25.5544759069678,1.45707841213803,22.6986022191772,28.4103495947583,"10","Var(a) = 2.25"
"Random-slope model (RS)",8,20,2.25,"ORACLE",20,10.7579304978131,0.0913194518185414,10.5789443722488,10.9369166233775,"20","Var(a) = 2.25"
"Random-slope model (RS)",8,20,2.25,"CIRG",20,26.8717652275764,1.23633657826938,24.4485455341684,29.2949849209843,"20","Var(a) = 2.25"
"Random-slope model (RS)",8,20,2.25,"KM",20,26.8736541721981,1.23640651355945,24.4502974056216,29.2970109387746,"20","Var(a) = 2.25"
"Random-slope model (RS)",8,20,2.25,"BLM",20,26.8629189603596,1.23604101612054,24.4402785687633,29.2855593519558,"20","Var(a) = 2.25"
"Random-slope model (RS)",8,20,2.25,"CPF",20,26.8843322504444,1.23729780578061,24.4592285511144,29.3094359497744,"20","Var(a) = 2.25"
"Random-slope model (RS)",8,20,2.25,"OBS",20,26.883960212169,1.23824271953448,24.4570044818814,29.3109159424566,"20","Var(a) = 2.25"
"Random-slope model (RS)",8,20,2.25,"LM",20,26.8629189603596,1.23604101612054,24.4402785687633,29.2855593519558,"20","Var(a) = 2.25"
"Random-slope model (RS)",8,50,2.25,"ORACLE",20,12.865140195549,0.118897363096571,12.6321013638797,13.0981790272182,"50","Var(a) = 2.25"
"Random-slope model (RS)",8,50,2.25,"CIRG",20,26.7258773362599,0.728543741106114,25.297931603692,28.1538230688279,"50","Var(a) = 2.25"
"Random-slope model (RS)",8,50,2.25,"KM",20,26.7256719567511,0.728475695059099,25.2978595944353,28.153484319067,"50","Var(a) = 2.25"
"Random-slope model (RS)",8,50,2.25,"BLM",20,26.7297570197121,0.728631772792648,25.3016387450385,28.1578752943857,"50","Var(a) = 2.25"
"Random-slope model (RS)",8,50,2.25,"CPF",20,26.7504008425066,0.726178460883864,25.3270910591743,28.173710625839,"50","Var(a) = 2.25"
"Random-slope model (RS)",8,50,2.25,"OBS",20,26.8010617676624,0.726464230892102,25.3771918751139,28.224931660211,"50","Var(a) = 2.25"
"Random-slope model (RS)",8,50,2.25,"LM",20,26.7297570197121,0.728631772792648,25.3016387450385,28.1578752943857,"50","Var(a) = 2.25"
"Random-intercept model (RI)",9,10,0.5,"ORACLE",20,9.05840249883612,0.0549434578959842,8.95071332135999,9.16609167631225,"10","Var(a) = 0.50"
"Random-intercept model (RI)",9,10,0.5,"CIRG",20,9.4630477796139,0.0806700036283527,9.30493457250233,9.62116098672547,"10","Var(a) = 0.50"
"Random-intercept model (RI)",9,10,0.5,"KM",20,9.46222494227386,0.0805931680045388,9.30426233298497,9.62018755156276,"10","Var(a) = 0.50"
"Random-intercept model (RI)",9,10,0.5,"BLM",20,9.46422789578954,0.0805816290198685,9.3062879029106,9.62216788866848,"10","Var(a) = 0.50"
"Random-intercept model (RI)",9,10,0.5,"CPF",20,9.46325016920723,0.0805778538205771,9.3053175757189,9.62118276269556,"10","Var(a) = 0.50"
"Random-intercept model (RI)",9,10,0.5,"OBS",20,9.46247273763302,0.0806228417320312,9.30445196783824,9.62049350742781,"10","Var(a) = 0.50"
"Random-intercept model (RI)",9,10,0.5,"LM",20,9.46196283340469,0.0805852776249272,9.30401568925983,9.61990997754955,"10","Var(a) = 0.50"
"Random-intercept model (RI)",9,20,0.5,"ORACLE",20,9.05753315789723,0.0558293045326866,8.94810772101316,9.1669585947813,"20","Var(a) = 0.50"
"Random-intercept model (RI)",9,20,0.5,"CIRG",20,9.48654388348703,0.0742638077625202,9.34098682027249,9.63210094670156,"20","Var(a) = 0.50"
"Random-intercept model (RI)",9,20,0.5,"KM",20,9.48642808452971,0.0742149516020605,9.34096677938967,9.63188938966974,"20","Var(a) = 0.50"
"Random-intercept model (RI)",9,20,0.5,"BLM",20,9.50402410510836,0.0749212120652515,9.35717852946047,9.65086968075625,"20","Var(a) = 0.50"
"Random-intercept model (RI)",9,20,0.5,"CPF",20,9.49725104703681,0.0746934590209975,9.35085186735565,9.64365022671796,"20","Var(a) = 0.50"
"Random-intercept model (RI)",9,20,0.5,"OBS",20,9.48941132250187,0.0742104258727292,9.34395888779132,9.63486375721242,"20","Var(a) = 0.50"
"Random-intercept model (RI)",9,20,0.5,"LM",20,9.48646973486924,0.0742304273438395,9.34097809727531,9.63196137246316,"20","Var(a) = 0.50"
"Random-intercept model (RI)",9,50,0.5,"ORACLE",20,9.10285406257043,0.0569633259835891,8.99120594364259,9.21450218149826,"50","Var(a) = 0.50"
"Random-intercept model (RI)",9,50,0.5,"CIRG",20,9.49510505006448,0.0563984913308079,9.3845640070561,9.60564609307287,"50","Var(a) = 0.50"
"Random-intercept model (RI)",9,50,0.5,"KM",20,9.49460211094843,0.0564076248363219,9.38404316626924,9.60516105562762,"50","Var(a) = 0.50"
"Random-intercept model (RI)",9,50,0.5,"BLM",20,9.53495203725502,0.0565365758800681,9.42414034853008,9.64576372597995,"50","Var(a) = 0.50"
"Random-intercept model (RI)",9,50,0.5,"CPF",20,9.5069353549692,0.056613319203223,9.39597324933089,9.61789746060752,"50","Var(a) = 0.50"
"Random-intercept model (RI)",9,50,0.5,"OBS",20,9.49536775911391,0.0562263977598379,9.38516401950463,9.6055714987232,"50","Var(a) = 0.50"
"Random-intercept model (RI)",9,50,0.5,"LM",20,9.49495983152046,0.0563934174777884,9.38442873326399,9.60549092977692,"50","Var(a) = 0.50"
"Random-intercept model (RI)",9,10,2.25,"ORACLE",20,9.05838805153893,0.0549732669236766,8.95064044836852,9.16613565470933,"10","Var(a) = 2.25"
"Random-intercept model (RI)",9,10,2.25,"CIRG",20,10.9060175914728,0.221091492992688,10.4726782652071,11.3393569177385,"10","Var(a) = 2.25"
"Random-intercept model (RI)",9,10,2.25,"KM",20,10.9052784933881,0.221115510981067,10.4718920918652,11.338664894911,"10","Var(a) = 2.25"
"Random-intercept model (RI)",9,10,2.25,"BLM",20,10.907664426229,0.221145679897563,10.4742188936298,11.3411099588282,"10","Var(a) = 2.25"
"Random-intercept model (RI)",9,10,2.25,"CPF",20,10.9065690941714,0.221155838099729,10.473103651496,11.3400345368469,"10","Var(a) = 2.25"
"Random-intercept model (RI)",9,10,2.25,"OBS",20,10.9057882042975,0.22116845693878,10.4722980286975,11.3392783798975,"10","Var(a) = 2.25"
"Random-intercept model (RI)",9,10,2.25,"LM",20,10.9051690359126,0.221098767134726,10.4718154523285,11.3385226194967,"10","Var(a) = 2.25"
"Random-intercept model (RI)",9,20,2.25,"ORACLE",20,9.05925243467865,0.0560884120534834,8.94931914705383,9.16918572230348,"20","Var(a) = 2.25"
"Random-intercept model (RI)",9,20,2.25,"CIRG",20,11.0863120938245,0.184562217829425,10.7245701468788,11.4480540407702,"20","Var(a) = 2.25"
"Random-intercept model (RI)",9,20,2.25,"KM",20,11.0861261602614,0.184584909983653,10.7243397366934,11.4479125838293,"20","Var(a) = 2.25"
"Random-intercept model (RI)",9,20,2.25,"BLM",20,11.1079703911024,0.185688116054287,10.744021683636,11.4719190985688,"20","Var(a) = 2.25"
"Random-intercept model (RI)",9,20,2.25,"CPF",20,11.0999417535923,0.185396738082962,10.7365641469497,11.4633193602349,"20","Var(a) = 2.25"
"Random-intercept model (RI)",9,20,2.25,"OBS",20,11.0892300341013,0.184661082149322,10.7272943130887,11.451165755114,"20","Var(a) = 2.25"
"Random-intercept model (RI)",9,20,2.25,"LM",20,11.0861089533516,0.184583674432232,10.7243249514644,11.4478929552388,"20","Var(a) = 2.25"
"Random-intercept model (RI)",9,50,2.25,"ORACLE",20,9.10807948541122,0.0572322579409124,8.99590425984703,9.22025471097541,"50","Var(a) = 2.25"
"Random-intercept model (RI)",9,50,2.25,"CIRG",20,11.0633982913825,0.109218797477245,10.8493294483271,11.2774671344379,"50","Var(a) = 2.25"
"Random-intercept model (RI)",9,50,2.25,"KM",20,11.0627938155138,0.109216592961934,10.8487292933085,11.2768583377192,"50","Var(a) = 2.25"
"Random-intercept model (RI)",9,50,2.25,"BLM",20,11.1110303525864,0.111097947226826,10.8932783760218,11.3287823291509,"50","Var(a) = 2.25"
"Random-intercept model (RI)",9,50,2.25,"CPF",20,11.0876694094674,0.110956564338516,10.870194543364,11.3051442755709,"50","Var(a) = 2.25"
"Random-intercept model (RI)",9,50,2.25,"OBS",20,11.064003558845,0.109182990003189,10.8500048984388,11.2780022192513,"50","Var(a) = 2.25"
"Random-intercept model (RI)",9,50,2.25,"LM",20,11.0632734133586,0.109218736212938,10.8492046903813,11.277342136336,"50","Var(a) = 2.25"
"Random-slope model (RS)",9,10,0.5,"ORACLE",20,10.029442895002,0.0698852293366612,9.89246784550215,10.1664179445019,"10","Var(a) = 0.50"
"Random-slope model (RS)",9,10,0.5,"CIRG",20,18.0779282527486,0.308515025144626,17.4732388034651,18.682617702032,"10","Var(a) = 0.50"
"Random-slope model (RS)",9,10,0.5,"KM",20,18.0773505654603,0.308262188085909,17.4731566768119,18.6815444541087,"10","Var(a) = 0.50"
"Random-slope model (RS)",9,10,0.5,"BLM",20,18.0787880237791,0.308315154170907,17.4744903216041,18.6830857259541,"10","Var(a) = 0.50"
"Random-slope model (RS)",9,10,0.5,"CPF",20,18.0885317952681,0.308667779427386,17.4835429475904,18.6935206429458,"10","Var(a) = 0.50"
"Random-slope model (RS)",9,10,0.5,"OBS",20,18.0877068225693,0.308542699259093,17.4829631320215,18.6924505131171,"10","Var(a) = 0.50"
"Random-slope model (RS)",9,10,0.5,"LM",20,18.0787880237791,0.308315154170907,17.4744903216041,18.6830857259541,"10","Var(a) = 0.50"
"Random-slope model (RS)",9,20,0.5,"ORACLE",20,10.9699972431627,0.0776910261251798,10.8177228319574,11.1222716543681,"20","Var(a) = 0.50"
"Random-slope model (RS)",9,20,0.5,"CIRG",20,18.6261626188633,0.224973445741776,18.1852146652094,19.0671105725171,"20","Var(a) = 0.50"
"Random-slope model (RS)",9,20,0.5,"KM",20,18.627026923189,0.225109114980705,18.1858130578269,19.0682407885512,"20","Var(a) = 0.50"
"Random-slope model (RS)",9,20,0.5,"BLM",20,18.626356616338,0.224929160599855,18.1854954615623,19.0672177711137,"20","Var(a) = 0.50"
"Random-slope model (RS)",9,20,0.5,"CPF",20,18.6299709012119,0.224667273700994,18.1896230447579,19.0703187576658,"20","Var(a) = 0.50"
"Random-slope model (RS)",9,20,0.5,"OBS",20,18.6306470418526,0.224446262471072,18.1907323674093,19.0705617162959,"20","Var(a) = 0.50"
"Random-slope model (RS)",9,20,0.5,"LM",20,18.626356616338,0.224929160599855,18.1854954615623,19.0672177711137,"20","Var(a) = 0.50"
"Random-slope model (RS)",9,50,0.5,"ORACLE",20,12.9144128741272,0.0817781104307329,12.7541277776829,13.0746979705714,"50","Var(a) = 0.50"
"Random-slope model (RS)",9,50,0.5,"CIRG",20,19.2315943670389,0.160717950785678,18.916587183499,19.5466015505788,"50","Var(a) = 0.50"
"Random-slope model (RS)",9,50,0.5,"KM",20,19.2328628274476,0.160781180555277,18.9177317135592,19.5479939413359,"50","Var(a) = 0.50"
"Random-slope model (RS)",9,50,0.5,"BLM",20,19.2322555667252,0.161169611862147,18.9163631274754,19.548148005975,"50","Var(a) = 0.50"
"Random-slope model (RS)",9,50,0.5,"CPF",20,19.2522094065344,0.161381196599341,18.9359022611997,19.5685165518691,"50","Var(a) = 0.50"
"Random-slope model (RS)",9,50,0.5,"OBS",20,19.246028752305,0.161195973969855,18.9300846433241,19.5619728612859,"50","Var(a) = 0.50"
"Random-slope model (RS)",9,50,0.5,"LM",20,19.2322555667252,0.161169611862147,18.9163631274754,19.548148005975,"50","Var(a) = 0.50"
"Random-slope model (RS)",9,10,2.25,"ORACLE",20,10.0292634847635,0.0698277863894937,9.89240102344008,10.1661259460869,"10","Var(a) = 2.25"
"Random-slope model (RS)",9,10,2.25,"CIRG",20,19.5433341743625,0.384276346346233,18.7901525355239,20.2965158132011,"10","Var(a) = 2.25"
"Random-slope model (RS)",9,10,2.25,"KM",20,19.5428696585556,0.383914698136381,18.7903968502083,20.2953424669029,"10","Var(a) = 2.25"
"Random-slope model (RS)",9,10,2.25,"BLM",20,19.5443285592111,0.384104083556553,18.7914845554402,20.2971725629819,"10","Var(a) = 2.25"
"Random-slope model (RS)",9,10,2.25,"CPF",20,19.5585798555954,0.384608009814839,18.8047481563583,20.3124115548325,"10","Var(a) = 2.25"
"Random-slope model (RS)",9,10,2.25,"OBS",20,19.5552608084086,0.38476855714413,18.8011144364061,20.3094071804111,"10","Var(a) = 2.25"
"Random-slope model (RS)",9,10,2.25,"LM",20,19.5443285592111,0.384104083556554,18.7914845554402,20.2971725629819,"10","Var(a) = 2.25"
"Random-slope model (RS)",9,20,2.25,"ORACLE",20,10.9693551746802,0.0778065446275508,10.8168543472102,11.1218560021502,"20","Var(a) = 2.25"
"Random-slope model (RS)",9,20,2.25,"CIRG",20,20.2669749833381,0.204814762949436,19.8655380479573,20.668411918719,"20","Var(a) = 2.25"
"Random-slope model (RS)",9,20,2.25,"KM",20,20.2677785170042,0.205019060484059,19.8659411584555,20.669615875553,"20","Var(a) = 2.25"
"Random-slope model (RS)",9,20,2.25,"BLM",20,20.2677635482985,0.204885962500474,19.8661870617975,20.6693400347994,"20","Var(a) = 2.25"
"Random-slope model (RS)",9,20,2.25,"CPF",20,20.2737131202545,0.204586802902325,19.8727229865659,20.674703253943,"20","Var(a) = 2.25"
"Random-slope model (RS)",9,20,2.25,"OBS",20,20.273947390192,0.204870129761093,19.8724019358602,20.6754928445237,"20","Var(a) = 2.25"
"Random-slope model (RS)",9,20,2.25,"LM",20,20.2677635482985,0.204885962500474,19.8661870617975,20.6693400347994,"20","Var(a) = 2.25"
"Random-slope model (RS)",9,50,2.25,"ORACLE",20,12.9331857520976,0.0830931874374532,12.7703231047202,13.096048399475,"50","Var(a) = 2.25"
"Random-slope model (RS)",9,50,2.25,"CIRG",20,20.7767989807811,0.209359446843623,20.3664544649676,21.1871434965946,"50","Var(a) = 2.25"
"Random-slope model (RS)",9,50,2.25,"KM",20,20.7780792024907,0.209495345204659,20.3674683258896,21.1886900790919,"50","Var(a) = 2.25"
"Random-slope model (RS)",9,50,2.25,"BLM",20,20.7772421326473,0.209762955108789,20.366106740634,21.1883775246605,"50","Var(a) = 2.25"
"Random-slope model (RS)",9,50,2.25,"CPF",20,20.8125137393647,0.212583783842743,20.3958495230329,21.2291779556965,"50","Var(a) = 2.25"
"Random-slope model (RS)",9,50,2.25,"OBS",20,20.7907944381404,0.20922589650859,20.3807116809836,21.2008771952973,"50","Var(a) = 2.25"
"Random-slope model (RS)",9,50,2.25,"LM",20,20.7772421326473,0.209762955108789,20.366106740634,21.1883775246605,"50","Var(a) = 2.25"
"Random-intercept model (RI)",10,10,0.5,"ORACLE",20,9.03775931673266,0.0527510275302044,8.93436730277345,9.14115133069186,"10","Var(a) = 0.50"
"Random-intercept model (RI)",10,10,0.5,"CIRG",20,9.28084630698389,0.0701356988401378,9.14338033725722,9.41831227671056,"10","Var(a) = 0.50"
"Random-intercept model (RI)",10,10,0.5,"KM",20,9.26033168668467,0.0707817669182304,9.12159942352494,9.3990639498444,"10","Var(a) = 0.50"
"Random-intercept model (RI)",10,10,0.5,"BLM",20,9.3723258290831,0.0731161841603397,9.22901810812883,9.51563355003736,"10","Var(a) = 0.50"
"Random-intercept model (RI)",10,10,0.5,"CPF",20,9.37148049213477,0.0731592362068991,9.22808838916925,9.51487259510029,"10","Var(a) = 0.50"
"Random-intercept model (RI)",10,10,0.5,"OBS",20,9.37139715621903,0.0730920720137867,9.228136695072,9.51465761736605,"10","Var(a) = 0.50"
"Random-intercept model (RI)",10,10,0.5,"LM",20,9.3710145252404,0.0732918126459183,9.2273625724544,9.5146664780264,"10","Var(a) = 0.50"
"Random-intercept model (RI)",10,20,0.5,"ORACLE",20,9.06253626750263,0.0525224442439225,8.95959227678454,9.16548025822072,"20","Var(a) = 0.50"
"Random-intercept model (RI)",10,20,0.5,"CIRG",20,9.43018478470766,0.0596976325386315,9.31317742493194,9.54719214448338,"20","Var(a) = 0.50"
"Random-intercept model (RI)",10,20,0.5,"KM",20,9.37300694086539,0.0600492494122186,9.25531041201744,9.49070346971334,"20","Var(a) = 0.50"
"Random-intercept model (RI)",10,20,0.5,"BLM",20,9.50043662530571,0.0609367832645472,9.38100053010719,9.61987272050422,"20","Var(a) = 0.50"
"Random-intercept model (RI)",10,20,0.5,"CPF",20,9.49701696810365,0.0610766770262842,9.37730668113213,9.61672725507516,"20","Var(a) = 0.50"
"Random-intercept model (RI)",10,20,0.5,"OBS",20,9.49489711468948,0.0610378346229743,9.37526295882845,9.61453127055051,"20","Var(a) = 0.50"
"Random-intercept model (RI)",10,20,0.5,"LM",20,9.4943374789505,0.0610320029099361,9.37471475324703,9.61396020465398,"20","Var(a) = 0.50"
"Random-intercept model (RI)",10,50,0.5,"ORACLE",20,9.07726383621642,0.0554116401203299,8.96865702158058,9.18587065085227,"50","Var(a) = 0.50"
"Random-intercept model (RI)",10,50,0.5,"CIRG",20,9.48097564717756,0.0601251568675854,9.36313033971709,9.59882095463802,"50","Var(a) = 0.50"
"Random-intercept model (RI)",10,50,0.5,"KM",20,9.4296014855648,0.0626260041304455,9.30685451746913,9.55234845366047,"50","Var(a) = 0.50"
"Random-intercept model (RI)",10,50,0.5,"BLM",20,9.56520422467621,0.0598282772675592,9.44794080123179,9.68246764812062,"50","Var(a) = 0.50"
"Random-intercept model (RI)",10,50,0.5,"CPF",20,9.54789909116206,0.0603132048366231,9.42968520968228,9.66611297264184,"50","Var(a) = 0.50"
"Random-intercept model (RI)",10,50,0.5,"OBS",20,9.53091640561005,0.0594781289783965,9.41433927281239,9.64749353840771,"50","Var(a) = 0.50"
"Random-intercept model (RI)",10,50,0.5,"LM",20,9.53082804373214,0.0594764703789703,9.41425416178936,9.64740192567493,"50","Var(a) = 0.50"
"Random-intercept model (RI)",10,10,2.25,"ORACLE",20,9.03775282303334,0.0528472830241833,8.93417214830593,9.14133349776074,"10","Var(a) = 2.25"
"Random-intercept model (RI)",10,10,2.25,"CIRG",20,10.1745043923154,0.193103464531422,9.7960216018338,10.552987182797,"10","Var(a) = 2.25"
"Random-intercept model (RI)",10,10,2.25,"KM",20,10.0853249030368,0.200824967905765,9.69170796594148,10.4789418401321,"10","Var(a) = 2.25"
"Random-intercept model (RI)",10,10,2.25,"BLM",20,10.5837696006957,0.22834244320304,10.1362184120178,11.0313207893737,"10","Var(a) = 2.25"
"Random-intercept model (RI)",10,10,2.25,"CPF",20,10.5829618559223,0.228470431378774,10.1351598104199,11.0307639014247,"10","Var(a) = 2.25"
"Random-intercept model (RI)",10,10,2.25,"OBS",20,10.5823805886041,0.228537500595414,10.1344470874371,11.0303140897711,"10","Var(a) = 2.25"
"Random-intercept model (RI)",10,10,2.25,"LM",20,10.5816517916537,0.228730859976587,10.1333393060996,11.0299642772078,"10","Var(a) = 2.25"
"Random-intercept model (RI)",10,20,2.25,"ORACLE",20,9.06366345732079,0.0525662427342202,8.96063362156172,9.16669329307986,"20","Var(a) = 2.25"
"Random-intercept model (RI)",10,20,2.25,"CIRG",20,10.7505020082855,0.166070585765986,10.4250036601842,11.0760003563869,"20","Var(a) = 2.25"
"Random-intercept model (RI)",10,20,2.25,"KM",20,10.5127918812112,0.148031797651017,10.2226495578152,10.8029342046072,"20","Var(a) = 2.25"
"Random-intercept model (RI)",10,20,2.25,"BLM",20,11.080652529908,0.173409096862243,10.740770700058,11.420534359758,"20","Var(a) = 2.25"
"Random-intercept model (RI)",10,20,2.25,"CPF",20,11.0769052147277,0.173450550422201,10.7369421359002,11.4168682935552,"20","Var(a) = 2.25"
"Random-intercept model (RI)",10,20,2.25,"OBS",20,11.0732541489329,0.173514785179942,10.7331651699802,11.4133431278855,"20","Var(a) = 2.25"
"Random-intercept model (RI)",10,20,2.25,"LM",20,11.0728854445059,0.173545560335027,10.7327361462493,11.4130347427626,"20","Var(a) = 2.25"
"Random-intercept model (RI)",10,50,2.25,"ORACLE",20,9.08211460626295,0.0555318379198301,8.97327220394009,9.19095700858582,"50","Var(a) = 2.25"
"Random-intercept model (RI)",10,50,2.25,"CIRG",20,10.992436729499,0.116286535990235,10.7645151189581,11.2203583400399,"50","Var(a) = 2.25"
"Random-intercept model (RI)",10,50,2.25,"KM",20,10.7678093797805,0.120691285842667,10.5312544595289,11.0043643000322,"50","Var(a) = 2.25"
"Random-intercept model (RI)",10,50,2.25,"BLM",20,11.3026217739297,0.12749851417413,11.0527246861484,11.552518861711,"50","Var(a) = 2.25"
"Random-intercept model (RI)",10,50,2.25,"CPF",20,11.2793088489182,0.126932106780966,11.0305219196275,11.5280957782089,"50","Var(a) = 2.25"
"Random-intercept model (RI)",10,50,2.25,"OBS",20,11.2650935504147,0.127023425576116,11.0161276362856,11.5140594645439,"50","Var(a) = 2.25"
"Random-intercept model (RI)",10,50,2.25,"LM",20,11.2650893033713,0.126945328937113,11.0162764586545,11.513902148088,"50","Var(a) = 2.25"
"Random-slope model (RS)",10,10,0.5,"ORACLE",20,9.50223772363212,0.056464471075328,9.39156736032447,9.61290808693976,"10","Var(a) = 0.50"
"Random-slope model (RS)",10,10,0.5,"CIRG",20,11.8283479306962,0.296066707325866,11.2480571843375,12.4086386770549,"10","Var(a) = 0.50"
"Random-slope model (RS)",10,10,0.5,"KM",20,11.0663538042301,0.14203997581577,10.7879554516312,11.344752156829,"10","Var(a) = 0.50"
"Random-slope model (RS)",10,10,0.5,"BLM",20,12.9491327100169,0.281235502693786,12.3979111247371,13.5003542952967,"10","Var(a) = 0.50"
"Random-slope model (RS)",10,10,0.5,"CPF",20,12.9643176448858,0.28400545487968,12.4076669533217,13.52096833645,"10","Var(a) = 0.50"
"Random-slope model (RS)",10,10,0.5,"OBS",20,12.9633688082967,0.283646129623869,12.407422394234,13.5193152223595,"10","Var(a) = 0.50"
"Random-slope model (RS)",10,10,0.5,"LM",20,12.9491327100169,0.281235502693786,12.3979111247371,13.5003542952967,"10","Var(a) = 0.50"
"Random-slope model (RS)",10,20,0.5,"ORACLE",20,9.79023875291311,0.0540091978371538,9.68438072515229,9.89609678067393,"20","Var(a) = 0.50"
"Random-slope model (RS)",10,20,0.5,"CIRG",20,18.5204653723858,1.24934003105572,16.0717589115165,20.969171833255,"20","Var(a) = 0.50"
"Random-slope model (RS)",10,20,0.5,"KM",20,16.820754999094,0.973793812070228,14.9121191274363,18.7293908707516,"20","Var(a) = 0.50"
"Random-slope model (RS)",10,20,0.5,"BLM",20,22.4202910120437,1.51707286610406,19.4468281944797,25.3937538296076,"20","Var(a) = 0.50"
"Random-slope model (RS)",10,20,0.5,"CPF",20,22.4464735305395,1.51910387246964,19.469029940499,25.42391712058,"20","Var(a) = 0.50"
"Random-slope model (RS)",10,20,0.5,"OBS",20,22.4510180883688,1.51575814981083,19.4801321147395,25.421904061998,"20","Var(a) = 0.50"
"Random-slope model (RS)",10,20,0.5,"LM",20,22.4202910120437,1.51707286610406,19.4468281944797,25.3937538296076,"20","Var(a) = 0.50"
"Random-slope model (RS)",10,50,0.5,"ORACLE",20,10.24372385624,0.0460296737634024,10.1535056956638,10.3339420168163,"50","Var(a) = 0.50"
"Random-slope model (RS)",10,50,0.5,"CIRG",20,81.4587579763239,6.92457555422803,67.886589890037,95.0309260626109,"50","Var(a) = 0.50"
"Random-slope model (RS)",10,50,0.5,"KM",20,60.3543851352092,3.71131321184891,53.0802112399854,67.6285590304331,"50","Var(a) = 0.50"
"Random-slope model (RS)",10,50,0.5,"BLM",20,105.331584798165,7.31916994661684,90.986011702796,119.677157893534,"50","Var(a) = 0.50"
"Random-slope model (RS)",10,50,0.5,"CPF",20,105.607878613922,7.33353220605429,91.2341554900557,119.981601737788,"50","Var(a) = 0.50"
"Random-slope model (RS)",10,50,0.5,"OBS",20,106.174176837627,7.35092950115914,91.7663550153554,120.581998659899,"50","Var(a) = 0.50"
"Random-slope model (RS)",10,50,0.5,"LM",20,105.331584798165,7.31916994661684,90.986011702796,119.677157893534,"50","Var(a) = 0.50"
"Random-slope model (RS)",10,10,2.25,"ORACLE",20,9.50480657655977,0.0563239583164667,9.3944116182595,9.61520153486005,"10","Var(a) = 2.25"
"Random-slope model (RS)",10,10,2.25,"CIRG",20,12.3779906377356,0.321257700476305,11.7483255448021,13.0076557306692,"10","Var(a) = 2.25"
"Random-slope model (RS)",10,10,2.25,"KM",20,11.4535751888498,0.13021306056802,11.1983575901365,11.7087927875631,"10","Var(a) = 2.25"
"Random-slope model (RS)",10,10,2.25,"BLM",20,13.8762063709062,0.304399064754011,13.2795842039883,14.472828537824,"10","Var(a) = 2.25"
"Random-slope model (RS)",10,10,2.25,"CPF",20,13.888282280304,0.306875839804875,13.2868056342865,14.4897589263216,"10","Var(a) = 2.25"
"Random-slope model (RS)",10,10,2.25,"OBS",20,13.8898924578225,0.306531085558174,13.2890915301285,14.4906933855166,"10","Var(a) = 2.25"
"Random-slope model (RS)",10,10,2.25,"LM",20,13.8762063709062,0.304399064754012,13.2795842039883,14.472828537824,"10","Var(a) = 2.25"
"Random-slope model (RS)",10,20,2.25,"ORACLE",20,9.79404421208273,0.0543002764240684,9.68761567029155,9.9004727538739,"20","Var(a) = 2.25"
"Random-slope model (RS)",10,20,2.25,"CIRG",20,19.445200022821,1.17749205824993,17.1373155886511,21.7530844569909,"20","Var(a) = 2.25"
"Random-slope model (RS)",10,20,2.25,"KM",20,17.5564638222642,0.834305632162847,15.921224783225,19.1917028613033,"20","Var(a) = 2.25"
"Random-slope model (RS)",10,20,2.25,"BLM",20,23.9023226158557,1.40984362059397,21.1390291194915,26.6656161122198,"20","Var(a) = 2.25"
"Random-slope model (RS)",10,20,2.25,"CPF",20,23.9359231349993,1.41102467976994,21.1703147626502,26.7015315073484,"20","Var(a) = 2.25"
"Random-slope model (RS)",10,20,2.25,"OBS",20,23.9338721465374,1.40890211227429,21.1724240064798,26.695320286595,"20","Var(a) = 2.25"
"Random-slope model (RS)",10,20,2.25,"LM",20,23.9023226158557,1.40984362059397,21.1390291194915,26.6656161122198,"20","Var(a) = 2.25"
"Random-slope model (RS)",10,50,2.25,"ORACLE",20,10.2466007704293,0.0460395869288104,10.1563631800489,10.3368383608098,"50","Var(a) = 2.25"
"Random-slope model (RS)",10,50,2.25,"CIRG",20,83.0880841106351,6.90228714118689,69.5596013139088,96.6165669073614,"50","Var(a) = 2.25"
"Random-slope model (RS)",10,50,2.25,"KM",20,61.4206780374326,3.88658476473189,53.8029718985581,69.0383841763071,"50","Var(a) = 2.25"
"Random-slope model (RS)",10,50,2.25,"BLM",20,107.400245503871,7.18118322426344,93.3251263843147,121.475364623427,"50","Var(a) = 2.25"
"Random-slope model (RS)",10,50,2.25,"CPF",20,107.678142336832,7.19714556566801,93.5717370281227,121.784547645541,"50","Var(a) = 2.25"
"Random-slope model (RS)",10,50,2.25,"OBS",20,108.250451035292,7.21240601279255,94.114135250219,122.386766820366,"50","Var(a) = 2.25"
"Random-slope model (RS)",10,50,2.25,"LM",20,107.400245503871,7.18118322426344,93.3251263843147,121.475364623427,"50","Var(a) = 2.25"
"Random-intercept model (RI)",11,10,0.5,"ORACLE",20,9.12398774947497,0.0466795774544024,9.03249577766434,9.2154797212856,"10","Var(a) = 0.50"
"Random-intercept model (RI)",11,10,0.5,"CIRG",20,9.13239066799297,0.0440964655563047,9.04596159550262,9.21881974048333,"10","Var(a) = 0.50"
"Random-intercept model (RI)",11,10,0.5,"KM",20,9.13373651806313,0.0437116310617509,9.0480617211821,9.21941131494416,"10","Var(a) = 0.50"
"Random-intercept model (RI)",11,10,0.5,"BLM",20,9.1418592053256,0.042838783114607,9.05789519042097,9.22582322023023,"10","Var(a) = 0.50"
"Random-intercept model (RI)",11,10,0.5,"CPF",20,9.14044168421554,0.0429058578270038,9.05634620287461,9.22453716555646,"10","Var(a) = 0.50"
"Random-intercept model (RI)",11,10,0.5,"OBS",20,9.13952586739619,0.042992658448557,9.05526025683702,9.22379147795536,"10","Var(a) = 0.50"
"Random-intercept model (RI)",11,10,0.5,"LM",20,9.13889056851511,0.0431233283812978,9.05436884488777,9.22341229214245,"10","Var(a) = 0.50"
"Random-intercept model (RI)",11,20,0.5,"ORACLE",20,9.12406448271394,0.0518170563450184,9.0225030522777,9.22562591315017,"20","Var(a) = 0.50"
"Random-intercept model (RI)",11,20,0.5,"CIRG",20,9.12906893918025,0.0518219284062978,9.0274979595039,9.23063991885659,"20","Var(a) = 0.50"
"Random-intercept model (RI)",11,20,0.5,"KM",20,9.12847946882035,0.0515870093712705,9.02736893045266,9.22959000718804,"20","Var(a) = 0.50"
"Random-intercept model (RI)",11,20,0.5,"BLM",20,9.1352711928299,0.0517186954187775,9.0339025498091,9.2366398358507,"20","Var(a) = 0.50"
"Random-intercept model (RI)",11,20,0.5,"CPF",20,9.1318606112949,0.0515694001110206,9.0307845870773,9.2329366355125,"20","Var(a) = 0.50"
"Random-intercept model (RI)",11,20,0.5,"OBS",20,9.12976137436815,0.0520161408670615,9.0278097382687,9.23171301046759,"20","Var(a) = 0.50"
"Random-intercept model (RI)",11,20,0.5,"LM",20,9.13050876437,0.0520600652610516,9.02847103645834,9.23254649228166,"20","Var(a) = 0.50"
"Random-intercept model (RI)",11,50,0.5,"ORACLE",20,9.24935656967292,0.0643260137181927,9.12327758278526,9.37543555656057,"50","Var(a) = 0.50"
"Random-intercept model (RI)",11,50,0.5,"CIRG",20,9.25563104842325,0.0634153009624596,9.13133705853683,9.37992503830967,"50","Var(a) = 0.50"
"Random-intercept model (RI)",11,50,0.5,"KM",20,9.25646044702583,0.0626667398629984,9.13363363689435,9.37928725715731,"50","Var(a) = 0.50"
"Random-intercept model (RI)",11,50,0.5,"BLM",20,9.28880948737117,0.0622917104217539,9.16671773494453,9.41090123979781,"50","Var(a) = 0.50"
"Random-intercept model (RI)",11,50,0.5,"CPF",20,9.26939896773986,0.0626352622038523,9.1466338538203,9.39216408165941,"50","Var(a) = 0.50"
"Random-intercept model (RI)",11,50,0.5,"OBS",20,9.25877405191308,0.0632920292233968,9.13472167463522,9.38282642919094,"50","Var(a) = 0.50"
"Random-intercept model (RI)",11,50,0.5,"LM",20,9.2587253502209,0.0634753541388948,9.13431365610867,9.38313704433314,"50","Var(a) = 0.50"
"Random-intercept model (RI)",11,10,2.25,"ORACLE",20,9.11800039077321,0.0451608723485341,9.02948508097009,9.20651570057634,"10","Var(a) = 2.25"
"Random-intercept model (RI)",11,10,2.25,"CIRG",20,9.21270273936411,0.0439049239752856,9.12664908837255,9.29875639035567,"10","Var(a) = 2.25"
"Random-intercept model (RI)",11,10,2.25,"KM",20,9.23448075429814,0.0437243646834052,9.14878099951867,9.32018050907761,"10","Var(a) = 2.25"
"Random-intercept model (RI)",11,10,2.25,"BLM",20,9.26838328373338,0.0418712468906141,9.18631563982778,9.35045092763898,"10","Var(a) = 2.25"
"Random-intercept model (RI)",11,10,2.25,"CPF",20,9.26665882097621,0.0419970071393905,9.18434468698301,9.34897295496942,"10","Var(a) = 2.25"
"Random-intercept model (RI)",11,10,2.25,"OBS",20,9.26627499104041,0.0420620079376247,9.18383345548266,9.34871652659815,"10","Var(a) = 2.25"
"Random-intercept model (RI)",11,10,2.25,"LM",20,9.26553816687684,0.0421971645455054,9.18283172436765,9.34824460938603,"10","Var(a) = 2.25"
"Random-intercept model (RI)",11,20,2.25,"ORACLE",20,9.1142956747676,0.0528494585970352,9.01071073591741,9.21788061361779,"20","Var(a) = 2.25"
"Random-intercept model (RI)",11,20,2.25,"CIRG",20,9.24721773550572,0.0506929491726117,9.1478595551274,9.34657591588404,"20","Var(a) = 2.25"
"Random-intercept model (RI)",11,20,2.25,"KM",20,9.26638094949822,0.0497033920570735,9.16896230106636,9.36379959793008,"20","Var(a) = 2.25"
"Random-intercept model (RI)",11,20,2.25,"BLM",20,9.29373315319338,0.0508487249067042,9.19406965237624,9.39339665401052,"20","Var(a) = 2.25"
"Random-intercept model (RI)",11,20,2.25,"CPF",20,9.28997986262318,0.0510784511425314,9.18986609838382,9.39009362686254,"20","Var(a) = 2.25"
"Random-intercept model (RI)",11,20,2.25,"OBS",20,9.2875771972367,0.0513365744390564,9.18695751133615,9.38819688313725,"20","Var(a) = 2.25"
"Random-intercept model (RI)",11,20,2.25,"LM",20,9.28818551572611,0.0514141815377578,9.1874137199121,9.38895731154011,"20","Var(a) = 2.25"
"Random-intercept model (RI)",11,50,2.25,"ORACLE",20,9.30966184564909,0.0645884824044878,9.18306842013629,9.43625527116189,"50","Var(a) = 2.25"
"Random-intercept model (RI)",11,50,2.25,"CIRG",20,9.39830228943818,0.0613296060565326,9.27809626156737,9.51850831730898,"50","Var(a) = 2.25"
"Random-intercept model (RI)",11,50,2.25,"KM",20,9.41736170755525,0.061668163879408,9.2964921063516,9.53823130875889,"50","Var(a) = 2.25"
"Random-intercept model (RI)",11,50,2.25,"BLM",20,9.47231982457724,0.0628681587782684,9.34909823337184,9.59554141578265,"50","Var(a) = 2.25"
"Random-intercept model (RI)",11,50,2.25,"CPF",20,9.45467585770046,0.0635717809699654,9.33007516699933,9.57927654840159,"50","Var(a) = 2.25"
"Random-intercept model (RI)",11,50,2.25,"OBS",20,9.44031474697218,0.064114538810093,9.3146502509044,9.56597924303997,"50","Var(a) = 2.25"
"Random-intercept model (RI)",11,50,2.25,"LM",20,9.4403115498689,0.0642776219005649,9.3143274109438,9.56629568879401,"50","Var(a) = 2.25"
"Random-slope model (RS)",11,10,0.5,"ORACLE",20,9.47503723793318,0.0582539878512026,9.36085942174482,9.58921505412154,"10","Var(a) = 0.50"
"Random-slope model (RS)",11,10,0.5,"CIRG",20,9.84022326201566,0.0676075808667867,9.70771240351676,9.97273412051456,"10","Var(a) = 0.50"
"Random-slope model (RS)",11,10,0.5,"KM",20,10.0644215143715,0.0737730171442167,9.91982640076886,10.2090166279742,"10","Var(a) = 0.50"
"Random-slope model (RS)",11,10,0.5,"BLM",20,11.9929321435025,0.101893928567946,11.7932200435094,12.1926442434957,"10","Var(a) = 0.50"
"Random-slope model (RS)",11,10,0.5,"CPF",20,11.9969569796665,0.101834606550558,11.7973611508274,12.1965528085056,"10","Var(a) = 0.50"
"Random-slope model (RS)",11,10,0.5,"OBS",20,11.9952951130351,0.101880233177271,11.7956098560077,12.1949803700626,"10","Var(a) = 0.50"
"Random-slope model (RS)",11,10,0.5,"LM",20,11.9929321435025,0.101893928567946,11.7932200435094,12.1926442434957,"10","Var(a) = 0.50"
"Random-slope model (RS)",11,20,0.5,"ORACLE",20,9.74063485910492,0.0426666123004241,9.65700829899608,9.82426141921375,"20","Var(a) = 0.50"
"Random-slope model (RS)",11,20,0.5,"CIRG",20,10.0411972424515,0.0656193810561055,9.91258325558156,10.1698112293215,"20","Var(a) = 0.50"
"Random-slope model (RS)",11,20,0.5,"KM",20,10.2630515056828,0.0410813381939091,10.1825320828228,10.3435709285429,"20","Var(a) = 0.50"
"Random-slope model (RS)",11,20,0.5,"BLM",20,12.1699967018366,0.0763640113130738,12.020323239663,12.3196701640102,"20","Var(a) = 0.50"
"Random-slope model (RS)",11,20,0.5,"CPF",20,12.1679987785352,0.0757984293300905,12.0194338570483,12.3165637000222,"20","Var(a) = 0.50"
"Random-slope model (RS)",11,20,0.5,"OBS",20,12.1718770470768,0.0756114038813988,12.0236786954693,12.3200753986844,"20","Var(a) = 0.50"
"Random-slope model (RS)",11,20,0.5,"LM",20,12.1699967018366,0.0763640113130739,12.020323239663,12.3196701640102,"20","Var(a) = 0.50"
"Random-slope model (RS)",11,50,0.5,"ORACLE",20,10.070930830243,0.0555615812019584,9.96203013108717,10.1798315293988,"50","Var(a) = 0.50"
"Random-slope model (RS)",11,50,0.5,"CIRG",20,10.087986909148,0.0566880017017028,9.97687842581263,10.1990953924833,"50","Var(a) = 0.50"
"Random-slope model (RS)",11,50,0.5,"KM",20,10.3218846293694,0.0495281956180469,10.2248093659581,10.4189598927808,"50","Var(a) = 0.50"
"Random-slope model (RS)",11,50,0.5,"BLM",20,12.2586427903904,0.0779139031208638,12.1059315402735,12.4113540405073,"50","Var(a) = 0.50"
"Random-slope model (RS)",11,50,0.5,"CPF",20,12.2835776380447,0.0800601887713893,12.1266596680527,12.4404956080366,"50","Var(a) = 0.50"
"Random-slope model (RS)",11,50,0.5,"OBS",20,12.2671919916403,0.0782602661184315,12.1138018700482,12.4205821132324,"50","Var(a) = 0.50"
"Random-slope model (RS)",11,50,0.5,"LM",20,12.2586427903904,0.0779139031208639,12.1059315402735,12.4113540405073,"50","Var(a) = 0.50"
"Random-slope model (RS)",11,10,2.25,"ORACLE",20,9.47814125053834,0.0584049771254246,9.3636674953725,9.59261500570417,"10","Var(a) = 2.25"
"Random-slope model (RS)",11,10,2.25,"CIRG",20,9.88755785340191,0.0709546531458101,9.74848673323612,10.0266289735677,"10","Var(a) = 2.25"
"Random-slope model (RS)",11,10,2.25,"KM",20,10.1289179924796,0.0802767928084944,9.97157547857499,10.2862605063843,"10","Var(a) = 2.25"
"Random-slope model (RS)",11,10,2.25,"BLM",20,12.1786157627056,0.104061298054216,11.9746556185193,12.3825759068918,"10","Var(a) = 2.25"
"Random-slope model (RS)",11,10,2.25,"CPF",20,12.1834748198564,0.104124017537799,11.9793917454823,12.3875578942305,"10","Var(a) = 2.25"
"Random-slope model (RS)",11,10,2.25,"OBS",20,12.181270948302,0.103991507675636,11.9774475932577,12.3850943033462,"10","Var(a) = 2.25"
"Random-slope model (RS)",11,10,2.25,"LM",20,12.1786157627056,0.104061298054216,11.9746556185193,12.3825759068918,"10","Var(a) = 2.25"
"Random-slope model (RS)",11,20,2.25,"ORACLE",20,9.74876851728546,0.04241528150941,9.66563456552701,9.8319024690439,"20","Var(a) = 2.25"
"Random-slope model (RS)",11,20,2.25,"CIRG",20,10.0879758525033,0.066906590205513,9.95683893570053,10.2191127693061,"20","Var(a) = 2.25"
"Random-slope model (RS)",11,20,2.25,"KM",20,10.3239925025977,0.0423717750000532,10.2409438235976,10.4070411815978,"20","Var(a) = 2.25"
"Random-slope model (RS)",11,20,2.25,"BLM",20,12.3247270326261,0.0795854206324374,12.1687396081865,12.4807144570657,"20","Var(a) = 2.25"
"Random-slope model (RS)",11,20,2.25,"CPF",20,12.3228417795604,0.0791749044400771,12.1676589668578,12.4780245922629,"20","Var(a) = 2.25"
"Random-slope model (RS)",11,20,2.25,"OBS",20,12.3267087394703,0.0791538146545206,12.1715672627475,12.4818502161932,"20","Var(a) = 2.25"
"Random-slope model (RS)",11,20,2.25,"LM",20,12.3247270326261,0.0795854206324375,12.1687396081865,12.4807144570657,"20","Var(a) = 2.25"
"Random-slope model (RS)",11,50,2.25,"ORACLE",20,10.0870879171896,0.0552102308661592,9.97887586469189,10.1952999696872,"50","Var(a) = 2.25"
"Random-slope model (RS)",11,50,2.25,"CIRG",20,10.1649795426939,0.0578709431861501,10.0515524940491,10.2784065913388,"50","Var(a) = 2.25"
"Random-slope model (RS)",11,50,2.25,"KM",20,10.4129637755624,0.0478791177781702,10.3191207047172,10.5068068464076,"50","Var(a) = 2.25"
"Random-slope model (RS)",11,50,2.25,"BLM",20,12.4426531400841,0.0799532848007564,12.2859447018746,12.5993615782936,"50","Var(a) = 2.25"
"Random-slope model (RS)",11,50,2.25,"CPF",20,12.4701849328608,0.0834906150260659,12.3065433274097,12.6338265383119,"50","Var(a) = 2.25"
"Random-slope model (RS)",11,50,2.25,"OBS",20,12.4514078386301,0.0801368829882475,12.2943395479731,12.608476129287,"50","Var(a) = 2.25"
"Random-slope model (RS)",11,50,2.25,"LM",20,12.4426531400841,0.0799532848007565,12.2859447018746,12.5993615782936,"50","Var(a) = 2.25"
"Random-intercept model (RI)",12,10,0.5,"ORACLE",20,9.06371400837861,0.0530006608971104,8.95983271302027,9.16759530373694,"10","Var(a) = 0.50"
"Random-intercept model (RI)",12,10,0.5,"CIRG",20,9.28167528669925,0.052027979050794,9.1797004477597,9.38365012563881,"10","Var(a) = 0.50"
"Random-intercept model (RI)",12,10,0.5,"KM",20,9.28195111097931,0.0522789307040647,9.17948440679934,9.38441781515927,"10","Var(a) = 0.50"
"Random-intercept model (RI)",12,10,0.5,"BLM",20,9.29017668932499,0.0511071463827295,9.19000668241484,9.39034669623514,"10","Var(a) = 0.50"
"Random-intercept model (RI)",12,10,0.5,"CPF",20,9.28961427383927,0.0510984715789421,9.18946126954454,9.389767278134,"10","Var(a) = 0.50"
"Random-intercept model (RI)",12,10,0.5,"OBS",20,9.28943911959285,0.0511074358161557,9.18926854539319,9.38960969379252,"10","Var(a) = 0.50"
"Random-intercept model (RI)",12,10,0.5,"LM",20,9.28954879863887,0.0512060761034649,9.18918488947608,9.38991270780166,"10","Var(a) = 0.50"
"Random-intercept model (RI)",12,20,0.5,"ORACLE",20,9.04824695868391,0.052394580546766,8.94555358081225,9.15094033655557,"20","Var(a) = 0.50"
"Random-intercept model (RI)",12,20,0.5,"CIRG",20,9.27988764110036,0.0520095457365386,9.17794893145674,9.38182635074397,"20","Var(a) = 0.50"
"Random-intercept model (RI)",12,20,0.5,"KM",20,9.28344217138868,0.0517116766356139,9.18208728518288,9.38479705759449,"20","Var(a) = 0.50"
"Random-intercept model (RI)",12,20,0.5,"BLM",20,9.30228008341384,0.0519299625908821,9.20049735673571,9.40406281009197,"20","Var(a) = 0.50"
"Random-intercept model (RI)",12,20,0.5,"CPF",20,9.29771887957165,0.0518315259855479,9.19612908863998,9.39930867050333,"20","Var(a) = 0.50"
"Random-intercept model (RI)",12,20,0.5,"OBS",20,9.29298425015525,0.0515340305781913,9.191977550222,9.3939909500885,"20","Var(a) = 0.50"
"Random-intercept model (RI)",12,20,0.5,"LM",20,9.2918211210564,0.0516368026777512,9.19061298780801,9.39302925430479,"20","Var(a) = 0.50"
"Random-intercept model (RI)",12,50,0.5,"ORACLE",20,9.0933440045115,0.0523667676158074,8.99070513998451,9.19598286903848,"50","Var(a) = 0.50"
"Random-intercept model (RI)",12,50,0.5,"CIRG",20,9.309808403445,0.0559517856004694,9.20014290366808,9.41947390322192,"50","Var(a) = 0.50"
"Random-intercept model (RI)",12,50,0.5,"KM",20,9.31304153220006,0.055456651476667,9.20434649530579,9.42173656909432,"50","Var(a) = 0.50"
"Random-intercept model (RI)",12,50,0.5,"BLM",20,9.35267761693347,0.0533949329747179,9.24802354830303,9.45733168556392,"50","Var(a) = 0.50"
"Random-intercept model (RI)",12,50,0.5,"CPF",20,9.33705988325453,0.0541044446321933,9.23101517177544,9.44310459473363,"50","Var(a) = 0.50"
"Random-intercept model (RI)",12,50,0.5,"OBS",20,9.31720930357907,0.0553154172496712,9.20879108576971,9.42562752138842,"50","Var(a) = 0.50"
"Random-intercept model (RI)",12,50,0.5,"LM",20,9.31617639619385,0.0555491294302095,9.20730010251064,9.42505268987706,"50","Var(a) = 0.50"
"Random-intercept model (RI)",12,10,2.25,"ORACLE",20,9.0639369928036,0.0531200809515178,8.95982163413862,9.16805235146857,"10","Var(a) = 2.25"
"Random-intercept model (RI)",12,10,2.25,"CIRG",20,10.0428448134448,0.0638470464367092,9.91770460242887,10.1679850244608,"10","Var(a) = 2.25"
"Random-intercept model (RI)",12,10,2.25,"KM",20,10.0490900703232,0.0637909431037188,9.92405982183987,10.1741203188064,"10","Var(a) = 2.25"
"Random-intercept model (RI)",12,10,2.25,"BLM",20,10.0965618572504,0.0630929562861658,9.97289966292955,10.2202240515713,"10","Var(a) = 2.25"
"Random-intercept model (RI)",12,10,2.25,"CPF",20,10.0957390761874,0.0630089991284869,9.97224143789554,10.2192367144792,"10","Var(a) = 2.25"
"Random-intercept model (RI)",12,10,2.25,"OBS",20,10.0955470245212,0.0629977826498664,9.97207137052747,10.219022678515,"10","Var(a) = 2.25"
"Random-intercept model (RI)",12,10,2.25,"LM",20,10.0954834681,0.0630556224146716,9.97189444816725,10.2190724880328,"10","Var(a) = 2.25"
"Random-intercept model (RI)",12,20,2.25,"ORACLE",20,9.04824867711498,0.0524242974876115,8.94549705403926,9.1510003001907,"20","Var(a) = 2.25"
"Random-intercept model (RI)",12,20,2.25,"CIRG",20,10.1296561193009,0.057785938047446,10.016395680728,10.2429165578739,"20","Var(a) = 2.25"
"Random-intercept model (RI)",12,20,2.25,"KM",20,10.1404560653776,0.0573701558835903,10.0280105598458,10.2529015709094,"20","Var(a) = 2.25"
"Random-intercept model (RI)",12,20,2.25,"BLM",20,10.2027395576323,0.0569414449075983,10.0911343256134,10.3143447896512,"20","Var(a) = 2.25"
"Random-intercept model (RI)",12,20,2.25,"CPF",20,10.1979704914904,0.0565413515498667,10.0871494424526,10.3087915405281,"20","Var(a) = 2.25"
"Random-intercept model (RI)",12,20,2.25,"OBS",20,10.1925292132499,0.0566189966985868,10.0815559797206,10.3035024467791,"20","Var(a) = 2.25"
"Random-intercept model (RI)",12,20,2.25,"LM",20,10.1911632529151,0.0566125420315984,10.0802026705332,10.3021238352971,"20","Var(a) = 2.25"
"Random-intercept model (RI)",12,50,2.25,"ORACLE",20,9.09349908042075,0.0513221002796418,8.99290776387265,9.19409039696884,"50","Var(a) = 2.25"
"Random-intercept model (RI)",12,50,2.25,"CIRG",20,10.2115628372333,0.0660725739929017,10.0820605922073,10.3410650822594,"50","Var(a) = 2.25"
"Random-intercept model (RI)",12,50,2.25,"KM",20,10.2221485045667,0.065490876757781,10.0937863861214,10.3505106230119,"50","Var(a) = 2.25"
"Random-intercept model (RI)",12,50,2.25,"BLM",20,10.3021001502469,0.0632668007160361,10.1780972208435,10.4261030796504,"50","Var(a) = 2.25"
"Random-intercept model (RI)",12,50,2.25,"CPF",20,10.2824473154518,0.0646498891475608,10.1557335327226,10.409161098181,"50","Var(a) = 2.25"
"Random-intercept model (RI)",12,50,2.25,"OBS",20,10.2608190628021,0.065979644600527,10.131498959385,10.3901391662191,"50","Var(a) = 2.25"
"Random-intercept model (RI)",12,50,2.25,"LM",20,10.2593120907374,0.0663459654342646,10.1292739984862,10.3893501829885,"50","Var(a) = 2.25"
"Random-slope model (RS)",12,10,0.5,"ORACLE",20,9.52383035896925,0.0538335746564868,9.41831655264254,9.62934416529596,"10","Var(a) = 0.50"
"Random-slope model (RS)",12,10,0.5,"CIRG",20,10.9853045891724,0.0782499649447447,10.8319346578807,11.1386745204641,"10","Var(a) = 0.50"
"Random-slope model (RS)",12,10,0.5,"KM",20,11.1495932039702,0.077661107808107,10.9973774326663,11.3018089752741,"10","Var(a) = 0.50"
"Random-slope model (RS)",12,10,0.5,"BLM",20,12.6740774114673,0.129782259009212,12.4197041838092,12.9284506391253,"10","Var(a) = 0.50"
"Random-slope model (RS)",12,10,0.5,"CPF",20,12.675392676503,0.130359185881572,12.4198886721752,12.9308966808309,"10","Var(a) = 0.50"
"Random-slope model (RS)",12,10,0.5,"OBS",20,12.6757496289678,0.130293575894982,12.4203742202137,12.931125037722,"10","Var(a) = 0.50"
"Random-slope model (RS)",12,10,0.5,"LM",20,12.6740774114673,0.129782259009212,12.4197041838092,12.9284506391253,"10","Var(a) = 0.50"
"Random-slope model (RS)",12,20,0.5,"ORACLE",20,9.80209520811078,0.0482238969247368,9.70757637013829,9.89661404608326,"20","Var(a) = 0.50"
"Random-slope model (RS)",12,20,0.5,"CIRG",20,11.2380721650712,0.0915035738568337,11.0587251603118,11.4174191698306,"20","Var(a) = 0.50"
"Random-slope model (RS)",12,20,0.5,"KM",20,11.4255221287117,0.0853730944111801,11.2581908636658,11.5928533937576,"20","Var(a) = 0.50"
"Random-slope model (RS)",12,20,0.5,"BLM",20,13.0424792586298,0.0999809691863654,12.8465165590245,13.2384419582351,"20","Var(a) = 0.50"
"Random-slope model (RS)",12,20,0.5,"CPF",20,13.04882825166,0.100765578189262,12.851327718409,13.2463287849109,"20","Var(a) = 0.50"
"Random-slope model (RS)",12,20,0.5,"OBS",20,13.0460245811678,0.100870620987702,12.8483181640319,13.2437309983037,"20","Var(a) = 0.50"
"Random-slope model (RS)",12,20,0.5,"LM",20,13.0424792586298,0.0999809691863654,12.8465165590245,13.2384419582351,"20","Var(a) = 0.50"
"Random-slope model (RS)",12,50,0.5,"ORACLE",20,10.4675121451695,0.0732831284340942,10.3238772134386,10.6111470769003,"50","Var(a) = 0.50"
"Random-slope model (RS)",12,50,0.5,"CIRG",20,11.4383459855351,0.0689297670588233,11.3032436420998,11.5734483289704,"50","Var(a) = 0.50"
"Random-slope model (RS)",12,50,0.5,"KM",20,11.5506858191873,0.069751951766054,11.4139719937258,11.6873996446487,"50","Var(a) = 0.50"
"Random-slope model (RS)",12,50,0.5,"BLM",20,13.1462991111649,0.103255268702915,12.9439187845071,13.3486794378226,"50","Var(a) = 0.50"
"Random-slope model (RS)",12,50,0.5,"CPF",20,13.1705929506307,0.102527539414646,12.969638973378,13.3715469278834,"50","Var(a) = 0.50"
"Random-slope model (RS)",12,50,0.5,"OBS",20,13.1548235623016,0.103842923118642,12.951291432989,13.3583556916141,"50","Var(a) = 0.50"
"Random-slope model (RS)",12,50,0.5,"LM",20,13.1462991111649,0.103255268702915,12.9439187845071,13.3486794378226,"50","Var(a) = 0.50"
"Random-slope model (RS)",12,10,2.25,"ORACLE",20,9.52474613084235,0.0538662441332835,9.41916829234112,9.63032396934359,"10","Var(a) = 2.25"
"Random-slope model (RS)",12,10,2.25,"CIRG",20,11.6562943141029,0.0850744854601533,11.489548322601,11.8230403056048,"10","Var(a) = 2.25"
"Random-slope model (RS)",12,10,2.25,"KM",20,11.8210010203225,0.0802399150798342,11.663730786766,11.978271253879,"10","Var(a) = 2.25"
"Random-slope model (RS)",12,10,2.25,"BLM",20,13.4200623646996,0.131360844581075,13.1625951093207,13.6775296200786,"10","Var(a) = 2.25"
"Random-slope model (RS)",12,10,2.25,"CPF",20,13.42159071289,0.131736583456595,13.1633870093151,13.6797944164649,"10","Var(a) = 2.25"
"Random-slope model (RS)",12,10,2.25,"OBS",20,13.4222336370198,0.131843432960556,13.1638205084171,13.6806467656225,"10","Var(a) = 2.25"
"Random-slope model (RS)",12,10,2.25,"LM",20,13.4200623646996,0.131360844581075,13.1625951093207,13.6775296200786,"10","Var(a) = 2.25"
"Random-slope model (RS)",12,20,2.25,"ORACLE",20,9.80449871038673,0.0480333063665994,9.71035342990819,9.89864399086526,"20","Var(a) = 2.25"
"Random-slope model (RS)",12,20,2.25,"CIRG",20,11.9995487731753,0.097361889506653,11.8087194697423,12.1903780766084,"20","Var(a) = 2.25"
"Random-slope model (RS)",12,20,2.25,"KM",20,12.1923545139108,0.0908275879822984,12.0143324414655,12.3703765863561,"20","Var(a) = 2.25"
"Random-slope model (RS)",12,20,2.25,"BLM",20,13.8754227483846,0.10349120493004,13.6725799867217,14.0782655100475,"20","Var(a) = 2.25"
"Random-slope model (RS)",12,20,2.25,"CPF",20,13.8830234648585,0.10403180246045,13.679121132036,14.086925797681,"20","Var(a) = 2.25"
"Random-slope model (RS)",12,20,2.25,"OBS",20,13.8797285511873,0.104234411286199,13.6754291050663,14.0840279973082,"20","Var(a) = 2.25"
"Random-slope model (RS)",12,20,2.25,"LM",20,13.8754227483846,0.10349120493004,13.6725799867217,14.0782655100475,"20","Var(a) = 2.25"
"Random-slope model (RS)",12,50,2.25,"ORACLE",20,10.4753703214751,0.0732578076883349,10.331785018406,10.6189556245442,"50","Var(a) = 2.25"
"Random-slope model (RS)",12,50,2.25,"CIRG",20,12.2603984201609,0.0746653867073092,12.1140542622146,12.4067425781072,"50","Var(a) = 2.25"
"Random-slope model (RS)",12,50,2.25,"KM",20,12.3662040548918,0.0788240879186082,12.2117088425713,12.5206992672123,"50","Var(a) = 2.25"
"Random-slope model (RS)",12,50,2.25,"BLM",20,14.0209086198613,0.110185621811392,13.804944801111,14.2368724386116,"50","Var(a) = 2.25"
"Random-slope model (RS)",12,50,2.25,"CPF",20,14.0493688418645,0.109364301439079,13.8350148110439,14.2637228726851,"50","Var(a) = 2.25"
"Random-slope model (RS)",12,50,2.25,"OBS",20,14.0310872863082,0.110561044873666,13.8143876383558,14.2477869342606,"50","Var(a) = 2.25"
"Random-slope model (RS)",12,50,2.25,"LM",20,14.0209086198613,0.110185621811392,13.804944801111,14.2368724386116,"50","Var(a) = 2.25"
"Random-intercept model (RI)",13,10,0.5,"ORACLE",20,9.06476114899777,0.0529590405172528,8.96096142958395,9.16856086841159,"10","Var(a) = 0.50"
"Random-intercept model (RI)",13,10,0.5,"CIRG",20,9.32104682412258,0.0574148998748583,9.20851362036786,9.4335800278773,"10","Var(a) = 0.50"
"Random-intercept model (RI)",13,10,0.5,"KM",20,9.32417517144283,0.0569192268154683,9.21261348688451,9.43573685600115,"10","Var(a) = 0.50"
"Random-intercept model (RI)",13,10,0.5,"BLM",20,9.32491589617664,0.0569831031721985,9.21322901395913,9.43660277839415,"10","Var(a) = 0.50"
"Random-intercept model (RI)",13,10,0.5,"CPF",20,9.32439896336698,0.0570199641121762,9.21263983370711,9.43615809302684,"10","Var(a) = 0.50"
"Random-intercept model (RI)",13,10,0.5,"OBS",20,9.32397481686012,0.056971988123973,9.21230972013713,9.43563991358311,"10","Var(a) = 0.50"
"Random-intercept model (RI)",13,10,0.5,"LM",20,9.32419816043336,0.0570718636128358,9.2123373077522,9.43605901311452,"10","Var(a) = 0.50"
"Random-intercept model (RI)",13,20,0.5,"ORACLE",20,9.04438004031159,0.0523046289090682,8.94186296764982,9.14689711297336,"20","Var(a) = 0.50"
"Random-intercept model (RI)",13,20,0.5,"CIRG",20,9.34846707999595,0.0579747591484883,9.23483655206492,9.46209760792699,"20","Var(a) = 0.50"
"Random-intercept model (RI)",13,20,0.5,"KM",20,9.34774055575105,0.0583057878725487,9.23346121152086,9.46201989998125,"20","Var(a) = 0.50"
"Random-intercept model (RI)",13,20,0.5,"BLM",20,9.3587176572466,0.0574578726821721,9.24610022678954,9.47133508770365,"20","Var(a) = 0.50"
"Random-intercept model (RI)",13,20,0.5,"CPF",20,9.3527456616627,0.0573280407678658,9.24038270175768,9.46510862156771,"20","Var(a) = 0.50"
"Random-intercept model (RI)",13,20,0.5,"OBS",20,9.34815320945109,0.057839212141038,9.23478835365466,9.46151806524753,"20","Var(a) = 0.50"
"Random-intercept model (RI)",13,20,0.5,"LM",20,9.34691088576249,0.0582597502889533,9.23272177519614,9.46109999632884,"20","Var(a) = 0.50"
"Random-intercept model (RI)",13,50,0.5,"ORACLE",20,9.08545699991383,0.0515493241520599,8.9844203245758,9.18649367525187,"50","Var(a) = 0.50"
"Random-intercept model (RI)",13,50,0.5,"CIRG",20,9.40705640323641,0.0530857876621772,9.30300825941855,9.51110454705428,"50","Var(a) = 0.50"
"Random-intercept model (RI)",13,50,0.5,"KM",20,9.40809494570696,0.0531431549210902,9.30393436206162,9.51225552935229,"50","Var(a) = 0.50"
"Random-intercept model (RI)",13,50,0.5,"BLM",20,9.44175685672229,0.0529478507488201,9.3379790692546,9.54553464418997,"50","Var(a) = 0.50"
"Random-intercept model (RI)",13,50,0.5,"CPF",20,9.42967447549463,0.0525793333585726,9.32661898211182,9.53272996887743,"50","Var(a) = 0.50"
"Random-intercept model (RI)",13,50,0.5,"OBS",20,9.4086091079762,0.0530759158570053,9.30458031289647,9.51263790305593,"50","Var(a) = 0.50"
"Random-intercept model (RI)",13,50,0.5,"LM",20,9.40777526064677,0.0531405519011127,9.30361977892059,9.51193074237296,"50","Var(a) = 0.50"
"Random-intercept model (RI)",13,10,2.25,"ORACLE",20,9.06449136879126,0.0530942399965544,8.96042665839802,9.16855607918451,"10","Var(a) = 2.25"
"Random-intercept model (RI)",13,10,2.25,"CIRG",20,10.216222081509,0.0903517386230394,10.0391326738078,10.3933114892101,"10","Var(a) = 2.25"
"Random-intercept model (RI)",13,10,2.25,"KM",20,10.2342086121581,0.087411873238827,10.06288134061,10.4055358837062,"10","Var(a) = 2.25"
"Random-intercept model (RI)",13,10,2.25,"BLM",20,10.2455941130989,0.0859081409751301,10.0772141567877,10.4139740694102,"10","Var(a) = 2.25"
"Random-intercept model (RI)",13,10,2.25,"CPF",20,10.2450405984423,0.0858377560230853,10.0767985966371,10.4132826002476,"10","Var(a) = 2.25"
"Random-intercept model (RI)",13,10,2.25,"OBS",20,10.2446088802045,0.0857666861296747,10.0765061753904,10.4127115850187,"10","Var(a) = 2.25"
"Random-intercept model (RI)",13,10,2.25,"LM",20,10.2447936515494,0.0857708336734826,10.0766828175494,10.4129044855494,"10","Var(a) = 2.25"
"Random-intercept model (RI)",13,20,2.25,"ORACLE",20,9.04614368620668,0.0523422781868258,8.9435528209605,9.14873455145286,"20","Var(a) = 2.25"
"Random-intercept model (RI)",13,20,2.25,"CIRG",20,10.4314580534927,0.074879963180752,10.2846933256584,10.578222781327,"20","Var(a) = 2.25"
"Random-intercept model (RI)",13,20,2.25,"KM",20,10.4402326205739,0.0753641948083475,10.2925187987495,10.5879464423983,"20","Var(a) = 2.25"
"Random-intercept model (RI)",13,20,2.25,"BLM",20,10.457294807196,0.0730961775088184,10.3140262992787,10.6005633151133,"20","Var(a) = 2.25"
"Random-intercept model (RI)",13,20,2.25,"CPF",20,10.4504109881893,0.0732705069215583,10.3068007946231,10.5940211817556,"20","Var(a) = 2.25"
"Random-intercept model (RI)",13,20,2.25,"OBS",20,10.4455739002152,0.0739557636231037,10.3006206035139,10.5905271969165,"20","Var(a) = 2.25"
"Random-intercept model (RI)",13,20,2.25,"LM",20,10.4441761007877,0.0743856327571258,10.2983802605838,10.5899719409917,"20","Var(a) = 2.25"
"Random-intercept model (RI)",13,50,2.25,"ORACLE",20,9.08998459003535,0.0510963679289137,8.98983570889468,9.19013347117602,"50","Var(a) = 2.25"
"Random-intercept model (RI)",13,50,2.25,"CIRG",20,10.6186656773384,0.0620758012235806,10.4969971069402,10.7403342477366,"50","Var(a) = 2.25"
"Random-intercept model (RI)",13,50,2.25,"KM",20,10.6260153815448,0.0628024257926508,10.5029226269912,10.7491081360984,"50","Var(a) = 2.25"
"Random-intercept model (RI)",13,50,2.25,"BLM",20,10.6611080788696,0.0627517329442352,10.5381146822989,10.7841014754403,"50","Var(a) = 2.25"
"Random-intercept model (RI)",13,50,2.25,"CPF",20,10.6447696349264,0.0633421120616986,10.5206190952855,10.7689201745674,"50","Var(a) = 2.25"
"Random-intercept model (RI)",13,50,2.25,"OBS",20,10.627012716207,0.0626929513835995,10.5041345314951,10.7498909009189,"50","Var(a) = 2.25"
"Random-intercept model (RI)",13,50,2.25,"LM",20,10.6258368549273,0.0627032736150569,10.5029384386418,10.7487352712128,"50","Var(a) = 2.25"
"Random-slope model (RS)",13,10,0.5,"ORACLE",20,9.48721912556419,0.0546799990518757,9.38004632742251,9.59439192370587,"10","Var(a) = 0.50"
"Random-slope model (RS)",13,10,0.5,"CIRG",20,11.8637771441441,0.188336868909941,11.4946368810806,12.2329174072076,"10","Var(a) = 0.50"
"Random-slope model (RS)",13,10,0.5,"KM",20,12.0027737340864,0.178244566697329,11.6534143833596,12.3521330848132,"10","Var(a) = 0.50"
"Random-slope model (RS)",13,10,0.5,"BLM",20,12.4850010253296,0.121939024299276,12.246000537703,12.7240015129562,"10","Var(a) = 0.50"
"Random-slope model (RS)",13,10,0.5,"CPF",20,12.4877422654328,0.121546935209118,12.2495102724229,12.7259742584426,"10","Var(a) = 0.50"
"Random-slope model (RS)",13,10,0.5,"OBS",20,12.4875706492313,0.121975570173495,12.2484985316912,12.7266427667713,"10","Var(a) = 0.50"
"Random-slope model (RS)",13,10,0.5,"LM",20,12.4850010253296,0.121939024299276,12.246000537703,12.7240015129562,"10","Var(a) = 0.50"
"Random-slope model (RS)",13,20,0.5,"ORACLE",20,9.76569789505997,0.0465433040331824,9.67447301915493,9.85692277096501,"20","Var(a) = 0.50"
"Random-slope model (RS)",13,20,0.5,"CIRG",20,12.818041266198,0.125166351577799,12.5727152171055,13.0633673152905,"20","Var(a) = 0.50"
"Random-slope model (RS)",13,20,0.5,"KM",20,12.9130008895506,0.105822107153733,12.7055895595293,13.1204122195719,"20","Var(a) = 0.50"
"Random-slope model (RS)",13,20,0.5,"BLM",20,13.3020976142626,0.0948350541820024,13.1162209080659,13.4879743204593,"20","Var(a) = 0.50"
"Random-slope model (RS)",13,20,0.5,"CPF",20,13.3105784191044,0.0949765448627394,13.1244243911734,13.4967324470354,"20","Var(a) = 0.50"
"Random-slope model (RS)",13,20,0.5,"OBS",20,13.3062907517132,0.0957301330879381,13.1186596908609,13.4939218125656,"20","Var(a) = 0.50"
"Random-slope model (RS)",13,20,0.5,"LM",20,13.3020976142626,0.0948350541820023,13.1162209080659,13.4879743204593,"20","Var(a) = 0.50"
"Random-slope model (RS)",13,50,0.5,"ORACLE",20,10.2902070573159,0.063301592423829,10.1661359361652,10.4142781784666,"50","Var(a) = 0.50"
"Random-slope model (RS)",13,50,0.5,"CIRG",20,12.9200921501988,0.106644278418902,12.7110693644978,13.1291149358999,"50","Var(a) = 0.50"
"Random-slope model (RS)",13,50,0.5,"KM",20,13.0926887291879,0.0855861047457517,12.9249399638863,13.2604374944896,"50","Var(a) = 0.50"
"Random-slope model (RS)",13,50,0.5,"BLM",20,13.3670843006736,0.0740846656298944,13.221878356039,13.5122902453082,"50","Var(a) = 0.50"
"Random-slope model (RS)",13,50,0.5,"CPF",20,13.3949588206359,0.0731258846684134,13.2516320866859,13.538285554586,"50","Var(a) = 0.50"
"Random-slope model (RS)",13,50,0.5,"OBS",20,13.3748863526958,0.0750934781548327,13.2277031355123,13.5220695698792,"50","Var(a) = 0.50"
"Random-slope model (RS)",13,50,0.5,"LM",20,13.3670843006736,0.0740846656298944,13.221878356039,13.5122902453082,"50","Var(a) = 0.50"
"Random-slope model (RS)",13,10,2.25,"ORACLE",20,9.4900525203018,0.0548728327059137,9.38250176819821,9.59760327240539,"10","Var(a) = 2.25"
"Random-slope model (RS)",13,10,2.25,"CIRG",20,12.8295689477286,0.222983709077523,12.3925208779367,13.2666170175206,"10","Var(a) = 2.25"
"Random-slope model (RS)",13,10,2.25,"KM",20,12.9831290912615,0.210300793751286,12.570939535509,13.395318647014,"10","Var(a) = 2.25"
"Random-slope model (RS)",13,10,2.25,"BLM",20,13.4805797132055,0.146669193063257,13.1931080948015,13.7680513316095,"10","Var(a) = 2.25"
"Random-slope model (RS)",13,10,2.25,"CPF",20,13.4834644462948,0.146411242359168,13.1964984112708,13.7704304813188,"10","Var(a) = 2.25"
"Random-slope model (RS)",13,10,2.25,"OBS",20,13.4833636940189,0.146606898114727,13.196014173714,13.7707132143237,"10","Var(a) = 2.25"
"Random-slope model (RS)",13,10,2.25,"LM",20,13.4805797132055,0.146669193063257,13.1931080948015,13.7680513316095,"10","Var(a) = 2.25"
"Random-slope model (RS)",13,20,2.25,"ORACLE",20,9.77231670982298,0.0464055796157375,9.68136177377614,9.86327164586983,"20","Var(a) = 2.25"
"Random-slope model (RS)",13,20,2.25,"CIRG",20,14.0587883491225,0.157523892629148,13.7500415195693,14.3675351786756,"20","Var(a) = 2.25"
"Random-slope model (RS)",13,20,2.25,"KM",20,14.1644324630016,0.136312838059658,13.8972593004047,14.4316056255986,"20","Var(a) = 2.25"
"Random-slope model (RS)",13,20,2.25,"BLM",20,14.5618205782164,0.127763494275268,14.3114041294369,14.812237026996,"20","Var(a) = 2.25"
"Random-slope model (RS)",13,20,2.25,"CPF",20,14.5721976142377,0.127499846927446,14.3222979142599,14.8220973142155,"20","Var(a) = 2.25"
"Random-slope model (RS)",13,20,2.25,"OBS",20,14.5657220191935,0.128470490982847,14.3139198568671,14.8175241815199,"20","Var(a) = 2.25"
"Random-slope model (RS)",13,20,2.25,"LM",20,14.5618205782164,0.127763494275268,14.3114041294369,14.812237026996,"20","Var(a) = 2.25"
"Random-slope model (RS)",13,50,2.25,"ORACLE",20,10.3067355748869,0.0632222943014818,10.182819878056,10.4306512717178,"50","Var(a) = 2.25"
"Random-slope model (RS)",13,50,2.25,"CIRG",20,14.1854268769675,0.122135968560627,13.9460403785886,14.4248133753463,"50","Var(a) = 2.25"
"Random-slope model (RS)",13,50,2.25,"KM",20,14.3617149979972,0.104254067544966,14.157377025609,14.5660529703853,"50","Var(a) = 2.25"
"Random-slope model (RS)",13,50,2.25,"BLM",20,14.6457548636102,0.0886173714163488,14.4720648156341,14.8194449115862,"50","Var(a) = 2.25"
"Random-slope model (RS)",13,50,2.25,"CPF",20,14.6737363274439,0.0876850686587182,14.5018735928728,14.845599062015,"50","Var(a) = 2.25"
"Random-slope model (RS)",13,50,2.25,"OBS",20,14.6533627791825,0.0893470762187942,14.4782425097937,14.8284830485714,"50","Var(a) = 2.25"
"Random-slope model (RS)",13,50,2.25,"LM",20,14.6457548636102,0.0886173714163487,14.4720648156341,14.8194449115862,"50","Var(a) = 2.25"
"Random-intercept model (RI)",14,10,0.5,"ORACLE",20,9.06417506798889,0.0534697699947435,8.95937431879919,9.16897581717858,"10","Var(a) = 0.50"
"Random-intercept model (RI)",14,10,0.5,"CIRG",20,9.3745208428393,0.0567343730427634,9.26332147167548,9.48572021400311,"10","Var(a) = 0.50"
"Random-intercept model (RI)",14,10,0.5,"KM",20,9.37453948360158,0.0567264050300622,9.26335572974265,9.4857232374605,"10","Var(a) = 0.50"
"Random-intercept model (RI)",14,10,0.5,"BLM",20,9.37533271190183,0.0566249286197002,9.26434785180722,9.48631757199644,"10","Var(a) = 0.50"
"Random-intercept model (RI)",14,10,0.5,"CPF",20,9.37456320663686,0.0567059192289393,9.26341960494814,9.48570680832558,"10","Var(a) = 0.50"
"Random-intercept model (RI)",14,10,0.5,"OBS",20,9.37441063564363,0.0566731064013033,9.26333134709707,9.48548992419018,"10","Var(a) = 0.50"
"Random-intercept model (RI)",14,10,0.5,"LM",20,9.37455586405808,0.0567320491747753,9.26336104767552,9.48575068044064,"10","Var(a) = 0.50"
"Random-intercept model (RI)",14,20,0.5,"ORACLE",20,9.04458597230119,0.0524857680617842,8.94171386690009,9.14745807770229,"20","Var(a) = 0.50"
"Random-intercept model (RI)",14,20,0.5,"CIRG",20,9.36496126934791,0.0572561381160382,9.25273923864048,9.47718330005534,"20","Var(a) = 0.50"
"Random-intercept model (RI)",14,20,0.5,"KM",20,9.36563650923473,0.057161738059854,9.25359950263742,9.47767351583205,"20","Var(a) = 0.50"
"Random-intercept model (RI)",14,20,0.5,"BLM",20,9.37676534333981,0.0572977747896779,9.26446170475204,9.48906898192758,"20","Var(a) = 0.50"
"Random-intercept model (RI)",14,20,0.5,"CPF",20,9.37208590249176,0.0571961974606149,9.25998135546895,9.48419044951456,"20","Var(a) = 0.50"
"Random-intercept model (RI)",14,20,0.5,"OBS",20,9.36631433509659,0.0571688799831767,9.25426333032956,9.47836533986361,"20","Var(a) = 0.50"
"Random-intercept model (RI)",14,20,0.5,"LM",20,9.36474082897927,0.0572161270022277,9.2525972200549,9.47688443790364,"20","Var(a) = 0.50"
"Random-intercept model (RI)",14,50,0.5,"ORACLE",20,9.08943372072655,0.0530376944384462,8.98547983962719,9.1933876018259,"50","Var(a) = 0.50"
"Random-intercept model (RI)",14,50,0.5,"CIRG",20,9.4309341823996,0.0579432855605214,9.31736534270098,9.54450302209823,"50","Var(a) = 0.50"
"Random-intercept model (RI)",14,50,0.5,"KM",20,9.43069303821452,0.0580737988074956,9.31686839255183,9.54451768387721,"50","Var(a) = 0.50"
"Random-intercept model (RI)",14,50,0.5,"BLM",20,9.46888941047187,0.057027932102964,9.35711466355006,9.58066415739368,"50","Var(a) = 0.50"
"Random-intercept model (RI)",14,50,0.5,"CPF",20,9.4550837244935,0.0573542935817414,9.34266930907329,9.56749813991372,"50","Var(a) = 0.50"
"Random-intercept model (RI)",14,50,0.5,"OBS",20,9.43124728105364,0.0579290069792782,9.31770642737425,9.54478813473302,"50","Var(a) = 0.50"
"Random-intercept model (RI)",14,50,0.5,"LM",20,9.43071071454761,0.0580753460684284,9.31688303625349,9.54453839284173,"50","Var(a) = 0.50"
"Random-intercept model (RI)",14,10,2.25,"ORACLE",20,9.06418451829542,0.0533400522768953,8.95963801583271,9.16873102075814,"10","Var(a) = 2.25"
"Random-intercept model (RI)",14,10,2.25,"CIRG",20,10.5150880617605,0.0654087991567548,10.3868868154133,10.6432893081078,"10","Var(a) = 2.25"
"Random-intercept model (RI)",14,10,2.25,"KM",20,10.5154934370721,0.065303357003131,10.387498857346,10.6434880167982,"10","Var(a) = 2.25"
"Random-intercept model (RI)",14,10,2.25,"BLM",20,10.5167434806555,0.0653630508147865,10.3886319010585,10.6448550602524,"10","Var(a) = 2.25"
"Random-intercept model (RI)",14,10,2.25,"CPF",20,10.5159666262066,0.0653913247546755,10.3877996296874,10.6441336227257,"10","Var(a) = 2.25"
"Random-intercept model (RI)",14,10,2.25,"OBS",20,10.5154400465324,0.0654389553968983,10.3871796939544,10.6437003991103,"10","Var(a) = 2.25"
"Random-intercept model (RI)",14,10,2.25,"LM",20,10.5154128503469,0.0654094367424847,10.3872103543316,10.6436153463621,"10","Var(a) = 2.25"
"Random-intercept model (RI)",14,20,2.25,"ORACLE",20,9.04640442415346,0.0524479662401389,8.94360641032279,9.14920243798413,"20","Var(a) = 2.25"
"Random-intercept model (RI)",14,20,2.25,"CIRG",20,10.5684616384884,0.0665782279388804,10.4379683117282,10.6989549652486,"20","Var(a) = 2.25"
"Random-intercept model (RI)",14,20,2.25,"KM",20,10.5693908735144,0.0664495447361777,10.4391497658315,10.6996319811974,"20","Var(a) = 2.25"
"Random-intercept model (RI)",14,20,2.25,"BLM",20,10.5850467801875,0.0670826949754593,10.4535646980356,10.7165288623394,"20","Var(a) = 2.25"
"Random-intercept model (RI)",14,20,2.25,"CPF",20,10.5774107522944,0.0668820135420645,10.4463220057519,10.7084994988368,"20","Var(a) = 2.25"
"Random-intercept model (RI)",14,20,2.25,"OBS",20,10.5722679121885,0.0668875476665946,10.441168318762,10.703367505615,"20","Var(a) = 2.25"
"Random-intercept model (RI)",14,20,2.25,"LM",20,10.5702131098006,0.0667360582579296,10.4394104356151,10.7010157839862,"20","Var(a) = 2.25"
"Random-intercept model (RI)",14,50,2.25,"ORACLE",20,9.09186176705795,0.0520901218077269,8.98976512831481,9.1939584058011,"50","Var(a) = 2.25"
"Random-intercept model (RI)",14,50,2.25,"CIRG",20,10.7161254302075,0.0682585416530244,10.5823386885676,10.8499121718474,"50","Var(a) = 2.25"
"Random-intercept model (RI)",14,50,2.25,"KM",20,10.7154359935966,0.0682716106954151,10.5816236366336,10.8492483505596,"50","Var(a) = 2.25"
"Random-intercept model (RI)",14,50,2.25,"BLM",20,10.7577341796486,0.0668674428514914,10.6266739916597,10.8887943676376,"50","Var(a) = 2.25"
"Random-intercept model (RI)",14,50,2.25,"CPF",20,10.7378320552676,0.0680532019978877,10.6044477793517,10.8712163311834,"50","Var(a) = 2.25"
"Random-intercept model (RI)",14,50,2.25,"OBS",20,10.7170532330089,0.0682346501841631,10.583313318648,10.8507931473699,"50","Var(a) = 2.25"
"Random-intercept model (RI)",14,50,2.25,"LM",20,10.7166161474378,0.0684160971926805,10.5825205969401,10.8507116979354,"50","Var(a) = 2.25"
"Random-slope model (RS)",14,10,0.5,"ORACLE",20,9.5708196143553,0.0551636082516836,9.462698942182,9.6789402865286,"10","Var(a) = 0.50"
"Random-slope model (RS)",14,10,0.5,"CIRG",20,13.6631827475942,0.138892408796993,13.3909536263521,13.9354118688363,"10","Var(a) = 0.50"
"Random-slope model (RS)",14,10,0.5,"KM",20,13.825509688841,0.171425688986214,13.489515338428,14.161504039254,"10","Var(a) = 0.50"
"Random-slope model (RS)",14,10,0.5,"BLM",20,14.7112208836528,0.119806285659213,14.4764005637608,14.9460412035449,"10","Var(a) = 0.50"
"Random-slope model (RS)",14,10,0.5,"CPF",20,14.7141858668448,0.119993340930306,14.4789989186214,14.9493728150682,"10","Var(a) = 0.50"
"Random-slope model (RS)",14,10,0.5,"OBS",20,14.7153038223735,0.120233934494918,14.4796453107634,14.9509623339835,"10","Var(a) = 0.50"
"Random-slope model (RS)",14,10,0.5,"LM",20,14.7112208836528,0.119806285659213,14.4764005637608,14.9460412035449,"10","Var(a) = 0.50"
"Random-slope model (RS)",14,20,0.5,"ORACLE",20,9.97240088989344,0.0527746070604663,9.86896266005493,10.075839119732,"20","Var(a) = 0.50"
"Random-slope model (RS)",14,20,0.5,"CIRG",20,13.7472401597152,0.126934497872096,13.4984485438859,13.9960317755445,"20","Var(a) = 0.50"
"Random-slope model (RS)",14,20,0.5,"KM",20,13.9038247156687,0.155299544634001,13.5994376081861,14.2082118231514,"20","Var(a) = 0.50"
"Random-slope model (RS)",14,20,0.5,"BLM",20,15.0633808741813,0.147026508989089,14.7752089165627,15.3515528317999,"20","Var(a) = 0.50"
"Random-slope model (RS)",14,20,0.5,"CPF",20,15.073843833131,0.148079164612079,14.7836086704913,15.3640789957707,"20","Var(a) = 0.50"
"Random-slope model (RS)",14,20,0.5,"OBS",20,15.0688457642404,0.146899880925753,14.780921997626,15.3567695308549,"20","Var(a) = 0.50"
"Random-slope model (RS)",14,20,0.5,"LM",20,15.0633808741813,0.147026508989089,14.7752089165627,15.3515528317999,"20","Var(a) = 0.50"
"Random-slope model (RS)",14,50,0.5,"ORACLE",20,10.9042966992146,0.0667831340318687,10.7734017565121,11.0351916419171,"50","Var(a) = 0.50"
"Random-slope model (RS)",14,50,0.5,"CIRG",20,14.1544096545198,0.146856443183771,13.8665710258796,14.44224828316,"50","Var(a) = 0.50"
"Random-slope model (RS)",14,50,0.5,"KM",20,14.3976630805984,0.168608754070535,14.0671899226202,14.7281362385767,"50","Var(a) = 0.50"
"Random-slope model (RS)",14,50,0.5,"BLM",20,15.320141963365,0.110060768610156,15.1044228568891,15.5358610698409,"50","Var(a) = 0.50"
"Random-slope model (RS)",14,50,0.5,"CPF",20,15.3485449489422,0.107278528348556,15.138279033379,15.5588108645053,"50","Var(a) = 0.50"
"Random-slope model (RS)",14,50,0.5,"OBS",20,15.3298919770135,0.10927457501585,15.1157138099824,15.5440701440446,"50","Var(a) = 0.50"
"Random-slope model (RS)",14,50,0.5,"LM",20,15.320141963365,0.110060768610156,15.1044228568891,15.5358610698409,"50","Var(a) = 0.50"
"Random-slope model (RS)",14,10,2.25,"ORACLE",20,9.57093359281257,0.0550760487720485,9.46298453721936,9.67888264840579,"10","Var(a) = 2.25"
"Random-slope model (RS)",14,10,2.25,"CIRG",20,14.7907103164457,0.149534830544981,14.4976220485776,15.0837985843139,"10","Var(a) = 2.25"
"Random-slope model (RS)",14,10,2.25,"KM",20,14.9475534950993,0.177130554963298,14.6003776073712,15.2947293828274,"10","Var(a) = 2.25"
"Random-slope model (RS)",14,10,2.25,"BLM",20,15.8147280596092,0.127911111151372,15.5640222817525,16.0654338374659,"10","Var(a) = 2.25"
"Random-slope model (RS)",14,10,2.25,"CPF",20,15.8191278366545,0.128473921172704,15.567318951156,16.070936722153,"10","Var(a) = 2.25"
"Random-slope model (RS)",14,10,2.25,"OBS",20,15.8194107414065,0.128443192875248,15.567662083371,16.071159399442,"10","Var(a) = 2.25"
"Random-slope model (RS)",14,10,2.25,"LM",20,15.8147280596092,0.127911111151372,15.5640222817525,16.0654338374659,"10","Var(a) = 2.25"
"Random-slope model (RS)",14,20,2.25,"ORACLE",20,9.97592649577196,0.0529155909296163,9.87221193754991,10.079641053994,"20","Var(a) = 2.25"
"Random-slope model (RS)",14,20,2.25,"CIRG",20,14.9393381276374,0.140796324713354,14.6633773311992,15.2152989240755,"20","Var(a) = 2.25"
"Random-slope model (RS)",14,20,2.25,"KM",20,15.0960800768751,0.171123415097379,14.7606781832842,15.431481970466,"20","Var(a) = 2.25"
"Random-slope model (RS)",14,20,2.25,"BLM",20,16.2470336891231,0.159883504712226,15.9336620198871,16.5604053583591,"20","Var(a) = 2.25"
"Random-slope model (RS)",14,20,2.25,"CPF",20,16.2584208585083,0.160627438269071,15.9435910795009,16.5732506375157,"20","Var(a) = 2.25"
"Random-slope model (RS)",14,20,2.25,"OBS",20,16.2523797109826,0.160092331053599,15.9385987421175,16.5661606798476,"20","Var(a) = 2.25"
"Random-slope model (RS)",14,20,2.25,"LM",20,16.2470336891231,0.159883504712226,15.9336620198871,16.5604053583591,"20","Var(a) = 2.25"
"Random-slope model (RS)",14,50,2.25,"ORACLE",20,10.9129990400407,0.0655611586922308,10.7844991690039,11.0414989110774,"50","Var(a) = 2.25"
"Random-slope model (RS)",14,50,2.25,"CIRG",20,15.4371284629465,0.16002261072925,15.1234841459172,15.7507727799759,"50","Var(a) = 2.25"
"Random-slope model (RS)",14,50,2.25,"KM",20,15.6738561148709,0.182210516662236,15.3167235022129,16.0309887275289,"50","Var(a) = 2.25"
"Random-slope model (RS)",14,50,2.25,"BLM",20,16.5889361752844,0.126003704597282,16.3419689142737,16.835903436295,"50","Var(a) = 2.25"
"Random-slope model (RS)",14,50,2.25,"CPF",20,16.6182950072823,0.122418582896101,16.378354584806,16.8582354297587,"50","Var(a) = 2.25"
"Random-slope model (RS)",14,50,2.25,"OBS",20,16.5997687783659,0.12475419344066,16.3552505592222,16.8442869975096,"50","Var(a) = 2.25"
"Random-slope model (RS)",14,50,2.25,"LM",20,16.5889361752844,0.126003704597282,16.3419689142737,16.835903436295,"50","Var(a) = 2.25"
"Random-intercept model (RI)",15,10,0.5,"ORACLE",20,9.06390717101483,0.0530104289020799,8.96000673036675,9.16780761166291,"10","Var(a) = 0.50"
"Random-intercept model (RI)",15,10,0.5,"CIRG",20,9.6269423967092,0.0649257412922044,9.49968794377648,9.75419684964192,"10","Var(a) = 0.50"
"Random-intercept model (RI)",15,10,0.5,"KM",20,9.62692126662167,0.0649183892573976,9.49968122367717,9.75416130956617,"10","Var(a) = 0.50"
"Random-intercept model (RI)",15,10,0.5,"BLM",20,9.62767733742392,0.0648099550641886,9.50064982549811,9.75470484934973,"10","Var(a) = 0.50"
"Random-intercept model (RI)",15,10,0.5,"CPF",20,9.6267600188754,0.064795839978453,9.49976017251763,9.75375986523317,"10","Var(a) = 0.50"
"Random-intercept model (RI)",15,10,0.5,"OBS",20,9.62669680232838,0.064818351489078,9.49965283340979,9.75374077124697,"10","Var(a) = 0.50"
"Random-intercept model (RI)",15,10,0.5,"LM",20,9.62688665456636,0.0649356851804659,9.49961271161265,9.75416059752008,"10","Var(a) = 0.50"
"Random-intercept model (RI)",15,20,0.5,"ORACLE",20,9.04670538669082,0.0521341322446126,8.94452248749138,9.14888828589026,"20","Var(a) = 0.50"
"Random-intercept model (RI)",15,20,0.5,"CIRG",20,9.73414047163731,0.0620241215261739,9.61257319344601,9.85570774982861,"20","Var(a) = 0.50"
"Random-intercept model (RI)",15,20,0.5,"KM",20,9.73414278425449,0.0620270925621536,9.61256968283267,9.85571588567631,"20","Var(a) = 0.50"
"Random-intercept model (RI)",15,20,0.5,"BLM",20,9.74625295975821,0.0627538983438849,9.62325531900419,9.86925060051222,"20","Var(a) = 0.50"
"Random-intercept model (RI)",15,20,0.5,"CPF",20,9.74100467496943,0.0625912249532086,9.61832587406114,9.86368347587772,"20","Var(a) = 0.50"
"Random-intercept model (RI)",15,20,0.5,"OBS",20,9.73571625947907,0.0620822471574184,9.61403505505053,9.85739746390761,"20","Var(a) = 0.50"
"Random-intercept model (RI)",15,20,0.5,"LM",20,9.73415784641379,0.0620280684069733,9.61258283233612,9.85573286049146,"20","Var(a) = 0.50"
"Random-intercept model (RI)",15,50,0.5,"ORACLE",20,9.08157138740543,0.0507216743225595,8.98215690573322,9.18098586907765,"50","Var(a) = 0.50"
"Random-intercept model (RI)",15,50,0.5,"CIRG",20,9.96898740967293,0.0527796685472404,9.86553925932034,10.0724355600255,"50","Var(a) = 0.50"
"Random-intercept model (RI)",15,50,0.5,"KM",20,9.96855222958834,0.0528075636725976,9.86504940479005,10.0720550543866,"50","Var(a) = 0.50"
"Random-intercept model (RI)",15,50,0.5,"BLM",20,10.0063899166302,0.0531686859212103,9.90217929222463,10.1106005410358,"50","Var(a) = 0.50"
"Random-intercept model (RI)",15,50,0.5,"CPF",20,9.99063123489308,0.0539060410729179,9.88497539439016,10.096287075396,"50","Var(a) = 0.50"
"Random-intercept model (RI)",15,50,0.5,"OBS",20,9.96920830008416,0.0527870387979789,9.86574570404012,10.0726708961282,"50","Var(a) = 0.50"
"Random-intercept model (RI)",15,50,0.5,"LM",20,9.96852984941761,0.0528104852293872,9.86502129836801,10.0720384004672,"50","Var(a) = 0.50"
"Random-intercept model (RI)",15,10,2.25,"ORACLE",20,9.06414408148755,0.0531277796334992,8.9600136334059,9.16827452956921,"10","Var(a) = 2.25"
"Random-intercept model (RI)",15,10,2.25,"CIRG",20,11.5763498504761,0.143088747698821,11.2958959049864,11.8568037959658,"10","Var(a) = 2.25"
"Random-intercept model (RI)",15,10,2.25,"KM",20,11.5763717382688,0.143082520090118,11.2959299988922,11.8568134776455,"10","Var(a) = 2.25"
"Random-intercept model (RI)",15,10,2.25,"BLM",20,11.5783100481624,0.143166997958865,11.297702732163,11.8589173641618,"10","Var(a) = 2.25"
"Random-intercept model (RI)",15,10,2.25,"CPF",20,11.5767801850564,0.143089947514606,11.2963238879278,11.8572364821851,"10","Var(a) = 2.25"
"Random-intercept model (RI)",15,10,2.25,"OBS",20,11.576362593932,0.143062721899432,11.2959596590091,11.8567655288549,"10","Var(a) = 2.25"
"Random-intercept model (RI)",15,10,2.25,"LM",20,11.5763486289582,0.143093926945304,11.2958845321454,11.856812725771,"10","Var(a) = 2.25"
"Random-intercept model (RI)",15,20,2.25,"ORACLE",20,9.04757758662798,0.0522655987842539,8.94513701301084,9.15001816024511,"20","Var(a) = 2.25"
"Random-intercept model (RI)",15,20,2.25,"CIRG",20,12.0562861445429,0.150707196272091,11.7609000398496,12.3516722492362,"20","Var(a) = 2.25"
"Random-intercept model (RI)",15,20,2.25,"KM",20,12.0564022323573,0.150705151448046,11.7610201355191,12.3517843291954,"20","Var(a) = 2.25"
"Random-intercept model (RI)",15,20,2.25,"BLM",20,12.0733219928603,0.15142027479402,11.776538254264,12.3701057314565,"20","Var(a) = 2.25"
"Random-intercept model (RI)",15,20,2.25,"CPF",20,12.0644617760826,0.15135060058297,11.76781459894,12.3611089532252,"20","Var(a) = 2.25"
"Random-intercept model (RI)",15,20,2.25,"OBS",20,12.0579937044334,0.15097765797767,11.7620774947971,12.3539099140696,"20","Var(a) = 2.25"
"Random-intercept model (RI)",15,20,2.25,"LM",20,12.0564213370476,0.150706679243198,11.7610362457309,12.3518064283642,"20","Var(a) = 2.25"
"Random-intercept model (RI)",15,50,2.25,"ORACLE",20,9.0886016535971,0.0507616065159155,8.9891089048259,9.18809440236829,"50","Var(a) = 2.25"
"Random-intercept model (RI)",15,50,2.25,"CIRG",20,13.217556134746,0.134246774553509,12.9544324566212,13.4806798128709,"50","Var(a) = 2.25"
"Random-intercept model (RI)",15,50,2.25,"KM",20,13.2171151596101,0.134258604254912,12.9539682952705,13.4802620239498,"50","Var(a) = 2.25"
"Random-intercept model (RI)",15,50,2.25,"BLM",20,13.2669105082427,0.135766900020863,13.0008073842018,13.5330136322835,"50","Var(a) = 2.25"
"Random-intercept model (RI)",15,50,2.25,"CPF",20,13.2395908906741,0.136934684836499,12.9711989083946,13.5079828729537,"50","Var(a) = 2.25"
"Random-intercept model (RI)",15,50,2.25,"OBS",20,13.2178801500134,0.13421195375644,12.9548247206508,13.480935579376,"50","Var(a) = 2.25"
"Random-intercept model (RI)",15,50,2.25,"LM",20,13.2170982251627,0.134261938262208,12.9539448261687,13.4802516241566,"50","Var(a) = 2.25"
"Random-slope model (RS)",15,10,0.5,"ORACLE",20,9.53189330886581,0.0567148368382589,9.42073222866282,9.64305438906879,"10","Var(a) = 0.50"
"Random-slope model (RS)",15,10,0.5,"CIRG",20,16.8691341579198,0.439856361680265,16.0070156890265,17.7312526268131,"10","Var(a) = 0.50"
"Random-slope model (RS)",15,10,0.5,"KM",20,16.892239272482,0.443502698316927,16.0229739837808,17.7615045611832,"10","Var(a) = 0.50"
"Random-slope model (RS)",15,10,0.5,"BLM",20,16.9591809340465,0.443649693117866,16.0896275355355,17.8287343325576,"10","Var(a) = 0.50"
"Random-slope model (RS)",15,10,0.5,"CPF",20,16.9638215420463,0.444065509865965,16.093453142709,17.8341899413836,"10","Var(a) = 0.50"
"Random-slope model (RS)",15,10,0.5,"OBS",20,16.9647715049273,0.444690517541754,16.0931780905455,17.8363649193092,"10","Var(a) = 0.50"
"Random-slope model (RS)",15,10,0.5,"LM",20,16.9591809340465,0.443649693117866,16.0896275355355,17.8287343325576,"10","Var(a) = 0.50"
"Random-slope model (RS)",15,20,0.5,"ORACLE",20,9.89946063017366,0.0501254141215421,9.80121481849544,9.99770644185188,"20","Var(a) = 0.50"
"Random-slope model (RS)",15,20,0.5,"CIRG",20,18.5112327943927,0.424909677954885,17.6784098256011,19.3440557631843,"20","Var(a) = 0.50"
"Random-slope model (RS)",15,20,0.5,"KM",20,18.530533403803,0.423303606640454,17.7008583347877,19.3602084728183,"20","Var(a) = 0.50"
"Random-slope model (RS)",15,20,0.5,"BLM",20,18.6584334159652,0.422526839517466,17.830280810511,19.4865860214194,"20","Var(a) = 0.50"
"Random-slope model (RS)",15,20,0.5,"CPF",20,18.669819581646,0.423196421837037,17.8403545948454,19.4992845684466,"20","Var(a) = 0.50"
"Random-slope model (RS)",15,20,0.5,"OBS",20,18.6640947870051,0.422899581121228,17.8352116080075,19.4929779660027,"20","Var(a) = 0.50"
"Random-slope model (RS)",15,20,0.5,"LM",20,18.6584334159652,0.422526839517466,17.830280810511,19.4865860214194,"20","Var(a) = 0.50"
"Random-slope model (RS)",15,50,0.5,"ORACLE",20,10.6162899579945,0.0754193178030876,10.4684680951004,10.7641118208885,"50","Var(a) = 0.50"
"Random-slope model (RS)",15,50,0.5,"CIRG",20,22.5623004006809,0.451435590102394,21.6774866440802,23.4471141572816,"50","Var(a) = 0.50"
"Random-slope model (RS)",15,50,0.5,"KM",20,22.6762184203899,0.443234286314644,21.8074792192132,23.5449576215666,"50","Var(a) = 0.50"
"Random-slope model (RS)",15,50,0.5,"BLM",20,22.8247646935303,0.446657313972597,21.949316358144,23.7002130289165,"50","Var(a) = 0.50"
"Random-slope model (RS)",15,50,0.5,"CPF",20,22.8616848731945,0.448292747411946,21.9830310882671,23.7403386581219,"50","Var(a) = 0.50"
"Random-slope model (RS)",15,50,0.5,"OBS",20,22.8398068637358,0.447055477067779,21.9635781286829,23.7160355987886,"50","Var(a) = 0.50"
"Random-slope model (RS)",15,50,0.5,"LM",20,22.8247646935303,0.446657313972597,21.949316358144,23.7002130289166,"50","Var(a) = 0.50"
"Random-slope model (RS)",15,10,2.25,"ORACLE",20,9.53298091069868,0.0568346792159353,9.42158493943545,9.64437688196191,"10","Var(a) = 2.25"
"Random-slope model (RS)",15,10,2.25,"CIRG",20,19.9923610744421,0.6007790093869,18.8148342160438,21.1698879328404,"10","Var(a) = 2.25"
"Random-slope model (RS)",15,10,2.25,"KM",20,20.0200168376324,0.603892368254834,18.836387795853,21.2036458794119,"10","Var(a) = 2.25"
"Random-slope model (RS)",15,10,2.25,"BLM",20,20.0978723888978,0.604109656760427,18.9138174616474,21.2819273161482,"10","Var(a) = 2.25"
"Random-slope model (RS)",15,10,2.25,"CPF",20,20.10350514479,0.605072297215652,18.9175634422473,21.2894468473327,"10","Var(a) = 2.25"
"Random-slope model (RS)",15,10,2.25,"OBS",20,20.1057935784115,0.605495251762906,18.9190228849562,21.2925642718667,"10","Var(a) = 2.25"
"Random-slope model (RS)",15,10,2.25,"LM",20,20.0978723888978,0.604109656760427,18.9138174616474,21.2819273161482,"10","Var(a) = 2.25"
"Random-slope model (RS)",15,20,2.25,"ORACLE",20,9.90356895292752,0.0504586501871395,9.80466999856073,10.0024679072943,"20","Var(a) = 2.25"
"Random-slope model (RS)",15,20,2.25,"CIRG",20,22.2521884354549,0.572406369077113,21.1302719520637,23.374104918846,"20","Var(a) = 2.25"
"Random-slope model (RS)",15,20,2.25,"KM",20,22.277431560569,0.570166554158289,21.1599051144188,23.3949580067193,"20","Var(a) = 2.25"
"Random-slope model (RS)",15,20,2.25,"BLM",20,22.4287233841749,0.56828003426607,21.3148945170134,23.5425522513364,"20","Var(a) = 2.25"
"Random-slope model (RS)",15,20,2.25,"CPF",20,22.4415381562255,0.569828250398336,21.3246747854447,23.5584015270062,"20","Var(a) = 2.25"
"Random-slope model (RS)",15,20,2.25,"OBS",20,22.4370639082012,0.568602446196331,21.3226031136564,23.551524702746,"20","Var(a) = 2.25"
"Random-slope model (RS)",15,20,2.25,"LM",20,22.4287233841749,0.56828003426607,21.3148945170134,23.5425522513364,"20","Var(a) = 2.25"
"Random-slope model (RS)",15,50,2.25,"ORACLE",20,10.6289008608748,0.075091022336329,10.4817224570956,10.776079264654,"50","Var(a) = 2.25"
"Random-slope model (RS)",15,50,2.25,"CIRG",20,27.9936411957987,0.625181007980605,26.7682864201567,29.2189959714407,"50","Var(a) = 2.25"
"Random-slope model (RS)",15,50,2.25,"KM",20,28.121994437339,0.618381753368447,26.9099662007368,29.3340226739411,"50","Var(a) = 2.25"
"Random-slope model (RS)",15,50,2.25,"BLM",20,28.2919835249635,0.61925644424625,27.0782408942408,29.5057261556861,"50","Var(a) = 2.25"
"Random-slope model (RS)",15,50,2.25,"CPF",20,28.3290681438293,0.623154972379734,27.1076843979651,29.5504518896936,"50","Var(a) = 2.25"
"Random-slope model (RS)",15,50,2.25,"OBS",20,28.3111445964644,0.619723878845612,27.096485793927,29.5258033990018,"50","Var(a) = 2.25"
"Random-slope model (RS)",15,50,2.25,"LM",20,28.2919835249635,0.61925644424625,27.0782408942408,29.5057261556861,"50","Var(a) = 2.25"
"Random-intercept model (RI)",16,10,0.5,"ORACLE",20,9.08043432521277,0.0521964282994,8.97812932574594,9.18273932467959,"10","Var(a) = 0.50"
"Random-intercept model (RI)",16,10,0.5,"CIRG",20,9.54870629702985,0.055764535607033,9.43940780724007,9.65800478681964,"10","Var(a) = 0.50"
"Random-intercept model (RI)",16,10,0.5,"KM",20,9.5498875951761,0.0558168804030376,9.44048650958615,9.65928868076606,"10","Var(a) = 0.50"
"Random-intercept model (RI)",16,10,0.5,"BLM",20,9.55077795385102,0.055736832078635,9.44153376297689,9.66002214472514,"10","Var(a) = 0.50"
"Random-intercept model (RI)",16,10,0.5,"CPF",20,9.54972014072595,0.0557293465836014,9.44049062142209,9.65894966002981,"10","Var(a) = 0.50"
"Random-intercept model (RI)",16,10,0.5,"OBS",20,9.54967664272665,0.0556912614385615,9.44052177030707,9.65883151514623,"10","Var(a) = 0.50"
"Random-intercept model (RI)",16,10,0.5,"LM",20,9.54981172803082,0.0557612039908038,9.44051976820884,9.65910368785279,"10","Var(a) = 0.50"
"Random-intercept model (RI)",16,20,0.5,"ORACLE",20,9.10597616660251,0.0545761282852838,8.99900695516335,9.21294537804167,"20","Var(a) = 0.50"
"Random-intercept model (RI)",16,20,0.5,"CIRG",20,9.62610891589299,0.0542448269406506,9.51978905508932,9.73242877669667,"20","Var(a) = 0.50"
"Random-intercept model (RI)",16,20,0.5,"KM",20,9.62573079914244,0.0543526297648373,9.51919964480336,9.73226195348152,"20","Var(a) = 0.50"
"Random-intercept model (RI)",16,20,0.5,"BLM",20,9.63878847623362,0.0536751061146502,9.5335852682489,9.74399168421833,"20","Var(a) = 0.50"
"Random-intercept model (RI)",16,20,0.5,"CPF",20,9.6326114242597,0.0534674358308343,9.52781525003127,9.73740759848814,"20","Var(a) = 0.50"
"Random-intercept model (RI)",16,20,0.5,"OBS",20,9.62971699529368,0.0538583973707889,9.52415453644693,9.73527945414042,"20","Var(a) = 0.50"
"Random-intercept model (RI)",16,20,0.5,"LM",20,9.62870130961038,0.0541439150455234,9.52257923612115,9.73482338309961,"20","Var(a) = 0.50"
"Random-intercept model (RI)",16,50,0.5,"ORACLE",20,9.22354273786736,0.0538632073241131,9.1179708515121,9.32911462422263,"50","Var(a) = 0.50"
"Random-intercept model (RI)",16,50,0.5,"CIRG",20,9.62842739584305,0.0483231760030402,9.53371397087709,9.72314082080901,"50","Var(a) = 0.50"
"Random-intercept model (RI)",16,50,0.5,"KM",20,9.6303488235979,0.0482723406627383,9.53573503589894,9.72496261129687,"50","Var(a) = 0.50"
"Random-intercept model (RI)",16,50,0.5,"BLM",20,9.66761081722128,0.0481487585355987,9.57323925049151,9.76198238395106,"50","Var(a) = 0.50"
"Random-intercept model (RI)",16,50,0.5,"CPF",20,9.64825626569863,0.048488075564496,9.55321963759222,9.74329289380504,"50","Var(a) = 0.50"
"Random-intercept model (RI)",16,50,0.5,"OBS",20,9.63277175724611,0.048427469864977,9.53785391631075,9.72768959818146,"50","Var(a) = 0.50"
"Random-intercept model (RI)",16,50,0.5,"LM",20,9.63196203643767,0.0484961981973718,9.53690948797082,9.72701458490452,"50","Var(a) = 0.50"
"Random-intercept model (RI)",16,10,2.25,"ORACLE",20,9.07956309025625,0.0517906145899179,8.97805348566001,9.18107269485249,"10","Var(a) = 2.25"
"Random-intercept model (RI)",16,10,2.25,"CIRG",20,11.2487507397498,0.0698927438800188,11.111760961745,11.3857405177547,"10","Var(a) = 2.25"
"Random-intercept model (RI)",16,10,2.25,"KM",20,11.2710020450511,0.0686844337045958,11.1363805549901,11.4056235351121,"10","Var(a) = 2.25"
"Random-intercept model (RI)",16,10,2.25,"BLM",20,11.2733886149283,0.0688575147411968,11.1384278860356,11.4083493438211,"10","Var(a) = 2.25"
"Random-intercept model (RI)",16,10,2.25,"CPF",20,11.2729952459186,0.0688691695025357,11.1380116736937,11.4079788181436,"10","Var(a) = 2.25"
"Random-intercept model (RI)",16,10,2.25,"OBS",20,11.2727135520875,0.0688042971680593,11.1378571296381,11.4075699745369,"10","Var(a) = 2.25"
"Random-intercept model (RI)",16,10,2.25,"LM",20,11.272797819062,0.0688225789256885,11.1379055643676,11.4076900737563,"10","Var(a) = 2.25"
"Random-intercept model (RI)",16,20,2.25,"ORACLE",20,9.1029654155117,0.0539540246326093,8.99721552723179,9.20871530379162,"20","Var(a) = 2.25"
"Random-intercept model (RI)",16,20,2.25,"CIRG",20,11.5449826054495,0.0660616039374556,11.4155018617321,11.6744633491669,"20","Var(a) = 2.25"
"Random-intercept model (RI)",16,20,2.25,"KM",20,11.5688254418035,0.0684577090624423,11.4346483320412,11.7030025515659,"20","Var(a) = 2.25"
"Random-intercept model (RI)",16,20,2.25,"BLM",20,11.5949003565259,0.0661753965139847,11.4651965793585,11.7246041336933,"20","Var(a) = 2.25"
"Random-intercept model (RI)",16,20,2.25,"CPF",20,11.589299416826,0.0662078523659484,11.4595320261888,11.7190668074633,"20","Var(a) = 2.25"
"Random-intercept model (RI)",16,20,2.25,"OBS",20,11.5847141995366,0.0666654598675318,11.4540498981963,11.715378500877,"20","Var(a) = 2.25"
"Random-intercept model (RI)",16,20,2.25,"LM",20,11.5833118540689,0.0669228567991399,11.4521430547426,11.7144806533952,"20","Var(a) = 2.25"
"Random-intercept model (RI)",16,50,2.25,"ORACLE",20,9.23346055644456,0.0560420477686141,9.12361814281808,9.34330297007104,"50","Var(a) = 2.25"
"Random-intercept model (RI)",16,50,2.25,"CIRG",20,11.5632807548459,0.0621478722310016,11.4414709252731,11.6850905844187,"50","Var(a) = 2.25"
"Random-intercept model (RI)",16,50,2.25,"KM",20,11.5904095741241,0.0612700966961503,11.4703201845997,11.7104989636486,"50","Var(a) = 2.25"
"Random-intercept model (RI)",16,50,2.25,"BLM",20,11.6325064567838,0.0618409362572473,11.5112982217196,11.753714691848,"50","Var(a) = 2.25"
"Random-intercept model (RI)",16,50,2.25,"CPF",20,11.6090284324716,0.0620078807389459,11.4874929862232,11.7305638787199,"50","Var(a) = 2.25"
"Random-intercept model (RI)",16,50,2.25,"OBS",20,11.5957242912501,0.0616726684606598,11.4748458610672,11.716602721433,"50","Var(a) = 2.25"
"Random-intercept model (RI)",16,50,2.25,"LM",20,11.5951790299933,0.06164267663058,11.4743593837973,11.7159986761892,"50","Var(a) = 2.25"
"Random-slope model (RS)",16,10,0.5,"ORACLE",20,10.2996445462305,0.0733458418137993,10.1558866962755,10.4434023961855,"10","Var(a) = 0.50"
"Random-slope model (RS)",16,10,0.5,"CIRG",20,15.2058224502578,0.123108119092207,14.9645305368371,15.4471143636785,"10","Var(a) = 0.50"
"Random-slope model (RS)",16,10,0.5,"KM",20,15.1438405172089,0.125394222678177,14.8980678407597,15.3896131936582,"10","Var(a) = 0.50"
"Random-slope model (RS)",16,10,0.5,"BLM",20,19.9031014745076,0.163152448723263,19.58332267501,20.2228802740052,"10","Var(a) = 0.50"
"Random-slope model (RS)",16,10,0.5,"CPF",20,19.90675357775,0.163369423159647,19.5865495083571,20.226957647143,"10","Var(a) = 0.50"
"Random-slope model (RS)",16,10,0.5,"OBS",20,19.9054171156519,0.163478891491185,19.5849984883292,20.2258357429746,"10","Var(a) = 0.50"
"Random-slope model (RS)",16,10,0.5,"LM",20,19.9031014745076,0.163152448723263,19.58332267501,20.2228802740052,"10","Var(a) = 0.50"
"Random-slope model (RS)",16,20,0.5,"ORACLE",20,11.2835460288811,0.072796327800389,11.1408652263923,11.4262268313698,"20","Var(a) = 0.50"
"Random-slope model (RS)",16,20,0.5,"CIRG",20,15.7698357238159,0.102595182607286,15.5687491659056,15.9709222817262,"20","Var(a) = 0.50"
"Random-slope model (RS)",16,20,0.5,"KM",20,15.7814980130407,0.125832668121443,15.5348659835227,16.0281300425587,"20","Var(a) = 0.50"
"Random-slope model (RS)",16,20,0.5,"BLM",20,21.0910677133233,0.199665008985105,20.6997242957125,21.4824111309341,"20","Var(a) = 0.50"
"Random-slope model (RS)",16,20,0.5,"CPF",20,21.0976211304319,0.199490349441879,20.7066200455258,21.488622215338,"20","Var(a) = 0.50"
"Random-slope model (RS)",16,20,0.5,"OBS",20,21.0967189930096,0.199611935241788,20.7054795999357,21.4879583860835,"20","Var(a) = 0.50"
"Random-slope model (RS)",16,20,0.5,"LM",20,21.0910677133233,0.199665008985106,20.6997242957125,21.4824111309341,"20","Var(a) = 0.50"
"Random-slope model (RS)",16,50,0.5,"ORACLE",20,13.4948631789437,0.0849943037552662,13.3282743435834,13.661452014304,"50","Var(a) = 0.50"
"Random-slope model (RS)",16,50,0.5,"CIRG",20,15.8927416178584,0.136925780848131,15.624367087396,16.1611161483207,"50","Var(a) = 0.50"
"Random-slope model (RS)",16,50,0.5,"KM",20,15.8533487553384,0.132288375714908,15.5940635389372,16.1126339717396,"50","Var(a) = 0.50"
"Random-slope model (RS)",16,50,0.5,"BLM",20,20.9720271810413,0.172888313523862,20.6331660865345,21.310888275548,"50","Var(a) = 0.50"
"Random-slope model (RS)",16,50,0.5,"CPF",20,20.9844906777058,0.174128348391237,20.6431991148589,21.3257822405526,"50","Var(a) = 0.50"
"Random-slope model (RS)",16,50,0.5,"OBS",20,20.9768266733452,0.171991166009951,20.6397239879657,21.3139293587247,"50","Var(a) = 0.50"
"Random-slope model (RS)",16,50,0.5,"LM",20,20.9720271810413,0.172888313523862,20.6331660865345,21.310888275548,"50","Var(a) = 0.50"
"Random-slope model (RS)",16,10,2.25,"ORACLE",20,10.3204034022733,0.0740012677614886,10.1753609174608,10.4654458870858,"10","Var(a) = 2.25"
"Random-slope model (RS)",16,10,2.25,"CIRG",20,17.1857453963208,0.138708329576992,16.9138770703499,17.4576137222918,"10","Var(a) = 2.25"
"Random-slope model (RS)",16,10,2.25,"KM",20,16.9670585599923,0.142469742089547,16.6878178654968,17.2462992544878,"10","Var(a) = 2.25"
"Random-slope model (RS)",16,10,2.25,"BLM",20,22.7637842886861,0.187324749391055,22.3966277798797,23.1309407974926,"10","Var(a) = 2.25"
"Random-slope model (RS)",16,10,2.25,"CPF",20,22.7680000609804,0.187204747059071,22.4010787567446,23.1349213652162,"10","Var(a) = 2.25"
"Random-slope model (RS)",16,10,2.25,"OBS",20,22.7670329634575,0.187598525692466,22.3993398531002,23.1347260738147,"10","Var(a) = 2.25"
"Random-slope model (RS)",16,10,2.25,"LM",20,22.7637842886861,0.187324749391055,22.3966277798797,23.1309407974926,"10","Var(a) = 2.25"
"Random-slope model (RS)",16,20,2.25,"ORACLE",20,11.3300740182349,0.0729626880516824,11.1870671496536,11.4730808868162,"20","Var(a) = 2.25"
"Random-slope model (RS)",16,20,2.25,"CIRG",20,17.9972508143221,0.147002785424349,17.7091253548904,18.2853762737538,"20","Var(a) = 2.25"
"Random-slope model (RS)",16,20,2.25,"KM",20,17.8000917154193,0.164851687306989,17.4769824082977,18.123201022541,"20","Var(a) = 2.25"
"Random-slope model (RS)",16,20,2.25,"BLM",20,24.3006990614739,0.242062301592558,23.8262569503525,24.7751411725953,"20","Var(a) = 2.25"
"Random-slope model (RS)",16,20,2.25,"CPF",20,24.30834522898,0.241522462807433,23.8349612018774,24.7817292560825,"20","Var(a) = 2.25"
"Random-slope model (RS)",16,20,2.25,"OBS",20,24.306956038085,0.242004702398594,23.8326268213838,24.7812852547863,"20","Var(a) = 2.25"
"Random-slope model (RS)",16,20,2.25,"LM",20,24.3006990614739,0.242062301592558,23.8262569503525,24.7751411725953,"20","Var(a) = 2.25"
"Random-slope model (RS)",16,50,2.25,"ORACLE",20,13.5986465136331,0.0887741653781035,13.424649149492,13.7726438777742,"50","Var(a) = 2.25"
"Random-slope model (RS)",16,50,2.25,"CIRG",20,18.1324105003671,0.16234489925793,17.8142144978216,18.4506065029126,"50","Var(a) = 2.25"
"Random-slope model (RS)",16,50,2.25,"KM",20,17.9201948110676,0.156586981697783,17.6132843269399,18.2271052951952,"50","Var(a) = 2.25"
"Random-slope model (RS)",16,50,2.25,"BLM",20,24.178556163575,0.205530862753175,23.7757156725788,24.5813966545712,"50","Var(a) = 2.25"
"Random-slope model (RS)",16,50,2.25,"CPF",20,24.1918341557095,0.207994020375941,23.7841658757726,24.5995024356463,"50","Var(a) = 2.25"
"Random-slope model (RS)",16,50,2.25,"OBS",20,24.1829755322726,0.204939735424989,23.7812936508396,24.5846574137056,"50","Var(a) = 2.25"
"Random-slope model (RS)",16,50,2.25,"LM",20,24.178556163575,0.205530862753175,23.7757156725788,24.5813966545712,"50","Var(a) = 2.25"
